seq_id,Ala,Arg,Asn,Asp,Cys,Gln,Glu,Gly,His,Ile,Leu,Lys,Met,Phe,Pro,Ser,Thr,Trp,Tyr,Val
"lcl|EQ966233.1_cds_EED85936.1_1 [locus_tag=POSPLDRAFT_91257] [protein=predicted protein] [protein_id=EED85936.1] [location=join(5935..6007,6095..6372,6430..6592,6626..7251)] [gbkey=CDS]",0.10052910052910052,0.10846560846560846,0.015873015873015872,0.05555555555555555,0.015873015873015872,0.042328042328042326,0.03439153439153439,0.06084656084656084,0.015873015873015872,0.03968253968253968,0.08465608465608465,0.05026455026455026,0.018518518518518517,0.021164021164021163,0.08465608465608465,0.1164021164021164,0.06084656084656084,0.010582010582010581,0.015873015873015872,0.047619047619047616
"lcl|EQ966233.1_cds_EED85937.1_2 [locus_tag=POSPLDRAFT_91261] [protein=predicted protein] [protein_id=EED85937.1] [location=join(17609..17632,17691..19199,19743..19898,20101..20322,20487..20603,20849..21014,21107..21130,21299..21378,21615..21890)] [gbkey=CDS]",0.09345794392523364,0.07126168224299065,0.03271028037383177,0.0514018691588785,0.016355140186915886,0.029205607476635514,0.056074766355140186,0.052570093457943924,0.03387850467289719,0.04906542056074766,0.12383177570093458,0.035046728971962614,0.03387850467289719,0.02570093457943925,0.05841121495327103,0.07476635514018691,0.05023364485981308,0.016355140186915886,0.028037383177570093,0.06775700934579439
"lcl|EQ966233.1_cds_EED86015.1_3 [locus_tag=POSPLDRAFT_91262] [protein=predicted protein] [protein_id=EED86015.1] [location=complement(join(22030..22073,22132..22243,22288..22332,22552..22898,22939..22957,23018..23338))] [gbkey=CDS]",0.06462585034013606,0.05102040816326531,0.02040816326530612,0.047619047619047616,0.013605442176870748,0.03741496598639456,0.09523809523809523,0.06462585034013606,0.03741496598639456,0.04081632653061224,0.08843537414965986,0.04421768707482993,0.017006802721088437,0.023809523809523808,0.09523809523809523,0.0782312925170068,0.05782312925170068,0.013605442176870748,0.03741496598639456,0.07142857142857142
"lcl|EQ966233.1_cds_EED86016.1_4 [locus_tag=POSPLDRAFT_91263] [protein=predicted protein] [protein_id=EED86016.1] [location=complement(join(24741..25553,25611..26564))] [gbkey=CDS]",0.11584327086882454,0.07495741056218058,0.03236797274275979,0.054514480408858604,0.010221465076660987,0.02555366269165247,0.06132879045996593,0.054514480408858604,0.03236797274275979,0.06132879045996593,0.08858603066439523,0.03577512776831346,0.013628620102214651,0.03747870528109029,0.0817717206132879,0.06814310051107325,0.04599659284497445,0.020442930153321975,0.022146507666098807,0.06303236797274275
"lcl|EQ966233.1_cds_EED86017.1_5 [locus_tag=POSPLDRAFT_91265] [protein=predicted protein] [protein_id=EED86017.1] [location=complement(join(30038..30377,30659..30765,30823..31776))] [gbkey=CDS]",0.11182795698924732,0.1053763440860215,0.030107526881720432,0.04516129032258064,0.008602150537634409,0.03225806451612903,0.07526881720430108,0.07096774193548387,0.02795698924731183,0.043010752688172046,0.08172043010752689,0.021505376344086023,0.012903225806451613,0.03225806451612903,0.07741935483870968,0.07526881720430108,0.04516129032258064,0.030107526881720432,0.021505376344086023,0.05161290322580645
"lcl|EQ966233.1_cds_EED85938.1_6 [locus_tag=POSPLDRAFT_91266] [protein=predicted protein] [protein_id=EED85938.1] [location=join(32166..32224,32285..32538,33495..33931)] [gbkey=CDS]",0.11290322580645161,0.03225806451612903,0.016129032258064516,0.028225806451612902,0.016129032258064516,0.028225806451612902,0.056451612903225805,0.08064516129032258,0.008064516129032258,0.04435483870967742,0.07258064516129033,0.03225806451612903,0.020161290322580645,0.09274193548387097,0.036290322580645164,0.06451612903225806,0.07661290322580645,0.03225806451612903,0.05241935483870968,0.0967741935483871
"lcl|EQ966233.1_cds_EED86018.1_7 [locus_tag=POSPLDRAFT_91268] [protein=predicted protein] [protein_id=EED86018.1] [location=complement(join(39602..40064,40145..40350,40415..40624))] [gbkey=CDS]",0.08934707903780069,0.07903780068728522,0.013745704467353952,0.07560137457044673,0.030927835051546393,0.024054982817869417,0.06872852233676977,0.054982817869415807,0.030927835051546393,0.044673539518900345,0.10996563573883161,0.027491408934707903,0.013745704467353952,0.037800687285223365,0.058419243986254296,0.07560137457044673,0.037800687285223365,0.013745704467353952,0.03436426116838488,0.07903780068728522
"lcl|EQ966233.1_cds_EED86019.1_8 [locus_tag=POSPLDRAFT_91269] [protein=predicted protein] [protein_id=EED86019.1] [location=complement(join(42017..42097,42161..42482,42531..42736,42784..42917,42950..43001))] [gbkey=CDS]",0.07984790874524715,0.06844106463878327,0.0038022813688212928,0.053231939163498096,0.015209125475285171,0.026615969581749048,0.11406844106463879,0.03802281368821293,0.030418250950570342,0.060836501901140684,0.09885931558935361,0.04182509505703422,0.015209125475285171,0.04182509505703422,0.06463878326996197,0.08745247148288973,0.049429657794676805,0.019011406844106463,0.034220532319391636,0.057034220532319393
"lcl|EQ966233.1_cds_EED85939.1_9 [locus_tag=POSPLDRAFT_91270] [protein=predicted protein] [protein_id=EED85939.1] [location=join(43479..43560,43746..43802,44029..44843)] [gbkey=CDS]",0.09177215189873418,0.14240506329113925,0.012658227848101266,0.04430379746835443,0.028481012658227847,0.028481012658227847,0.056962025316455694,0.11392405063291139,0.028481012658227847,0.0189873417721519,0.06962025316455696,0.028481012658227847,0.015822784810126583,0.015822784810126583,0.05063291139240506,0.0759493670886076,0.07911392405063292,0.00949367088607595,0.028481012658227847,0.060126582278481014
"lcl|EQ966233.1_cds_EED86020.1_10 [locus_tag=POSPLDRAFT_87648] [db_xref=InterPro:IPR001248] [protein=predicted protein] [protein_id=EED86020.1] [location=complement(join(47695..47865,47921..48049,48112..48192,48252..48327,48385..48617,48712..48714,48849..49097,49176..49194,49249..49319,49372..49591,49647..49750,49809..49934))] [gbkey=CDS]",0.10975609756097561,0.046747967479674794,0.04878048780487805,0.036585365853658534,0.012195121951219513,0.018292682926829267,0.026422764227642278,0.04878048780487805,0.012195121951219513,0.06504065040650407,0.10365853658536585,0.022357723577235773,0.026422764227642278,0.06300813008130081,0.05894308943089431,0.0975609756097561,0.052845528455284556,0.044715447154471545,0.036585365853658534,0.06910569105691057
"lcl|EQ966233.1_cds_EED85940.1_11 [locus_tag=POSPLDRAFT_91272] [protein=predicted protein] [protein_id=EED85940.1] [location=join(58299..58530,58591..58929,58981..59154,60261..60310,60364..60623,60677..61211,61309..61411,61551..61804,61867..62325)] [gbkey=CDS]",0.11125,0.055,0.02125,0.0575,0.01125,0.02875,0.05625,0.055,0.03625,0.04625,0.095,0.04125,0.025,0.03,0.05625,0.08625,0.065,0.01875,0.0275,0.07625
"lcl|EQ966233.1_cds_EED85941.1_12 [locus_tag=POSPLDRAFT_91274] [protein=predicted protein] [protein_id=EED85941.1] [location=join(72283..72616,72709..73322)] [gbkey=CDS]",0.11464968152866242,0.08598726114649681,0.006369426751592357,0.022292993630573247,0.006369426751592357,0.03503184713375796,0.04777070063694268,0.07961783439490445,0.028662420382165606,0.05732484076433121,0.09872611464968153,0.01592356687898089,0.009554140127388535,0.03503184713375796,0.13694267515923567,0.10828025477707007,0.0732484076433121,0,0.009554140127388535,0.028662420382165606
"lcl|EQ966233.1_cds_EED85942.1_13 [locus_tag=POSPLDRAFT_91276] [db_xref=InterPro:IPR000637] [protein=predicted protein] [protein_id=EED85942.1] [location=join(75009..75061,75175..75211,75333..75368,75472..75894,75927..76913,76967..77423,77650..77765,77891..77910,77939..78014)] [gbkey=CDS]",0.0927694406548431,0.05593451568894952,0.040927694406548434,0.047748976807639835,0.020463847203274217,0.045020463847203276,0.0572987721691678,0.08185538881309687,0.019099590723055934,0.045020463847203276,0.06002728512960437,0.03956343792633015,0.01637107776261937,0.034106412005457026,0.12414733969986358,0.0723055934515689,0.0504774897680764,0.01227830832196453,0.021828103683492497,0.06275579809004093
"lcl|EQ966233.1_cds_EED85943.1_14 [locus_tag=POSPLDRAFT_91282] [protein=predicted protein] [protein_id=EED85943.1] [location=join(99868..100080,100146..100301,100351..100429,100482..100590,100649..100668,100720..100828,100893..101211)] [gbkey=CDS]",0.07507507507507508,0.04804804804804805,0.02702702702702703,0.03303303303303303,0.021021021021021023,0.03903903903903904,0.03003003003003003,0.06006006006006006,0.009009009009009009,0.08408408408408409,0.08708708708708708,0.024024024024024024,0.02702702702702703,0.057057057057057055,0.02702702702702703,0.1021021021021021,0.07207207207207207,0.036036036036036036,0.03903903903903904,0.1021021021021021
"lcl|EQ966233.1_cds_EED85944.1_15 [locus_tag=POSPLDRAFT_91286] [protein=predicted protein] [protein_id=EED85944.1] [location=join(111499..111595,111697..111994,112047..112341,112442..112624)] [gbkey=CDS]",0.10726643598615918,0.0726643598615917,0.04152249134948097,0.058823529411764705,0.01384083044982699,0.04152249134948097,0.04844290657439446,0.08996539792387544,0.02768166089965398,0.03460207612456748,0.04152249134948097,0.04152249134948097,0.02768166089965398,0.02768166089965398,0.06920415224913495,0.11764705882352941,0.04152249134948097,0.01730103806228374,0.02422145328719723,0.05536332179930796
"lcl|EQ966233.1_cds_EED86021.1_16 [locus_tag=POSPLDRAFT_91287] [protein=predicted protein] [protein_id=EED86021.1] [location=complement(join(112784..113193,113242..114133,114345..114407))] [gbkey=CDS]",0.0684326710816777,0.09713024282560706,0.019867549668874173,0.059602649006622516,0.026490066225165563,0.024282560706401765,0.039735099337748346,0.037527593818984545,0.04194260485651214,0.04856512141280353,0.13024282560706402,0.03090507726269316,0.013245033112582781,0.03090507726269316,0.046357615894039736,0.11037527593818984,0.06622516556291391,0.017660044150110375,0.013245033112582781,0.0772626931567329
"lcl|EQ966233.1_cds_EED85945.1_18 [locus_tag=POSPLDRAFT_91294] [protein=predicted protein] [protein_id=EED85945.1] [location=join(135724..135789,135843..136128,136208..136289,136486..137518,137548..137574)] [gbkey=CDS]",0.0967741935483871,0.07258064516129033,0.02620967741935484,0.07258064516129033,0.006048387096774193,0.05040322580645161,0.06048387096774194,0.05846774193548387,0.036290322580645164,0.038306451612903226,0.05040322580645161,0.028225806451612902,0.014112903225806451,0.028225806451612902,0.10483870967741936,0.10685483870967742,0.07056451612903226,0.014112903225806451,0.012096774193548387,0.05241935483870968
"lcl|EQ966233.1_cds_EED85946.1_19 [locus_tag=POSPLDRAFT_87655] [db_xref=InterPro:IPR007533] [protein=cytochrome oxidase assembly factor] [protein_id=EED85946.1] [location=join(139535..139552,139609..139926,139979..140145,140200..140320)] [gbkey=CDS]",0.10194174757281553,0.043689320388349516,0.03398058252427184,0.07281553398058252,0.019417475728155338,0.038834951456310676,0.06796116504854369,0.05825242718446602,0.009708737864077669,0.038834951456310676,0.06796116504854369,0.05825242718446602,0.019417475728155338,0.07281553398058252,0.06796116504854369,0.038834951456310676,0.05339805825242718,0.0048543689320388345,0.038834951456310676,0.09223300970873786
lcl|EQ966233.1_cds_EED86022.1_20 [locus_tag=POSPLDRAFT_91297] [protein=predicted protein] [protein_id=EED86022.1] [location=complement(144491..146098)] [gbkey=CDS],0.08426966292134831,0.0599250936329588,0.02247191011235955,0.06741573033707865,0.016853932584269662,0.02247191011235955,0.054307116104868915,0.052434456928838954,0.031835205992509365,0.04868913857677903,0.12921348314606743,0.031835205992509365,0.016853932584269662,0.031835205992509365,0.06741573033707865,0.08239700374531835,0.06367041198501873,0.031835205992509365,0.0149812734082397,0.06928838951310862
"lcl|EQ966233.1_cds_EED86023.1_21 [locus_tag=POSPLDRAFT_91298] [protein=predicted protein] [protein_id=EED86023.1] [location=complement(join(147193..148797,148876..148964,149218..149317))] [gbkey=CDS]",0.06040268456375839,0.06375838926174497,0.040268456375838924,0.0436241610738255,0.02348993288590604,0.040268456375838924,0.06543624161073826,0.05536912751677853,0.031879194630872486,0.05201342281879195,0.12248322147651007,0.030201342281879196,0.013422818791946308,0.03523489932885906,0.07550335570469799,0.08892617449664429,0.06208053691275168,0.020134228187919462,0.02348993288590604,0.05201342281879195
"lcl|EQ966233.1_cds_EED85947.1_22 [locus_tag=POSPLDRAFT_91303] [protein=predicted protein] [protein_id=EED85947.1] [location=join(170275..170298,170665..170759,170815..171083,171303..171436,171493..171664,171714..171949)] [gbkey=CDS]",0.06168831168831169,0.04220779220779221,0.05844155844155844,0.045454545454545456,0.01948051948051948,0.048701298701298704,0.07142857142857142,0.045454545454545456,0.01948051948051948,0.08116883116883117,0.07467532467532467,0.07142857142857142,0.03571428571428571,0.05844155844155844,0.02922077922077922,0.05519480519480519,0.05844155844155844,0.016233766233766232,0.03571428571428571,0.07142857142857142
"lcl|EQ966233.1_cds_EED85948.1_23 [locus_tag=POSPLDRAFT_91305] [protein=predicted protein] [protein_id=EED85948.1] [location=join(219637..219898,220100..220302)] [gbkey=CDS]",0.0784313725490196,0.06535947712418301,0.0196078431372549,0.05228758169934641,0.0457516339869281,0.026143790849673203,0.10457516339869281,0.12418300653594772,0.032679738562091505,0.0196078431372549,0.0915032679738562,0.026143790849673203,0.0196078431372549,0.026143790849673203,0.0457516339869281,0.0392156862745098,0.058823529411764705,0.026143790849673203,0.006535947712418301,0.0915032679738562
lcl|EQ966233.1_cds_EED86024.1_24 [locus_tag=POSPLDRAFT_91307] [protein=predicted protein] [protein_id=EED86024.1] [location=complement(227589..228212)] [gbkey=CDS],0.1262135922330097,0.04854368932038835,0.02912621359223301,0.038834951456310676,0.0048543689320388345,0.04854368932038835,0.043689320388349516,0.07766990291262135,0.02912621359223301,0.009708737864077669,0.04854368932038835,0.043689320388349516,0.024271844660194174,0.014563106796116505,0.11650485436893204,0.14563106796116504,0.06310679611650485,0.0048543689320388345,0.03398058252427184,0.04854368932038835
"lcl|EQ966233.1_cds_EED85949.1_25 [locus_tag=POSPLDRAFT_91308] [protein=predicted protein] [protein_id=EED85949.1] [location=join(229830..229854,230024..230207,230263..230292,230352..230482,230665..230792)] [gbkey=CDS]",0.07317073170731707,0.07926829268292683,0.024390243902439025,0.08536585365853659,0.018292682926829267,0.018292682926829267,0.1402439024390244,0.07317073170731707,0.03048780487804878,0.04878048780487805,0.08536585365853659,0.018292682926829267,0.012195121951219513,0.018292682926829267,0.024390243902439025,0.06097560975609756,0.07317073170731707,0.012195121951219513,0.03048780487804878,0.07317073170731707
"lcl|EQ966233.1_cds_EED86025.1_26 [locus_tag=POSPLDRAFT_91309] [protein=predicted protein] [protein_id=EED86025.1] [location=complement(join(232623..232652,232695..232850,233135..233362,233394..233546))] [gbkey=CDS]",0.0962566844919786,0.11764705882352941,0.026737967914438502,0.026737967914438502,0.03208556149732621,0.0213903743315508,0.06417112299465241,0.06417112299465241,0.016042780748663103,0.03208556149732621,0.11229946524064172,0.026737967914438502,0.0053475935828877,0.0213903743315508,0.053475935828877004,0.09090909090909091,0.06417112299465241,0.0213903743315508,0.0374331550802139,0.06951871657754011
"lcl|EQ966233.1_cds_EED86026.1_27 [locus_tag=POSPLDRAFT_91313] [db_xref=InterPro:IPR007361] [protein=predicted protein] [protein_id=EED86026.1] [location=complement(join(243586..243771,243830..244015,244067..244319,244382..244485))] [gbkey=CDS]",0.05394190871369295,0.058091286307053944,0.024896265560165973,0.06639004149377593,0.012448132780082987,0.04564315352697095,0.06639004149377593,0.04564315352697095,0.012448132780082987,0.04149377593360996,0.07468879668049792,0.06224066390041494,0.004149377593360996,0.04979253112033195,0.07883817427385892,0.06224066390041494,0.06224066390041494,0.024896265560165973,0.04979253112033195,0.1037344398340249
"lcl|EQ966233.1_cds_EED86027.1_28 [locus_tag=POSPLDRAFT_91315] [protein=predicted protein] [protein_id=EED86027.1] [location=complement(join(249405..249541,249568..249865,249908..250051,250101..250421,250503..250505,250693..250821))] [gbkey=CDS]",0.09064327485380116,0.0847953216374269,0.02631578947368421,0.07894736842105263,0.011695906432748537,0.043859649122807015,0.09941520467836257,0.043859649122807015,0.014619883040935672,0.03216374269005848,0.05847953216374269,0.1111111111111111,0.011695906432748537,0.02046783625730994,0.05847953216374269,0.1111111111111111,0.04678362573099415,0.005847953216374269,0.014619883040935672,0.03508771929824561
"lcl|EQ966233.1_cds_EED86028.1_29 [locus_tag=POSPLDRAFT_91318] [db_xref=InterPro:IPR000873] [protein=predicted protein] [protein_id=EED86028.1] [location=complement(join(264485..264952,265009..265262,265409..265481,265605..266133,266189..266448,266498..266555,266609..266759,266813..266831,266877..267050,267107..267325,267444..267475,268186..268220,268276..268358,268411..268473,268515..268646,268702..268862,268928..269269,269325..269415))] [gbkey=CDS]",0.10325047801147227,0.043021032504780114,0.045889101338432124,0.06022944550669216,0.006692160611854685,0.028680688336520075,0.05066921606118547,0.058317399617590825,0.029636711281070746,0.04684512428298279,0.09177820267686425,0.04397705544933078,0.018164435946462717,0.03824091778202677,0.06309751434034416,0.08317399617590822,0.0497131931166348,0.019120458891013385,0.029636711281070746,0.08986615678776291
"lcl|EQ966233.1_cds_EED86029.1_31 [locus_tag=POSPLDRAFT_91319] [protein=predicted protein] [protein_id=EED86029.1] [location=complement(join(271912..272965,273022..273404,273473..273589))] [gbkey=CDS]",0.08527131782945736,0.060077519379844964,0.02131782945736434,0.06976744186046512,0.015503875968992248,0.03294573643410853,0.10271317829457365,0.06395348837209303,0.031007751937984496,0.04263565891472868,0.08527131782945736,0.027131782945736434,0.013565891472868217,0.031007751937984496,0.060077519379844964,0.06782945736434108,0.0562015503875969,0.03682170542635659,0.01744186046511628,0.07945736434108527
"lcl|EQ966233.1_cds_EED86030.1_32 [locus_tag=POSPLDRAFT_91322] [protein=predicted protein] [protein_id=EED86030.1] [location=complement(join(281403..281599,281659..281780,281832..282352,282403..282603))] [gbkey=CDS]",0.1072463768115942,0.03768115942028986,0.028985507246376812,0.06666666666666667,0.008695652173913044,0.011594202898550725,0.06086956521739131,0.08405797101449275,0.02318840579710145,0.06376811594202898,0.06086956521739131,0.06956521739130435,0.005797101449275362,0.03188405797101449,0.05217391304347826,0.0782608695652174,0.04927536231884058,0.02608695652173913,0.034782608695652174,0.09855072463768116
"lcl|EQ966233.1_cds_EED86031.1_33 [locus_tag=POSPLDRAFT_117427] [db_xref=InterPro:IPR001790,InterPro:IPR001813] [protein=60S acidic ribosomal protein P0] [protein_id=EED86031.1] [location=complement(join(289677..289697,289754..289894,290065..290783,290837..290903))] [gbkey=CDS]",0.12738853503184713,0.041401273885350316,0.041401273885350316,0.041401273885350316,0,0.025477707006369428,0.0732484076433121,0.07643312101910828,0.012738853503184714,0.07006369426751592,0.07961783439490445,0.054140127388535034,0.025477707006369428,0.054140127388535034,0.050955414012738856,0.06369426751592357,0.050955414012738856,0,0.022292993630573247,0.08917197452229299
"lcl|EQ966233.1_cds_EED85951.1_34 [locus_tag=POSPLDRAFT_91326] [protein=predicted protein] [protein_id=EED85951.1] [location=join(291506..291576,291630..292393,292486..294857)] [gbkey=CDS]",0.09278350515463918,0.10028116213683223,0.026241799437675725,0.041237113402061855,0.011246485473289597,0.033739456419868794,0.03936269915651359,0.05060918462980318,0.03655107778819119,0.031865042174320526,0.12558575445173384,0.031865042174320526,0.01874414245548266,0.033739456419868794,0.05060918462980318,0.10309278350515463,0.05716963448922212,0.015932521087160263,0.023430178069353328,0.075913776944704775
"lcl|EQ966233.1_cds_EED85952.1_35 [locus_tag=POSPLDRAFT_91327] [db_xref=InterPro:IPR002893] [protein=predicted protein] [protein_id=EED85952.1] [location=join(295572..295627,295874..296309,296388..297019,297077..297323,297636..297723,297924..298221,298358..298408,298516..298567,298701..298844,299031..299053,299083..299329,299385..299678)] [gbkey=CDS]",0.08665105386416862,0.07142857142857142,0.02927400468384075,0.06088992974238876,0.03629976580796253,0.0351288056206089,0.0468384074941452,0.06206088992974239,0.02224824355971897,0.05035128805620609,0.10421545667447307,0.0468384074941452,0.02224824355971897,0.02927400468384075,0.06791569086651054,0.07377049180327869,0.04566744730679157,0.01288056206088993,0.0234192037470726,0.07259953161592506
"lcl|EQ966233.1_cds_EED85954.1_37 [locus_tag=POSPLDRAFT_91330] [protein=predicted protein] [protein_id=EED85954.1] [location=join(316512..317123,317176..317490,317541..318152,318205..318396,318446..318550,318602..319468)] [gbkey=CDS]",0.10344827586206896,0.067853170189099,0.012235817575083427,0.05672969966629588,0.018909899888765295,0.048943270300333706,0.11123470522803114,0.06451612903225806,0.014460511679644048,0.028921023359288096,0.11123470522803114,0.03114571746384872,0.01668520578420467,0.014460511679644048,0.01668520578420467,0.0878754171301446,0.06229143492769744,0.02224694104560623,0.011123470522803115,0.09899888765294772
"lcl|EQ966233.1_cds_EED85955.1_38 [locus_tag=POSPLDRAFT_91334] [protein=predicted protein] [protein_id=EED85955.1] [location=join(333226..333563,333619..333669,333793..333908,333958..334340)] [gbkey=CDS]",0.17687074829931973,0.034013605442176874,0.034013605442176874,0.05102040816326531,0.003401360544217687,0.07142857142857142,0.11564625850340136,0.06802721088435375,0.02040816326530612,0.061224489795918366,0.07482993197278912,0.023809523809523808,0.013605442176870748,0.034013605442176874,0.023809523809523808,0.05782312925170068,0.061224489795918366,0.003401360544217687,0.01020408163265306,0.061224489795918366
"lcl|EQ966233.1_cds_EED85956.1_39 [locus_tag=POSPLDRAFT_108707] [db_xref=InterPro:IPR001019] [protein=candidate G-protein alpha subunit] [protein_id=EED85956.1] [location=join(340333..340545,340676..340884,340933..341195,341277..341418,341467..341519,341566..341716,341769..341811,341861..341969,342024..342078,342128..342260,342320..342403)] [gbkey=CDS]",0.06625258799171843,0.08281573498964803,0.035196687370600416,0.07246376811594203,0.004140786749482402,0.045548654244306416,0.057971014492753624,0.043478260869565216,0.024844720496894408,0.053830227743271224,0.10766045548654245,0.055900621118012424,0.006211180124223602,0.035196687370600416,0.049689440993788817,0.09316770186335403,0.053830227743271224,0.012422360248447204,0.028985507246376812,0.07039337474120083
"lcl|EQ966233.1_cds_EED85957.1_41 [locus_tag=POSPLDRAFT_91338] [protein=predicted protein] [protein_id=EED85957.1] [location=join(354714..354818,354863..355004,355264..355445,355498..355605,355633..355651,356049..356113,356194..356233,356283..356500,356640..356869,357126..357190,357859..358190)] [gbkey=CDS]",0.068,0.084,0.04,0.05,0.02,0.052,0.094,0.056,0.014,0.04,0.084,0.062,0.016,0.036,0.05,0.08,0.06,0.014,0.024,0.056
"lcl|EQ966233.1_cds_EED85958.1_42 [locus_tag=POSPLDRAFT_91339] [protein=predicted protein] [protein_id=EED85958.1] [location=join(359988..360015,360068..360104,360278..360359,360414..360439,360496..360521,360824..360839,361155..361214,361265..361319,361347..361416,361469..361493,361578..361716,362311..362362,362503..362656,362738..362768,363378..363443,363595..363693,363850..364026,364107..364383,364438..364524,364775..364836)] [gbkey=CDS]",0.08637236084452975,0.05566218809980806,0.028790786948176585,0.053742802303262956,0.009596928982725527,0.053742802303262956,0.03838771593090211,0.04222648752399232,0.02495201535508637,0.04990403071017274,0.11900191938579655,0.0345489443378119,0.026871401151631478,0.05566218809980806,0.06333973128598848,0.08445297504798464,0.06525911708253358,0.019193857965451054,0.0345489443378119,0.053742802303262956
"lcl|EQ966233.1_cds_EED86033.1_43 [locus_tag=POSPLDRAFT_91340] [protein=predicted protein] [protein_id=EED86033.1] [location=complement(join(365110..365526,365577..365681,365738..366415,366467..366718,366775..367303,367353..367507))] [gbkey=CDS]",0.08591549295774648,0.054929577464788736,0.022535211267605635,0.06056338028169014,0.005633802816901409,0.0323943661971831,0.04225352112676056,0.04225352112676056,0.01267605633802817,0.03943661971830986,0.09295774647887324,0.0323943661971831,0.01971830985915493,0.030985915492957747,0.13098591549295774,0.10845070422535211,0.057746478873239436,0.008450704225352112,0.015492957746478873,0.10422535211267606
"lcl|EQ966233.1_cds_EED85959.1_44 [locus_tag=POSPLDRAFT_91341] [protein=predicted protein] [protein_id=EED85959.1] [location=join(372276..372304,372420..372496,372566..372621,372674..372745,373045..373146,373203..373291,373345..373810)] [gbkey=CDS]",0.11186440677966102,0.04745762711864407,0.02711864406779661,0.05423728813559322,0.023728813559322035,0.030508474576271188,0.04067796610169491,0.0711864406779661,0.01694915254237288,0.07796610169491526,0.1152542372881356,0.04067796610169491,0.020338983050847456,0.04745762711864407,0.030508474576271188,0.0711864406779661,0.05423728813559322,0.020338983050847456,0.04406779661016949,0.05423728813559322
"lcl|EQ966233.1_cds_EED85960.1_46 [locus_tag=POSPLDRAFT_91343] [db_xref=InterPro:IPR000626] [protein=predicted protein] [protein_id=EED85960.1] [location=join(380259..380285,380542..380624,380682..380779,380832..381167,381224..381514,381578..381612)] [gbkey=CDS]",0.05555555555555555,0.06597222222222222,0.024305555555555556,0.06944444444444445,0.010416666666666666,0.06944444444444445,0.059027777777777776,0.06597222222222222,0.017361111111111112,0.059027777777777776,0.12152777777777778,0.05555555555555555,0.024305555555555556,0.020833333333333332,0.05555555555555555,0.07291666666666667,0.06597222222222222,0,0.013888888888888888,0.07291666666666667
"lcl|EQ966233.1_cds_EED85962.1_49 [locus_tag=POSPLDRAFT_91346] [protein=predicted protein] [protein_id=EED85962.1] [location=join(392445..393167,393219..393530,393584..394183,394235..394426,394475..394579,394631..395332,395435..395610,395659..395791,395987..396062,396096..396163)] [gbkey=CDS]",0.12268743914313535,0.07205452775073028,0.017526777020447908,0.06037000973709834,0.01557935735150925,0.03894839337877313,0.1002921129503408,0.06523855890944498,0.01557935735150925,0.02531645569620253,0.10516066212268745,0.05744888023369036,0.016553067185978577,0.021421616358325218,0.023369036027263874,0.0866601752677702,0.03992210321324245,0.019474196689386564,0.017526777020447908,0.07887049659201557
lcl|EQ966233.1_cds_EED85963.1_50 [locus_tag=POSPLDRAFT_91350] [protein=predicted protein] [protein_id=EED85963.1] [location=421281..422150] [gbkey=CDS],0.1111111111111111,0.09375,0.020833333333333332,0.04513888888888889,0.020833333333333332,0.027777777777777776,0.03819444444444445,0.0625,0.027777777777777776,0.04513888888888889,0.06597222222222222,0.003472222222222222,0.010416666666666666,0.024305555555555556,0.09375,0.1111111111111111,0.08680555555555555,0.013888888888888888,0.017361111111111112,0.0798611111111111
"lcl|EQ966233.1_cds_EED85964.1_51 [locus_tag=POSPLDRAFT_91352] [protein=predicted protein] [protein_id=EED85964.1] [location=join(430826..431358,431528..431596,431696..431891,432205..432239,432540..432678,433238..433480,433684..433974,434023..434230,434284..434330,434724..434777,435289..435359,435422..435446,435542..435692,435861..435862,436867..437109,437161..437838,437895..437999,438050..438457)] [gbkey=CDS]",0.07308684436801376,0.07566638005159071,0.023215821152192607,0.05760963026655202,0.01117798796216681,0.03697334479793637,0.051590713671539126,0.04729148753224419,0.02235597592433362,0.04729148753224419,0.09114359415305245,0.034393809114359415,0.023215821152192607,0.03697334479793637,0.0997420464316423,0.10146173688736028,0.051590713671539126,0.013757523645743766,0.023215821152192607,0.07824591573516768
"lcl|EQ966233.1_cds_EED86036.1_52 [locus_tag=POSPLDRAFT_91353] [protein=predicted protein] [protein_id=EED86036.1] [location=complement(join(439151..439203,439266..439414,439480..439504,439554..439615,439752..439811,440009..440098,440129..440144,440357..440384,440451..440476,440687..440766,440863..440966,441027..441105,441155..441222))] [gbkey=CDS]",0.050359712230215826,0.050359712230215826,0.03597122302158273,0.04316546762589928,0.014388489208633094,0.04316546762589928,0.014388489208633094,0.07194244604316546,0.050359712230215826,0.05755395683453238,0.1223021582733813,0.03237410071942446,0.02158273381294964,0.05755395683453238,0.03597122302158273,0.07553956834532374,0.07553956834532374,0.025179856115107913,0.0539568345323741,0.0683453237410072
"lcl|EQ966233.1_cds_EED86037.1_53 [locus_tag=POSPLDRAFT_91355] [protein=predicted protein] [protein_id=EED86037.1] [location=complement(join(471106..471257,471612..471690,471721..471801,471882..471886,471936..471987,472039..472192,472249..472508))] [gbkey=CDS]",0.10424710424710425,0.07722007722007722,0.04633204633204633,0.03861003861003861,0.003861003861003861,0.03474903474903475,0.06563706563706563,0.05791505791505792,0.023166023166023165,0.04633204633204633,0.07722007722007722,0.019305019305019305,0.023166023166023165,0.015444015444015444,0.08494208494208494,0.0888030888030888,0.08108108108108109,0.015444015444015444,0.019305019305019305,0.07722007722007722
"lcl|EQ966233.1_cds_EED86038.1_54 [locus_tag=POSPLDRAFT_91358] [protein=predicted protein] [protein_id=EED86038.1] [location=complement(join(481415..481506,481567..481609,481694..481894,481921..482097,482161..482231,482281..482344,482404..482623,483055..483117,483175..483236,483402..483450,483592..483662))] [gbkey=CDS]",0.10840108401084012,0.07588075880758807,0.02710027100271003,0.04336043360433604,0.018970189701897018,0.04065040650406504,0.04336043360433604,0.06233062330623306,0.02981029810298103,0.04607046070460705,0.08943089430894309,0.02168021680216802,0.02168021680216802,0.05420054200542006,0.04878048780487805,0.07859078590785908,0.07317073170731707,0.02710027100271003,0.018970189701897018,0.07046070460704607
"lcl|EQ966233.1_cds_EED86039.1_55 [locus_tag=POSPLDRAFT_91359] [protein=predicted protein] [protein_id=EED86039.1] [location=complement(join(488412..488554,488671..488848,489404..489559,489623..489881,489944..489948,489999..490205,490266..490328,490833..490901,490929..491036,491094..491346,491396..491400,491470..491679,491723..491827))] [gbkey=CDS]",0.09230769230769231,0.08888888888888889,0.039316239316239315,0.037606837606837605,0.010256410256410256,0.04786324786324787,0.08376068376068375,0.0547008547008547,0.022222222222222223,0.04957264957264957,0.07692307692307693,0.06324786324786325,0.022222222222222223,0.03076923076923077,0.042735042735042736,0.08034188034188035,0.042735042735042736,0.015384615384615385,0.03076923076923077,0.06837606837606838
"lcl|EQ966233.1_cds_EED86040.1_56 [locus_tag=POSPLDRAFT_91360] [protein=predicted protein] [protein_id=EED86040.1] [location=complement(join(495120..495350,495376..495576,495625..495966))] [gbkey=CDS]",0.06640625,0.0546875,0.03515625,0.06640625,0.01171875,0.0390625,0.0703125,0.046875,0.046875,0.05859375,0.109375,0.01953125,0.00390625,0.01953125,0.09375,0.10546875,0.0703125,0.0078125,0.03515625,0.0390625
"lcl|EQ966233.1_cds_EED85965.1_57 [locus_tag=POSPLDRAFT_91361] [protein=predicted protein] [protein_id=EED85965.1] [location=join(496930..497084,497134..497638,497695..497946,497998..498669,498722..498826,498877..499302)] [gbkey=CDS]",0.08392603129445235,0.059743954480796585,0.02275960170697013,0.06116642958748222,0.007112375533428165,0.029871977240398292,0.041251778093883355,0.03982930298719772,0.012802275960170697,0.05263157894736842,0.09672830725462304,0.031294452347083924,0.01849217638691323,0.029871977240398292,0.12375533428165007,0.10526315789473684,0.06258890469416785,0.008534850640113799,0.01422475106685633,0.09815078236130868
"lcl|EQ966233.1_cds_EED86041.1_58 [locus_tag=POSPLDRAFT_91363] [protein=predicted protein] [protein_id=EED86041.1] [location=complement(join(503792..503809,503861..503987,504319..504378,504427..504527,504579..504621,505064..505089,505141..505170,505224..505242,505278..505326,505505..505548,505710..505780))] [gbkey=CDS]",0.07216494845360824,0.09278350515463918,0.07216494845360824,0.041237113402061855,0.020618556701030927,0.015463917525773196,0.07731958762886598,0.041237113402061855,0.02577319587628866,0.10824742268041238,0.10824742268041238,0.02577319587628866,0.020618556701030927,0.02577319587628866,0.03608247422680412,0.04639175257731959,0.07731958762886598,0.015463917525773196,0.030927835051546393,0.04639175257731959
"lcl|EQ966233.1_cds_EED86042.1_59 [locus_tag=POSPLDRAFT_91369] [protein=predicted protein] [protein_id=EED86042.1] [location=complement(join(533644..534081,534132..534236,534289..534969,535021..535272,535311..535836,535886..536097))] [gbkey=CDS]",0.08288043478260869,0.0625,0.021739130434782608,0.06114130434782609,0.005434782608695652,0.025815217391304348,0.04076086956521739,0.04483695652173913,0.017663043478260868,0.042119565217391304,0.08695652173913043,0.029891304347826088,0.020380434782608696,0.033967391304347824,0.12635869565217392,0.10869565217391304,0.059782608695652176,0.009510869565217392,0.014945652173913044,0.10461956521739131
"lcl|EQ966233.1_cds_EED85966.1_60 [locus_tag=POSPLDRAFT_91370] [protein=predicted protein] [protein_id=EED85966.1] [location=join(538348..538452,538508..538705,538776..538780,538830..539082,539140..539293,539706..539770,539851..539913,540028..540180,540231..540235,540298..540556,540620..540775,540966..541026,541529..541860)] [gbkey=CDS]",0.07321131447587355,0.08153078202995008,0.04159733777038269,0.04492512479201331,0.019966722129783693,0.04658901830282862,0.08652246256239601,0.064891846921797,0.019966722129783693,0.04658901830282862,0.08818635607321132,0.05324459234608985,0.016638935108153077,0.04658901830282862,0.04159733777038269,0.08319467554076539,0.04159733777038269,0.011647254575707155,0.02329450915141431,0.06821963394342762
"lcl|EQ966233.1_cds_EED85967.1_61 [locus_tag=POSPLDRAFT_91371] [protein=predicted protein] [protein_id=EED85967.1] [location=join(543168..543191,543490..543516,543558..543644,543922..544062,544117..544142,544199..544224,544275..544318,544587..544640,544777..544797,545047..545116,545169..545193,545253..545412)] [gbkey=CDS]",0.06437768240343347,0.05150214592274678,0.05150214592274678,0.034334763948497854,0.02145922746781116,0.055793991416309016,0.034334763948497854,0.055793991416309016,0.030042918454935622,0.055793991416309016,0.12017167381974249,0.034334763948497854,0.02575107296137339,0.05150214592274678,0.02145922746781116,0.07725321888412018,0.060085836909871244,0.02145922746781116,0.07296137339055794,0.060085836909871244
"lcl|EQ966233.1_cds_EED86043.1_62 [locus_tag=POSPLDRAFT_91374] [protein=predicted protein] [protein_id=EED86043.1] [location=complement(join(558055..558091,558222..558323,558408..558432,558483..558552,558602..558637,558679..558760,558793..558893,558944..558986,559042..559057,559115..559312,559361..559419,559449..559474,559539..559566,559678..559739,559790..559826,559882..559895,559962..560040,560098..560168))] [gbkey=CDS]",0.07222222222222222,0.04722222222222222,0.041666666666666664,0.03333333333333333,0.016666666666666666,0.027777777777777776,0.030555555555555555,0.07777777777777778,0.030555555555555555,0.08055555555555556,0.1388888888888889,0.025,0.011111111111111112,0.05555555555555555,0.025,0.06388888888888888,0.07222222222222222,0.022222222222222223,0.05,0.07777777777777778
"lcl|EQ966233.1_cds_EED86044.1_63 [locus_tag=POSPLDRAFT_91376] [protein=predicted protein] [protein_id=EED86044.1] [location=complement(join(591762..591858,591918..592069,592227..592298,592475..592493,592562..592575))] [gbkey=CDS]",0.06896551724137931,0.11206896551724138,0.0603448275862069,0.06896551724137931,0.02586206896551724,0.06896551724137931,0.0603448275862069,0.04310344827586207,0.034482758620689655,0.017241379310344827,0.13793103448275862,0.02586206896551724,0.008620689655172414,0.017241379310344827,0.05172413793103448,0.09482758620689655,0.02586206896551724,0.008620689655172414,0.02586206896551724,0.04310344827586207
"lcl|EQ966233.1_cds_EED85968.1_64 [locus_tag=POSPLDRAFT_91377] [protein=predicted protein] [protein_id=EED85968.1] [location=join(593877..593947,594003..594055,594111..594124,594200..594201,594257..594351,594410..594487,594538..594700,594755..594887)] [gbkey=CDS]",0.21890547263681592,0,0.03980099502487562,0.01990049751243781,0.014925373134328358,0.024875621890547265,0.009950248756218905,0.1044776119402985,0,0.04477611940298507,0.05970149253731343,0.009950248756218905,0.004975124378109453,0.024875621890547265,0.04975124378109453,0.21890547263681592,0.0945273631840796,0.009950248756218905,0.014925373134328358,0.03482587064676617
"lcl|EQ966233.1_cds_EED85969.1_65 [locus_tag=POSPLDRAFT_91378] [protein=predicted protein] [protein_id=EED85969.1] [location=join(600474..600576,600697..601110,601172..601680,601701..602084,602193..602615)] [gbkey=CDS]",0.125,0.05756578947368421,0.018092105263157895,0.05592105263157895,0.014802631578947368,0.04111842105263158,0.0625,0.06085526315789474,0.03125,0.03289473684210526,0.07072368421052631,0.02631578947368421,0.011513157894736841,0.03289473684210526,0.06578947368421052,0.09539473684210527,0.0625,0.011513157894736841,0.019736842105263157,0.10361842105263158
"lcl|EQ966233.1_cds_EED86045.1_66 [locus_tag=POSPLDRAFT_91379] [db_xref=InterPro:IPR004304] [protein=predicted protein] [protein_id=EED86045.1] [location=complement(join(602927..603004,603062..603115,603175..603224,603281..603295,603354..603363,603447..603506,603526..603529,603552..603582,603634..603664,603720..603752,603812..603889,603939..603965,604089..604167,604217..604233,604291..604619,604673..604709,604760..604794,604853..604963,605015..605047,605106..605167,605225..605244,605452..605496))] [gbkey=CDS]",0.09245742092457421,0.0340632603406326,0.0364963503649635,0.06569343065693431,0.021897810218978103,0.024330900243309004,0.04866180048661801,0.09975669099756691,0.031630170316301706,0.06569343065693431,0.07785888077858881,0.051094890510948905,0.012165450121654502,0.0413625304136253,0.0705596107055961,0.05596107055961071,0.046228710462287104,0.012165450121654502,0.029197080291970802,0.0827250608272506
"lcl|EQ966233.1_cds_EED86046.1_67 [locus_tag=POSPLDRAFT_91380] [protein=predicted protein] [protein_id=EED86046.1] [location=complement(join(606125..606241,606302..606700,606758..606790,606845..607255))] [gbkey=CDS]",0.09119496855345911,0.06918238993710692,0.02830188679245283,0.03459119496855346,0.025157232704402517,0.050314465408805034,0.08490566037735849,0.02830188679245283,0.015723270440251572,0.040880503144654086,0.14465408805031446,0.04716981132075472,0.015723270440251572,0.040880503144654086,0.04716981132075472,0.07861635220125786,0.07547169811320754,0.009433962264150943,0.0220125786163522,0.050314465408805034
"lcl|EQ966233.1_cds_EED85970.1_69 [locus_tag=POSPLDRAFT_91382] [db_xref=InterPro:IPR001357] [protein=predicted protein] [protein_id=EED85970.1] [location=join(608590..608622,608681..608869,609165..609272,609331..609426,609485..609600,609658..609800,609865..609930,609985..610717,610786..610940,610992..611072,611132..611440,611499..611953,612014..612307)] [gbkey=CDS]",0.08658008658008658,0.07683982683982683,0.025974025974025976,0.05735930735930736,0.01406926406926407,0.027056277056277056,0.08441558441558442,0.0670995670995671,0.015151515151515152,0.03463203463203463,0.0735930735930736,0.06493506493506493,0.0183982683982684,0.022727272727272728,0.09307359307359307,0.09523809523809523,0.05627705627705628,0.011904761904761904,0.00974025974025974,0.06493506493506493
"lcl|EQ966233.1_cds_EED86048.1_70 [locus_tag=POSPLDRAFT_91385] [protein=predicted protein] [protein_id=EED86048.1] [location=complement(join(618436..618731,618788..618997,619100..619140,619262..619906,619960..620060,620257..620318,620370..620526,620581..620894,620945..620976,621029..621273,621411..621771,621828..622308,622357..622494,622549..622728,622781..623102))] [gbkey=CDS]",0.08298407376362113,0.07879295892707461,0.03436714165968147,0.07376362112321877,0.016764459346186086,0.037720033528918694,0.07376362112321877,0.04610226320201174,0.027661357921207042,0.05280804694048617,0.08801341156747695,0.04694048616932104,0.025146689019279127,0.040234702430846606,0.038558256496227995,0.08046940486169321,0.056160938809723386,0.016764459346186086,0.02179379715004191,0.06119027661357921
"lcl|EQ966233.1_cds_EED86050.1_72 [locus_tag=POSPLDRAFT_91390] [protein=predicted protein] [protein_id=EED86050.1] [location=complement(join(635269..635378,635559..635657,635972..636107,636201..636250,636520..636691,636758..637123,637233..637565,637826..637917,638198..638460,638517..638548,638606..638657,638705..638720,638764..638844,638990..638991,639140..639144,639198..639295,639347..639399,639464..639465,639523..639677,639945..640018,640061..640095,640250..640254,640341..640504,640831..641195,641474..643363,643787..643915))] [gbkey=CDS]",0.08736643620364551,0.07793840351979887,0.02702702702702703,0.04776869893148963,0.010685103708359522,0.028284098051539912,0.04525455688246386,0.08233815210559396,0.02765556253928347,0.041483343808925204,0.08610936517913262,0.01948460087994972,0.016341923318667503,0.02262727844123193,0.08548082966687617,0.11753614079195475,0.07605279698302954,0.020741671904462602,0.016341923318667503,0.06348208673790069
"lcl|EQ966233.1_cds_EED85971.1_73 [locus_tag=POSPLDRAFT_91391] [protein=predicted protein] [protein_id=EED85971.1] [location=join(644657..645035,645090..645266,645315..645429,645487..645795,645852..646239,646377..646621,646674..646705,646756..647069,647124..647280,647332..647393,647452..647690,647744..648388,648438..648862,649013..649239)] [gbkey=CDS]",0.07686084142394822,0.07524271844660194,0.03155339805825243,0.07119741100323625,0.019417475728155338,0.040453074433656956,0.06957928802588997,0.04773462783171521,0.038834951456310676,0.04854368932038835,0.0825242718446602,0.054207119741100325,0.024271844660194174,0.04288025889967637,0.038834951456310676,0.0744336569579288,0.05339805825242718,0.015372168284789644,0.0186084142394822,0.07605177993527508
"lcl|EQ966233.1_cds_EED85972.1_74 [locus_tag=POSPLDRAFT_91392] [protein=predicted protein] [protein_id=EED85972.1] [location=join(650304..650496,650550..650680,651016..651933,652034..652919,653473..653494,653625..653987,654111..654214,654304..654632)] [gbkey=CDS]",0.08571428571428572,0.07551020408163266,0.036734693877551024,0.05612244897959184,0.013265306122448979,0.0663265306122449,0.07346938775510205,0.05408163265306123,0.022448979591836733,0.026530612244897958,0.06836734693877551,0.0336734693877551,0.0163265306122449,0.018367346938775512,0.09387755102040816,0.11734693877551021,0.06020408163265306,0.01020408163265306,0.019387755102040816,0.05204081632653061
"lcl|EQ966233.1_cds_EED86051.1_75 [locus_tag=POSPLDRAFT_91397] [protein=predicted protein] [protein_id=EED86051.1] [location=complement(join(679533..682175,682274..682525,682581..683059,683089..683411,683945..683963,684076..684279,684332..684497))] [gbkey=CDS]",0.11985294117647059,0.0713235294117647,0.020588235294117647,0.04632352941176471,0.004411764705882353,0.0375,0.05,0.07058823529411765,0.023529411764705882,0.03455882352941177,0.07941176470588235,0.03676470588235294,0.01764705882352941,0.01838235294117647,0.13308823529411765,0.08970588235294118,0.05073529411764706,0.006617647058823529,0.019852941176470587,0.06911764705882353
"lcl|EQ966233.1_cds_EED85973.1_76 [locus_tag=POSPLDRAFT_91400] [db_xref=InterPro:IPR000704] [protein=predicted protein] [protein_id=EED85973.1] [location=join(690326..690381,690433..690436,690491..690638,690686..690795,690855..691324,691378..691423)] [gbkey=CDS]",0.06159420289855073,0.08695652173913043,0.03260869565217391,0.07971014492753623,0.018115942028985508,0.03985507246376811,0.06884057971014493,0.06884057971014493,0.018115942028985508,0.04710144927536232,0.10869565217391304,0.03985507246376811,0.007246376811594203,0.03985507246376811,0.050724637681159424,0.07608695652173914,0.03985507246376811,0.014492753623188406,0.043478260869565216,0.057971014492753624
"lcl|EQ966233.1_cds_EED85974.1_77 [locus_tag=POSPLDRAFT_44054] [db_xref=InterPro:IPR000073] [protein=hypothetical protein] [protein_id=EED85974.1] [location=join(713629..713789,713839..713911,713963..714087,714148..714352,714409..714602,714678..714861)] [gbkey=CDS]",0.07051282051282051,0.057692307692307696,0.04487179487179487,0.041666666666666664,0.016025641025641024,0.019230769230769232,0.04487179487179487,0.0641025641025641,0.060897435897435896,0.0673076923076923,0.10576923076923077,0.04807692307692308,0.03205128205128205,0.041666666666666664,0.08333333333333333,0.0673076923076923,0.04807692307692308,0.009615384615384616,0.028846153846153848,0.04807692307692308
"lcl|EQ966233.1_cds_EED86052.1_78 [locus_tag=POSPLDRAFT_91405] [protein=predicted protein] [protein_id=EED86052.1] [location=complement(join(715647..716775,716825..717114))] [gbkey=CDS]",0.14012738853503184,0.059447983014861996,0.012738853503184714,0.06581740976645435,0.027600849256900213,0.027600849256900213,0.02335456475583864,0.07218683651804671,0.01910828025477707,0.03821656050955414,0.07006369426751592,0.027600849256900213,0.006369426751592357,0.016985138004246284,0.1464968152866242,0.10828025477707007,0.06157112526539278,0.006369426751592357,0.014861995753715499,0.055201698513800426
"lcl|EQ966233.1_cds_EED86053.1_79 [locus_tag=POSPLDRAFT_91408] [protein=predicted protein] [protein_id=EED86053.1] [location=complement(join(749080..749545,749800..750056,750083..750244,750275..750337))] [gbkey=CDS]",0.08917197452229299,0.11464968152866242,0.022292993630573247,0.06050955414012739,0.01910828025477707,0.044585987261146494,0.0732484076433121,0.08917197452229299,0.022292993630573247,0.03503184713375796,0.050955414012738856,0.050955414012738856,0.012738853503184714,0.01592356687898089,0.08280254777070063,0.07961783439490445,0.04777070063694268,0.012738853503184714,0.028662420382165606,0.04777070063694268
"lcl|EQ966233.1_cds_EED86054.1_80 [locus_tag=POSPLDRAFT_87675] [db_xref=InterPro:IPR007537] [protein=predicted protein] [protein_id=EED86054.1] [location=complement(join(752462..752665,752739..752846,752905..752993,753056..753270,753329..753460,753518..753621))] [gbkey=CDS]",0.07801418439716312,0.0673758865248227,0.03546099290780142,0.05673758865248227,0.0035460992907801418,0.05319148936170213,0.05673758865248227,0.05319148936170213,0.03546099290780142,0.04609929078014184,0.08156028368794327,0.04609929078014184,0.014184397163120567,0.04964539007092199,0.05673758865248227,0.08156028368794327,0.07446808510638298,0.014184397163120567,0.04964539007092199,0.04609929078014184
"lcl|EQ966233.1_cds_EED85975.1_81 [locus_tag=POSPLDRAFT_91410] [db_xref=InterPro:IPR001878] [protein=predicted protein] [protein_id=EED85975.1] [location=join(753837..754076,754138..754570,754701..755083)] [gbkey=CDS]",0.1,0.08285714285714285,0.011428571428571429,0.04857142857142857,0.025714285714285714,0.06571428571428571,0.07428571428571429,0.045714285714285714,0.022857142857142857,0.025714285714285714,0.08571428571428572,0.06,0.014285714285714285,0.03142857142857143,0.10857142857142857,0.06571428571428571,0.04857142857142857,0.005714285714285714,0.02857142857142857,0.04857142857142857
"lcl|EQ966233.1_cds_EED85976.1_82 [locus_tag=POSPLDRAFT_91412] [protein=predicted protein] [protein_id=EED85976.1] [location=join(766419..766644,767025..767150,767278..767333,767454..767504,767883..768007,768907..768992,769314..769987)] [gbkey=CDS]",0.09641255605381166,0.06726457399103139,0.03139013452914798,0.06278026905829596,0.02914798206278027,0.03139013452914798,0.04932735426008968,0.053811659192825115,0.026905829596412557,0.04035874439461883,0.13901345291479822,0.02242152466367713,0.013452914798206279,0.02466367713004484,0.053811659192825115,0.10089686098654709,0.053811659192825115,0.013452914798206279,0.02466367713004484,0.06502242152466367
"lcl|EQ966233.1_cds_EED86056.1_84 [locus_tag=POSPLDRAFT_108749] [db_xref=InterPro:IPR001848] [protein=40S ribosomal protein S20] [protein_id=EED86056.1] [location=complement(join(791762..791815,791875..791973,792025..792125,792187..792307))] [gbkey=CDS]",0.06504065040650407,0.056910569105691054,0.024390243902439025,0.04065040650406504,0.008130081300813009,0.016260162601626018,0.07317073170731707,0.04878048780487805,0.024390243902439025,0.08943089430894309,0.08130081300813008,0.13008130081300814,0,0.008130081300813009,0.04878048780487805,0.08943089430894309,0.08130081300813008,0.008130081300813009,0.024390243902439025,0.08130081300813008
"lcl|EQ966233.1_cds_EED86058.1_88 [locus_tag=POSPLDRAFT_91419] [protein=predicted protein] [protein_id=EED86058.1] [location=complement(join(807445..807877,808024..808081,808336..808339,808700..808704,808973..809099,809148..809321,809379..809426))] [gbkey=CDS]",0.05693950177935943,0.06761565836298933,0.03558718861209965,0.017793594306049824,0.0071174377224199285,0.028469750889679714,0.05338078291814947,0.028469750889679714,0.046263345195729534,0.042704626334519574,0.1103202846975089,0.060498220640569395,0.017793594306049824,0.0498220640569395,0.08540925266903915,0.11743772241992882,0.06761565836298933,0.017793594306049824,0.02491103202846975,0.06405693950177936
"lcl|EQ966233.1_cds_EED85979.1_89 [locus_tag=POSPLDRAFT_91420] [protein=predicted protein] [protein_id=EED85979.1] [location=join(813699..814090,814220..815594)] [gbkey=CDS]",0.0868824531516184,0.04599659284497445,0.04088586030664395,0.06303236797274275,0.008517887563884156,0.03747870528109029,0.08347529812606473,0.056218057921635436,0.02385008517887564,0.04770017035775128,0.09369676320272573,0.10221465076660988,0.020442930153321975,0.028960817717206135,0.04088586030664395,0.056218057921635436,0.05792163543441227,0.017035775127768313,0.030664395229982964,0.05792163543441227
"lcl|EQ966233.1_cds_EED85980.1_90 [locus_tag=POSPLDRAFT_91421] [protein=predicted protein] [protein_id=EED85980.1] [location=join(840891..841223,841315..841555,842290..842345)] [gbkey=CDS]",0.1346153846153846,0.08173076923076923,0.04326923076923077,0.03365384615384615,0.02403846153846154,0.038461538461538464,0.04326923076923077,0.09615384615384616,0.004807692307692308,0.04326923076923077,0.10096153846153846,0.03365384615384615,0.004807692307692308,0.052884615384615384,0.057692307692307696,0.0673076923076923,0.052884615384615384,0.02403846153846154,0.019230769230769232,0.04326923076923077
"lcl|EQ966233.1_cds_EED85981.1_92 [locus_tag=POSPLDRAFT_91424] [db_xref=InterPro:IPR001356] [protein=predicted protein] [protein_id=EED85981.1] [location=join(854363..854682,854737..854858,854921..855025,855068..856056)] [gbkey=CDS]",0.10196078431372549,0.050980392156862744,0.0196078431372549,0.043137254901960784,0.013725490196078431,0.047058823529411764,0.03529411764705882,0.060784313725490195,0.025490196078431372,0.03333333333333333,0.06862745098039216,0.027450980392156862,0.01764705882352941,0.029411764705882353,0.12156862745098039,0.12549019607843137,0.08823529411764706,0.013725490196078431,0.023529411764705882,0.052941176470588235
"lcl|EQ966233.1_cds_EED86060.1_93 [locus_tag=POSPLDRAFT_91425] [protein=predicted protein] [protein_id=EED86060.1] [location=complement(join(856854..856991,857057..857749,857800..858051,858100..858137,858247..858277))] [gbkey=CDS]",0.12827225130890052,0.08900523560209424,0.01832460732984293,0.05759162303664921,0.013089005235602094,0.04712041884816754,0.11780104712041885,0.01832460732984293,0.007853403141361256,0.03664921465968586,0.112565445026178,0.049738219895287955,0.01832460732984293,0.01832460732984293,0.015706806282722512,0.10732984293193717,0.06544502617801047,0.002617801047120419,0.015706806282722512,0.060209424083769635
"lcl|EQ966233.1_cds_EED86061.1_94 [locus_tag=POSPLDRAFT_91427] [protein=predicted protein] [protein_id=EED86061.1] [location=complement(join(869572..870390,870449..870700,870931..871026))] [gbkey=CDS]",0.14987080103359174,0.09560723514211886,0.0103359173126615,0.05167958656330749,0.00516795865633075,0.09819121447028424,0.12144702842377261,0.03359173126614987,0.03875968992248062,0.03875968992248062,0.1111111111111111,0.025839793281653745,0.015503875968992248,0.0103359173126615,0.00516795865633075,0.07235142118863049,0.06718346253229975,0.00516795865633075,0.007751937984496124,0.03617571059431524
"lcl|EQ966233.1_cds_EED85982.1_95 [locus_tag=POSPLDRAFT_91429] [protein=predicted protein] [protein_id=EED85982.1] [location=join(874991..875108,875167..875282,875337..875588,875642..876322,876376..877104,877166..877169,877221..877312)] [gbkey=CDS]",0.1691842900302115,0.08459214501510574,0.013595166163141994,0.0513595166163142,0.0015105740181268882,0.0634441087613293,0.13293051359516617,0.01661631419939577,0.027190332326283987,0.019637462235649546,0.10725075528700906,0.04229607250755287,0.02416918429003021,0.015105740181268883,0.0256797583081571,0.0634441087613293,0.07099697885196375,0.0075528700906344415,0.0075528700906344415,0.055891238670694864
"lcl|EQ966233.1_cds_EED86062.1_96 [locus_tag=POSPLDRAFT_91430] [protein=predicted protein] [protein_id=EED86062.1] [location=complement(join(877660..877830,877884..878030))] [gbkey=CDS]",0.009615384615384616,0.0673076923076923,0.057692307692307696,0.0673076923076923,0,0.038461538461538464,0.1346153846153846,0.0673076923076923,0.038461538461538464,0.019230769230769232,0.057692307692307696,0.07692307692307693,0,0.009615384615384616,0.0673076923076923,0.057692307692307696,0.14423076923076922,0,0.028846153846153848,0.057692307692307696
"lcl|EQ966233.1_cds_EED85983.1_97 [locus_tag=POSPLDRAFT_91433] [protein=predicted protein] [protein_id=EED85983.1] [location=join(898809..898819,898873..899399,899573..899577,899698..899839,900210..900246,900536..900551,900591..900605,901104..901180,901235..901366,901478..901566,901619..901696,901750..901900,902307..902684,902751..902796,903702..903788,903952..904155,904209..904271,904322..904372,904424..904483,904545..904632,904681..904762,904891..905155,905206..905259)] [gbkey=CDS]",0.08031674208144797,0.0667420814479638,0.026018099547511313,0.03959276018099547,0.010180995475113122,0.032805429864253395,0.05429864253393665,0.07239819004524888,0.016968325791855202,0.07692307692307693,0.09049773755656108,0.02828054298642534,0.02262443438914027,0.021493212669683258,0.05656108597285068,0.12782805429864252,0.06447963800904978,0.010180995475113122,0.02828054298642534,0.07352941176470588
"lcl|EQ966233.1_cds_EED85984.1_98 [locus_tag=POSPLDRAFT_91434] [protein=predicted protein] [protein_id=EED85984.1] [location=join(906259..906276,906331..906512,906648..906913,907004..907723,907755..907804)] [gbkey=CDS]",0.09024390243902439,0.09024390243902439,0.01951219512195122,0.05609756097560976,0.01707317073170732,0.01951219512195122,0.05365853658536585,0.041463414634146344,0.04390243902439024,0.06097560975609756,0.16341463414634147,0.03170731707317073,0.014634146341463415,0.03902439024390244,0.05853658536585366,0.07804878048780488,0.041463414634146344,0.004878048780487805,0.01951219512195122,0.05609756097560976
"lcl|EQ966233.1_cds_EED85985.1_100 [locus_tag=POSPLDRAFT_117488] [db_xref=InterPro:IPR001063] [protein=60S ribosomal protein L17/L23] [protein_id=EED85985.1] [location=join(926443..926446,926503..926544,926606..926677,926736..926864,926917..927044,927106..927309)] [gbkey=CDS]",0.13089005235602094,0.12041884816753927,0.041884816753926704,0.031413612565445025,0.005235602094240838,0.041884816753926704,0.06282722513089005,0.04712041884816754,0.02617801047120419,0.04712041884816754,0.07329842931937172,0.078534031413612565,0.005235602094240838,0.02617801047120419,0.031413612565445025,0.05235602094240838,0.078534031413612565,0.005235602094240838,0.03664921465968586,0.05759162303664921
"lcl|EQ966233.1_cds_EED86064.1_101 [locus_tag=POSPLDRAFT_91441] [protein=predicted protein] [protein_id=EED86064.1] [location=complement(join(965158..965273,965536..965651,965929..966005,966087..966194,966251..966655))] [gbkey=CDS]",0.1213235294117647,0.08088235294117647,0.03676470588235294,0.04779411764705882,0.007352941176470588,0.03676470588235294,0.04779411764705882,0.0625,0.022058823529411766,0.05514705882352941,0.09558823529411764,0.014705882352941176,0.022058823529411766,0.04044117647058824,0.06985294117647059,0.08823529411764706,0.04044117647058824,0.007352941176470588,0.007352941176470588,0.09558823529411764
"lcl|EQ966233.1_cds_EED85986.1_102 [locus_tag=POSPLDRAFT_87690] [protein=predicted protein] [protein_id=EED85986.1] [location=join(969800..970252,970286..970336,971028..971586,971638..971783)] [gbkey=CDS]",0.10473815461346633,0.0798004987531172,0.029925187032418952,0.03740648379052369,0.0024937655860349127,0.04239401496259352,0.034912718204488775,0.059850374064837904,0.04488778054862843,0.029925187032418952,0.09975062344139651,0.0399002493765586,0.0199501246882793,0.02743142144638404,0.07231920199501247,0.0798004987531172,0.06733167082294264,0.017456359102244388,0.029925187032418952,0.0798004987531172
"lcl|EQ966233.1_cds_EED86065.1_103 [locus_tag=POSPLDRAFT_91445] [db_xref=InterPro:IPR000038] [protein=predicted protein] [protein_id=EED86065.1] [location=complement(join(978875..978888,978957..979071,979137..980127,980180..980226,980380..980691,980743..981129))] [gbkey=CDS]",0.0935483870967742,0.0967741935483871,0.025806451612903226,0.06129032258064516,0.0064516129032258064,0.027419354838709678,0.06290322580645161,0.0467741935483871,0.02258064516129032,0.041935483870967745,0.08548387096774193,0.0467741935483871,0.016129032258064516,0.037096774193548385,0.07741935483870968,0.1032258064516129,0.07096774193548387,0.004838709677419355,0.008064516129032258,0.06451612903225806
"lcl|EQ966233.1_cds_EED86066.1_104 [locus_tag=POSPLDRAFT_91446] [protein=predicted protein] [protein_id=EED86066.1] [location=complement(join(982246..982489,982524..982627,982651..982974))] [gbkey=CDS]",0.13963963963963963,0.09009009009009009,0.018018018018018018,0.02252252252252252,0,0.04954954954954955,0.05855855855855856,0.07657657657657657,0.0045045045045045045,0.018018018018018018,0.06306306306306306,0.02702702702702703,0.036036036036036036,0,0.0945945945945946,0.15315315315315314,0.08558558558558559,0.0045045045045045045,0.0045045045045045045,0.05405405405405406
"lcl|EQ966233.1_cds_EED85987.1_105 [locus_tag=POSPLDRAFT_91447] [protein=predicted protein] [protein_id=EED85987.1] [location=join(997332..997407,997459..997558,997623..998023,998207..998268)] [gbkey=CDS]",0.07109004739336493,0.061611374407582936,0.018957345971563982,0.04739336492890995,0.004739336492890996,0.04265402843601896,0.08530805687203792,0.02843601895734597,0.02843601895734597,0.08530805687203792,0.17061611374407584,0.018957345971563982,0.004739336492890996,0.03317535545023697,0.07109004739336493,0.07109004739336493,0.052132701421800945,0.023696682464454975,0.02843601895734597,0.052132701421800945
"lcl|EQ966233.1_cds_EED86067.1_106 [locus_tag=POSPLDRAFT_91448] [protein=predicted protein] [protein_id=EED86067.1] [location=complement(join(1000258..1000287,1000318..1001456,1001563..1001582,1001832..1001949,1002687..1002852,1003029..1003058))] [gbkey=CDS]",0.09619238476953908,0.10020040080160321,0.028056112224448898,0.056112224448897796,0.004008016032064128,0.026052104208416832,0.04609218436873747,0.056112224448897796,0.026052104208416832,0.03206412825651302,0.0781563126252505,0.014028056112224449,0.008016032064128256,0.03206412825651302,0.09218436873747494,0.15831663326653306,0.052104208416833664,0.01603206412825651,0.018036072144288578,0.06012024048096192
"lcl|EQ966233.1_cds_EED85988.1_107 [locus_tag=POSPLDRAFT_91450] [protein=predicted protein] [protein_id=EED85988.1] [location=join(1016062..1016150,1016325..1016379,1016506..1016610,1016755..1016811)] [gbkey=CDS]",0.09,0.09,0.02,0.06,0.02,0.04,0.04,0.11,0.04,0.07,0.07,0.07,0.01,0.01,0.02,0.05,0.05,0.03,0.03,0.08
"lcl|EQ966233.1_cds_EED86068.1_108 [locus_tag=POSPLDRAFT_91452] [protein=predicted protein] [protein_id=EED86068.1] [location=complement(join(1020560..1020667,1020723..1021848,1021973..1022057,1022104..1022119))] [gbkey=CDS]",0.10835214446952596,0.09932279909706546,0.022573363431151242,0.040632054176072234,0.01805869074492099,0.03160270880361174,0.04288939051918736,0.04288939051918736,0.03160270880361174,0.03611738148984198,0.16027088036117382,0.020316027088036117,0.013544018058690745,0.03160270880361174,0.08803611738148984,0.08126410835214447,0.06320541760722348,0.006772009029345372,0.01805869074492099,0.04288939051918736
"lcl|EQ966233.1_cds_EED85989.1_109 [locus_tag=POSPLDRAFT_91453] [db_xref=InterPro:IPR006016] [protein=predicted protein] [protein_id=EED85989.1] [location=join(1022774..1022815,1022880..1022918,1023229..1024118,1024172..1024206,1024268..1024326,1024378..1024498,1024562..1024628,1024679..1024736,1024794..1025057)] [gbkey=CDS]",0.08221797323135756,0.11089866156787763,0.02676864244741874,0.09369024856596558,0.0057361376673040155,0.03824091778202677,0.06692160611854685,0.08221797323135756,0.019120458891013385,0.032504780114722756,0.07648183556405354,0.036328871892925434,0.017208413001912046,0.019120458891013385,0.06500956022944551,0.10325047801147227,0.04780114722753346,0.0057361376673040155,0.011472275334608031,0.05927342256214149
"lcl|EQ966233.1_cds_EED86069.1_110 [locus_tag=POSPLDRAFT_91454] [protein=predicted protein] [protein_id=EED86069.1] [location=complement(join(1025416..1026104,1026146..1026392,1026444..1026645,1026699..1026796,1026853..1027000,1027047..1027159,1027219..1027350,1027401..1027547,1027602..1027734,1027791..1027860,1027968..1028205,1028252..1028254))] [gbkey=CDS]",0.07181571815718157,0.056910569105691054,0.025745257452574527,0.05962059620596206,0.008130081300813009,0.03929539295392954,0.06910569105691057,0.07181571815718157,0.032520325203252036,0.04336043360433604,0.08265582655826559,0.05962059620596206,0.016260162601626018,0.037940379403794036,0.05962059620596206,0.11653116531165311,0.05420054200542006,0.008130081300813009,0.03116531165311653,0.05555555555555555
"lcl|EQ966233.1_cds_EED85990.1_111 [locus_tag=POSPLDRAFT_43667] [protein=hypothetical protein] [protein_id=EED85990.1] [location=join(1040896..1041094,1041173..1041477,1041532..1042185)] [gbkey=CDS]",0.1015625,0.0546875,0.028645833333333332,0.0546875,0.0234375,0.036458333333333336,0.046875,0.07552083333333333,0.044270833333333336,0.044270833333333336,0.11458333333333333,0.018229166666666668,0.010416666666666666,0.033854166666666664,0.08072916666666667,0.078125,0.046875,0.0078125,0.041666666666666664,0.057291666666666664
"lcl|EQ966233.1_cds_EED85991.1_113 [locus_tag=POSPLDRAFT_87698] [db_xref=InterPro:IPR002893] [protein=predicted protein] [protein_id=EED85991.1] [location=join(1052030..1052358,1052436..1052564,1052638..1052642,1052694..1053295)] [gbkey=CDS]",0.0339943342776204,0.0821529745042493,0.031161473087818695,0.06232294617563739,0.0453257790368272,0.028328611898016998,0.06515580736543909,0.053824362606232294,0.05099150141643059,0.04815864022662889,0.08781869688385269,0.053824362606232294,0.031161473087818695,0.042492917847025496,0.06232294617563739,0.06232294617563739,0.042492917847025496,0.0169971671388102,0.0339943342776204,0.06515580736543909
"lcl|EQ966233.1_cds_EED85992.1_114 [locus_tag=POSPLDRAFT_91462] [db_xref=InterPro:IPR005162] [protein=predicted protein] [protein_id=EED85992.1] [location=join(1061298..1062123,1062202..1062278)] [gbkey=CDS]",0.10367892976588629,0.056856187290969896,0.04013377926421405,0.056856187290969896,0.006688963210702341,0.0802675585284281,0.06020066889632107,0.05016722408026756,0.026755852842809364,0.033444816053511704,0.10702341137123746,0.046822742474916385,0.030100334448160536,0.03678929765886288,0.05351170568561873,0.056856187290969896,0.07023411371237458,0.016722408026755852,0.026755852842809364,0.04013377926421405
"lcl|EQ966233.1_cds_EED86071.1_115 [locus_tag=POSPLDRAFT_91463] [protein=predicted protein] [protein_id=EED86071.1] [location=complement(join(1062571..1063037,1063257..1063665))] [gbkey=CDS]",0.07586206896551724,0.07931034482758621,0.04482758620689655,0.07241379310344828,0.006896551724137931,0.027586206896551724,0.09310344827586207,0.04482758620689655,0.04827586206896552,0.04482758620689655,0.08620689655172414,0.05862068965517241,0.010344827586206896,0.027586206896551724,0.0896551724137931,0.04827586206896552,0.05862068965517241,0.02413793103448276,0.013793103448275862,0.04482758620689655
"lcl|EQ966233.1_cds_EED86072.1_117 [locus_tag=POSPLDRAFT_91468] [protein=predicted protein] [protein_id=EED86072.1] [location=complement(join(1109011..1109036,1109072..1109853,1109912..1110180))] [gbkey=CDS]",0.06162464985994398,0.0784313725490196,0.025210084033613446,0.08123249299719888,0.022408963585434174,0.036414565826330535,0.04481792717086835,0.05322128851540616,0.03081232492997199,0.04481792717086835,0.11764705882352941,0.04201680672268908,0.0196078431372549,0.04481792717086835,0.05322128851540616,0.07282913165266107,0.05042016806722689,0.0196078431372549,0.028011204481792718,0.07282913165266107
"lcl|EQ966233.1_cds_EED86073.1_118 [locus_tag=POSPLDRAFT_91470] [protein=predicted protein] [protein_id=EED86073.1] [location=complement(join(1114295..1114973,1115030..1115115))] [gbkey=CDS]",0.07509881422924901,0.05138339920948617,0.015810276679841896,0.05928853754940711,0.02766798418972332,0.011857707509881422,0.07509881422924901,0.07114624505928854,0.019762845849802372,0.043478260869565216,0.07905138339920949,0.06324110671936758,0.019762845849802372,0.05138339920948617,0.07905138339920949,0.05928853754940711,0.05928853754940711,0.03162055335968379,0.04743083003952569,0.05928853754940711
"lcl|EQ966233.1_cds_EED86074.1_119 [locus_tag=POSPLDRAFT_108796] [db_xref=InterPro:IPR005197] [protein=hypothetical protein] [protein_id=EED86074.1] [location=complement(join(1119402..1119659,1119725..1119879,1119942..1120368,1120429..1120768,1121035..1121288))] [gbkey=CDS]",0.1092436974789916,0.023109243697478993,0.05042016806722689,0.06512605042016807,0.008403361344537815,0.03571428571428571,0.02100840336134454,0.07352941176470588,0.023109243697478993,0.03571428571428571,0.058823529411764705,0.018907563025210083,0.012605042016806723,0.0546218487394958,0.046218487394957986,0.10084033613445378,0.1092436974789916,0.029411764705882353,0.05042016806722689,0.07352941176470588
"lcl|EQ966233.1_cds_EED86075.1_120 [locus_tag=POSPLDRAFT_91473] [protein=predicted protein] [protein_id=EED86075.1] [location=complement(join(1125852..1126431,1126707..1127044))] [gbkey=CDS]",0.08552631578947369,0.08552631578947369,0.03618421052631579,0.08223684210526316,0.019736842105263157,0.01644736842105263,0.08881578947368421,0.03289473684210526,0.03618421052631579,0.049342105263157895,0.10526315789473684,0.046052631578947366,0.03289473684210526,0.04276315789473684,0.039473684210526314,0.06578947368421052,0.039473684210526314,0.013157894736842105,0.02631578947368421,0.05592105263157895
"lcl|EQ966233.1_cds_EED86076.1_122 [locus_tag=POSPLDRAFT_91476] [protein=predicted protein] [protein_id=EED86076.1] [location=complement(join(1142950..1143251,1143333..1143552,1143657..1143704,1143878..1143954,1144012..1144205,1144302..1144470,1144523..1144565))] [gbkey=CDS]",0.1346704871060172,0.16045845272206305,0.017191977077363897,0.03724928366762178,0.03151862464183381,0.034383954154727794,0.04871060171919771,0.11174785100286533,0.04871060171919771,0.022922636103151862,0.05157593123209169,0.02005730659025788,0.017191977077363897,0.008595988538681949,0.054441260744985676,0.06017191977077364,0.054441260744985676,0.034383954154727794,0.0057306590257879654,0.045845272206303724
"lcl|EQ966233.1_cds_EED85996.1_124 [locus_tag=POSPLDRAFT_91480] [protein=predicted protein] [protein_id=EED85996.1] [location=join(1164997..1165179,1165354..1165505,1165622..1165734,1165901..1165965,1166127..1166324)] [gbkey=CDS]",0.12340425531914893,0.11063829787234042,0.029787234042553193,0.04680851063829787,0.02127659574468085,0.03829787234042553,0.0425531914893617,0.05531914893617021,0.01702127659574468,0.03829787234042553,0.07234042553191489,0.05531914893617021,0.01276595744680851,0.059574468085106386,0.059574468085106386,0.06808510638297872,0.06808510638297872,0.02127659574468085,0.02127659574468085,0.03829787234042553
"lcl|EQ966233.1_cds_EED86077.1_125 [locus_tag=POSPLDRAFT_87703] [protein=predicted protein] [protein_id=EED86077.1] [location=complement(join(1178005..1178686,1178746..1178831))] [gbkey=CDS]",0.09448818897637795,0.051181102362204724,0.015748031496062992,0.06692913385826772,0.015748031496062992,0.01968503937007874,0.06299212598425197,0.05905511811023622,0.015748031496062992,0.047244094488188976,0.08267716535433071,0.06299212598425197,0.01968503937007874,0.047244094488188976,0.07086614173228346,0.07086614173228346,0.04330708661417323,0.031496062992125984,0.05511811023622047,0.06692913385826772
"lcl|EQ966233.1_cds_EED85997.1_126 [locus_tag=POSPLDRAFT_91485] [protein=predicted protein] [protein_id=EED85997.1] [location=join(1186442..1186705,1186817..1188472)] [gbkey=CDS]",0.09404388714733543,0.05172413793103448,0.023510971786833857,0.06426332288401254,0.004702194357366771,0.04231974921630094,0.054858934169279,0.06896551724137931,0.03134796238244514,0.03918495297805643,0.09404388714733543,0.034482758620689655,0.006269592476489028,0.02664576802507837,0.08150470219435736,0.09404388714733543,0.06583072100313479,0.017241379310344827,0.03134796238244514,0.07366771159874608
"lcl|EQ966233.1_cds_EED86078.1_127 [locus_tag=POSPLDRAFT_91487] [protein=predicted protein] [protein_id=EED86078.1] [location=complement(join(1191383..1191704,1191784..1191867,1191962..1192295,1192341..1194285))] [gbkey=CDS]",0.08734602463605823,0.10414333706606943,0.020156774916013438,0.07838745800671892,0.005599104143337066,0.025755879059350503,0.06494960806270997,0.05039193729003359,0.02463605823068309,0.03471444568868981,0.08062709966405375,0.04479283314669653,0.010078387458006719,0.014557670772676373,0.11310190369540873,0.13773796192609183,0.04591265397536394,0.0022396416573348264,0.011198208286674132,0.043673012318029114
"lcl|EQ966233.1_cds_EED85998.1_128 [locus_tag=POSPLDRAFT_91488] [protein=predicted protein] [protein_id=EED85998.1] [location=join(1194753..1194958,1195189..1195204,1195535..1195676,1195733..1195851)] [gbkey=CDS]",0.09433962264150944,0.06289308176100629,0.025157232704402517,0.03773584905660377,0.031446540880503145,0.0440251572327044,0.0440251572327044,0.1069182389937107,0.031446540880503145,0.0440251572327044,0.0880503144654088,0.031446540880503145,0,0.012578616352201259,0.0440251572327044,0.1069182389937107,0.08176100628930817,0.018867924528301886,0.018867924528301886,0.07547169811320754
"lcl|EQ966233.1_cds_EED85999.1_129 [locus_tag=POSPLDRAFT_91489] [protein=predicted protein] [protein_id=EED85999.1] [location=join(1196791..1196838,1196891..1197011,1197064..1197137,1197187..1197504,1197576..1197828,1198516..1198537,1198601..1198668,1198717..1198752,1198805..1198959,1198987..1199700)] [gbkey=CDS]",0.08985024958402663,0.10149750415973377,0.021630615640599003,0.04658901830282862,0.02329450915141431,0.04658901830282862,0.03826955074875208,0.0632279534109817,0.029950083194675542,0.019966722129783693,0.08985024958402663,0.029950083194675542,0.013311148086522463,0.02329450915141431,0.09151414309484193,0.12479201331114809,0.06821963394342762,0.0066555740432612314,0.018302828618968387,0.05324459234608985
"lcl|EQ966233.1_cds_EED86079.1_131 [locus_tag=POSPLDRAFT_91492] [protein=predicted protein] [protein_id=EED86079.1] [location=complement(join(1217698..1217710,1217736..1218541,1218657..1218860))] [gbkey=CDS]",0.09144542772861357,0.029498525073746312,0.02654867256637168,0.0855457227138643,0.014749262536873156,0.029498525073746312,0.07964601769911504,0.0471976401179941,0.02654867256637168,0.0471976401179941,0.12979351032448377,0.029498525073746312,0.017699115044247787,0.04129793510324484,0.07964601769911504,0.08259587020648967,0.05309734513274336,0.011799410029498525,0.02654867256637168,0.05014749262536873
"lcl|EQ966233.1_cds_EED86001.1_132 [locus_tag=POSPLDRAFT_91494] [protein=predicted protein] [protein_id=EED86001.1] [location=join(1226326..1226453,1226570..1226801,1226856..1226997,1227061..1227305)] [gbkey=CDS]",0.11336032388663968,0.08906882591093117,0.020242914979757085,0.03643724696356275,0.004048582995951417,0.03643724696356275,0.048582995951417005,0.05263157894736842,0.008097165991902834,0.016194331983805668,0.1214574898785425,0.024291497975708502,0.012145748987854251,0.02834008097165992,0.07692307692307693,0.15384615384615385,0.06477732793522267,0.012145748987854251,0.012145748987854251,0.06882591093117409
"lcl|EQ966233.1_cds_EED86080.1_133 [locus_tag=POSPLDRAFT_91497] [protein=predicted protein] [protein_id=EED86080.1] [location=complement(join(1249859..1250137,1250244..1250310,1250481..1250695,1250750..1251002,1251126..1251163,1251213..1251467,1251541..1251730,1251828..1251889))] [gbkey=CDS]",0.050997782705099776,0.07982261640798226,0.031042128603104215,0.06430155210643015,0.03325942350332594,0.019955654101995565,0.057649667405764965,0.07760532150776053,0.031042128603104215,0.05321507760532151,0.08647450110864745,0.031042128603104215,0.022172949002217297,0.05321507760532151,0.07095343680709534,0.05321507760532151,0.06873614190687362,0.008869179600886918,0.03991130820399113,0.06651884700665188
"lcl|EQ966233.1_cds_EED86081.1_134 [locus_tag=POSPLDRAFT_91501] [protein=predicted protein] [protein_id=EED86081.1] [location=complement(join(1264423..1264437,1264478..1266334,1266387..1266398))] [gbkey=CDS]",0.1182108626198083,0.07348242811501597,0.011182108626198083,0.06869009584664537,0.007987220447284345,0.039936102236421724,0.06389776357827476,0.03514376996805112,0.01757188498402556,0.0463258785942492,0.11022364217252396,0.06389776357827476,0.025559105431309903,0.03514376996805112,0.052715654952076675,0.09904153354632587,0.04313099041533546,0.01437699680511182,0.01437699680511182,0.05910543130990415
"lcl|EQ966233.1_cds_EED86003.1_136 [locus_tag=POSPLDRAFT_91504] [protein=hypothetical protein] [protein_id=EED86003.1] [location=join(1284163..1284194,1284318..1284389,1284454..1284682,1284712..1284748,1284805..1284898,1284950..1285069,1285117..1285387)] [gbkey=CDS]",0.0636042402826855,0.053003533568904596,0.024734982332155476,0.0636042402826855,0.007067137809187279,0.04946996466431095,0.038869257950530034,0.0636042402826855,0.04240282685512368,0.0353356890459364,0.10954063604240283,0.053003533568904596,0.0176678445229682,0.0353356890459364,0.053003533568904596,0.04946996466431095,0.05653710247349823,0.024734982332155476,0.05653710247349823,0.10247349823321555
"lcl|EQ966233.1_cds_EED86004.1_137 [locus_tag=POSPLDRAFT_91506] [protein=predicted protein] [protein_id=EED86004.1] [location=join(1290149..1290279,1290335..1290401,1290465..1290565,1290746..1290810,1290867..1290882,1290933..1291013,1291065..1291245,1292027..1292120,1292343..1292347,1292390..1292433,1292565..1292664,1292905..1292985,1293048..1293145,1293348..1293412,1293477..1293517)] [gbkey=CDS]",0.08247422680412371,0.059278350515463915,0.04896907216494845,0.020618556701030927,0.020618556701030927,0.04896907216494845,0.03865979381443299,0.05154639175257732,0.015463917525773196,0.05670103092783505,0.12628865979381443,0.02577319587628866,0.023195876288659795,0.04896907216494845,0.03865979381443299,0.07474226804123711,0.06443298969072164,0.015463917525773196,0.03608247422680412,0.10309278350515463
"lcl|EQ966233.1_cds_EED86082.1_138 [locus_tag=POSPLDRAFT_91512] [protein=predicted protein] [protein_id=EED86082.1] [location=complement(join(1323807..1323932,1323979..1324195,1324250..1324281,1324334..1324453,1324510..1324514,1324718..1324719,1324783..1324865,1324920..1325017,1325074..1325135,1325300..1325414,1325585..1325643,1325783..1325869,1326055..1326164))] [gbkey=CDS]",0.0891891891891892,0.051351351351351354,0.04594594594594595,0.051351351351351354,0.016216216216216217,0.051351351351351354,0.05405405405405406,0.05945945945945946,0.021621621621621623,0.062162162162162166,0.08378378378378379,0.010810810810810811,0.024324324324324326,0.04054054054054054,0.043243243243243246,0.11351351351351352,0.04864864864864865,0.013513513513513514,0.03783783783783784,0.08108108108108109
"lcl|EQ966233.1_cds_EED86005.1_139 [locus_tag=POSPLDRAFT_126101] [db_xref=InterPro:IPR000008,InterPro:IPR000719,InterPro:IPR000861,InterPro:IPR000961,InterPro:IPR002219] [protein=candidate protein kinase C] [protein_id=EED86005.1] [location=join(1339107..1339740,1339790..1340377,1340427..1340692,1340745..1341337,1341401..1341418,1341484..1341678,1341729..1341968,1342018..1342156,1342211..1342399,1342450..1342590,1342647..1342766,1342822..1342845)] [gbkey=CDS]",0.07163323782234957,0.07163323782234957,0.034383954154727794,0.0659025787965616,0.018147086914995225,0.050620821394460364,0.06972301814708691,0.07640878701050621,0.021967526265520534,0.038204393505253106,0.08213944603629417,0.061127029608404965,0.026743075453677174,0.03724928366762178,0.06781279847182425,0.06399235912129896,0.054441260744985676,0.010506208213944603,0.029608404966571154,0.04775549188156638
"lcl|EQ966233.1_cds_EED86083.1_140 [locus_tag=POSPLDRAFT_91519] [protein=predicted protein] [protein_id=EED86083.1] [location=complement(join(1356499..1356557,1356616..1356755,1356804..1357210))] [gbkey=CDS]",0.08,0.035,0.025,0.02,0.005,0.055,0.04,0.07,0.025,0.065,0.135,0.06,0.02,0.06,0.035,0.065,0.085,0.015,0.025,0.08
"lcl|EQ966233.1_cds_EED86084.1_141 [locus_tag=POSPLDRAFT_87716] [db_xref=InterPro:IPR001433,InterPro:IPR003097,InterPro:IPR008254] [protein=predicted protein] [protein_id=EED86084.1] [location=complement(join(1362550..1363029,1363083..1364056,1364106..1364442,1364644..1364820))] [gbkey=CDS]",0.09174311926605505,0.05045871559633028,0.039755351681957186,0.05198776758409786,0.009174311926605505,0.021406727828746176,0.08409785932721713,0.0779816513761468,0.022935779816513763,0.04892966360856269,0.08256880733944955,0.06116207951070336,0.016819571865443424,0.035168195718654434,0.05657492354740061,0.07339449541284404,0.04281345565749235,0.013761467889908258,0.0382262996941896,0.08103975535168195
"lcl|EQ966233.1_cds_EED86006.1_142 [locus_tag=POSPLDRAFT_91522] [db_xref=InterPro:IPR008839] [protein=predicted protein] [protein_id=EED86006.1] [location=join(1366358..1366512,1366656..1366933,1366990..1367723)] [gbkey=CDS]",0.11886304909560723,0.09819121447028424,0.031007751937984496,0.05426356589147287,0.00516795865633075,0.06976744186046512,0.082687338501292,0.03875968992248062,0.015503875968992248,0.03617571059431524,0.08785529715762273,0.03875968992248062,0.025839793281653745,0.020671834625323,0.03875968992248062,0.07751937984496124,0.041343669250646,0.020671834625323,0.023255813953488372,0.07493540051679587
"lcl|EQ966233.1_cds_EED86085.1_143 [locus_tag=POSPLDRAFT_86765] [protein=predicted protein] [protein_id=EED86085.1] [location=complement(join(1367787..1367823,1367874..1367965,1368023..1368328,1368382..1368584,1368690..1368754,1368807..1368886,1368943..1369026))] [gbkey=CDS]",0.0627177700348432,0.07317073170731707,0.03832752613240418,0.05574912891986063,0.03484320557491289,0.013937282229965157,0.08710801393728224,0.04529616724738676,0.024390243902439025,0.03832752613240418,0.08362369337979095,0.041811846689895474,0.020905923344947737,0.027874564459930314,0.07665505226480836,0.08362369337979095,0.06620209059233449,0.041811846689895474,0.0313588850174216,0.05226480836236934
"lcl|EQ966233.1_cds_EED86086.1_144 [locus_tag=POSPLDRAFT_91531] [protein=predicted protein] [protein_id=EED86086.1] [location=complement(join(1401765..1401825,1401916..1402104,1402198..1402376,1402468..1402557))] [gbkey=CDS]",0.06432748538011696,0.08187134502923976,0.04678362573099415,0.04678362573099415,0.029239766081871343,0.029239766081871343,0.03508771929824561,0.08771929824561403,0.017543859649122806,0.06432748538011696,0.1111111111111111,0.03508771929824561,0.017543859649122806,0.023391812865497075,0.08771929824561403,0.05263157894736842,0.06432748538011696,0.04678362573099415,0.011695906432748537,0.04678362573099415
"lcl|EQ966233.1_cds_EED86087.1_147 [locus_tag=POSPLDRAFT_91537] [protein=predicted protein] [protein_id=EED86087.1] [location=complement(join(1423094..1423459,1423516..1423652,1423714..1423718,1423774..1423877,1423931..1424153,1424236..1424253,1424288..1424361,1424430..1424498,1424671..1424880,1424942..1424948,1425001..1425119,1425174..1425224))] [gbkey=CDS]",0.0784313725490196,0.054466230936819175,0.037037037037037035,0.05664488017429194,0.026143790849673203,0.023965141612200435,0.05228758169934641,0.08496732026143791,0.0392156862745098,0.0392156862745098,0.10021786492374728,0.032679738562091505,0.026143790849673203,0.04357298474945534,0.05010893246187364,0.06535947712418301,0.06753812636165578,0.02178649237472767,0.026143790849673203,0.07407407407407407
"lcl|EQ966233.1_cds_EED86009.1_148 [locus_tag=POSPLDRAFT_91538] [protein=predicted protein] [protein_id=EED86009.1] [location=join(1426802..1426848,1426891..1427098,1427141..1427443)] [gbkey=CDS]",0.09239130434782608,0.09239130434782608,0.021739130434782608,0.05434782608695652,0.016304347826086956,0.03804347826086957,0.07065217391304347,0.09239130434782608,0.02717391304347826,0.03260869565217391,0.07065217391304347,0.021739130434782608,0.03804347826086957,0.016304347826086956,0.08695652173913043,0.10326086956521739,0.05434782608695652,0.010869565217391304,0.016304347826086956,0.043478260869565216
"lcl|EQ966233.1_cds_EED86010.1_149 [locus_tag=POSPLDRAFT_91540] [protein=predicted protein] [protein_id=EED86010.1] [location=join(1436785..1437049,1437106..1437198,1437260..1437309)] [gbkey=CDS]",0.09701492537313433,0.007462686567164179,0.05970149253731343,0.05223880597014925,0.007462686567164179,0.04477611940298507,0.03731343283582089,0.07462686567164178,0.007462686567164179,0.07462686567164178,0.09701492537313433,0.022388059701492536,0,0.04477611940298507,0.07462686567164178,0.09701492537313433,0.08208955223880597,0.022388059701492536,0.014925373134328358,0.08208955223880597
"lcl|EQ966233.1_cds_EED86011.1_150 [locus_tag=POSPLDRAFT_87719] [db_xref=InterPro:IPR005828] [protein=predicted protein] [protein_id=EED86011.1] [location=join(1441131..1441242,1441343..1441381,1441437..1441453,1441501..1441555,1441660..1441737,1441796..1441932,1441986..1442210,1442262..1442533,1442779..1443033,1443092..1443122,1443186..1443266,1443297..1443449,1443512..1443534,1443590..1443618,1443671..1443713,1443771..1443933)] [gbkey=CDS]",0.11599297012302284,0.05975395430579965,0.022847100175746926,0.050966608084358524,0.0210896309314587,0.028119507908611598,0.03163444639718805,0.1054481546572935,0.022847100175746926,0.04745166959578207,0.10896309314586995,0.014059753954305799,0.022847100175746926,0.050966608084358524,0.03690685413005272,0.08611599297012303,0.040421792618629174,0.0210896309314587,0.0210896309314587,0.0913884007029877
"lcl|EQ966233.1_cds_EED86012.1_151 [locus_tag=POSPLDRAFT_86766] [db_xref=InterPro:IPR001179] [protein=predicted protein] [protein_id=EED86012.1] [location=join(1449465..1449467,1449520..1449577,1449634..1449700,1449748..1449806,1449874..1449929,1449983..1450066)] [gbkey=CDS]",0.037383177570093455,0.056074766355140186,0.028037383177570093,0.06542056074766354,0,0.018691588785046728,0.06542056074766354,0.1308411214953271,0.009345794392523364,0.056074766355140186,0.07476635514018691,0.07476635514018691,0,0.056074766355140186,0.08411214953271028,0.037383177570093455,0.07476635514018691,0.009345794392523364,0.018691588785046728,0.102803738317757
"lcl|EQ966233.1_cds_EED86088.1_152 [locus_tag=POSPLDRAFT_91545] [protein=predicted protein] [protein_id=EED86088.1] [location=complement(join(1464366..1464730,1464806..1465919,1465972..1466283,1466339..1466424,1466693..1466694,1466980..1467132,1467199..1467386,1467437..1467907,1468046..1468155,1468177..1468240,1468562..1468767,1468840..1469287))] [gbkey=CDS]",0.09137489325362938,0.06404782237403928,0.02049530315969257,0.07514944491887275,0.013663535439795047,0.04782237403928266,0.07258753202391119,0.04184457728437233,0.03159692570452605,0.04526046114432109,0.10162254483347566,0.02220324508966695,0.014517506404782237,0.01964133219470538,0.08198121263877028,0.11528608027327071,0.05636208368915457,0.008539709649871904,0.013663535439795047,0.0623398804440649
"lcl|EQ966233.1_cds_EED86013.1_153 [locus_tag=POSPLDRAFT_91547] [protein=predicted protein] [protein_id=EED86013.1] [location=join(1473899..1474160,1474220..1474621,1474681..1474751,1474810..1474821)] [gbkey=CDS]",0.048582995951417005,0.03643724696356275,0.09716599190283401,0.05263157894736842,0.004048582995951417,0.12550607287449392,0.02834008097165992,0.1700404858299595,0.032388663967611336,0.032388663967611336,0.02834008097165992,0.020242914979757085,0.008097165991902834,0.048582995951417005,0.048582995951417005,0.06477732793522267,0.06477732793522267,0.020242914979757085,0.03643724696356275,0.032388663967611336
"lcl|EQ966233.1_cds_EED86014.1_154 [locus_tag=POSPLDRAFT_91554] [protein=predicted protein] [protein_id=EED86014.1] [location=join(1538752..1538773,1538805..1539271)] [gbkey=CDS]",0.043478260869565216,0.08695652173913043,0.037267080745341616,0.06832298136645963,0.012422360248447204,0.024844720496894408,0.11801242236024845,0.07453416149068323,0.018633540372670808,0.031055900621118012,0.031055900621118012,0.055900621118012424,0.012422360248447204,0.018633540372670808,0.12422360248447205,0.049689440993788817,0.062111801242236024,0.043478260869565216,0.006211180124223602,0.08074534161490683
