seq_id,AAA,AAC,AAG,AAT,ACA,ACC,ACG,ACT,AGA,AGC,AGG,AGT,ATA,ATC,ATG,ATT,CAA,CAC,CAG,CAT,CCA,CCC,CCG,CCT,CGA,CGC,CGG,CGT,CTA,CTC,CTG,CTT,GAA,GAC,GAG,GAT,GCA,GCC,GCG,GCT,GGA,GGC,GGG,GGT,GTA,GTC,GTG,GTT,TAA,TAC,TAG,TAT,TCA,TCC,TCG,TCT,TGA,TGC,TGG,TGT,TTA,TTC,TTG,TTT
"lcl|EQ966233.1_cds_EED85936.1_1 [locus_tag=POSPLDRAFT_91257] [protein=predicted protein] [protein_id=EED85936.1] [location=join(5935..6007,6095..6372,6430..6592,6626..7251)] [gbkey=CDS]",6,4,13,2,3,2,15,3,2,8,6,2,5,5,7,5,4,3,12,3,5,14,12,1,6,15,9,3,3,9,11,4,4,10,9,11,4,11,16,7,4,9,8,2,2,6,7,3,0,4,0,2,3,10,17,4,0,4,4,2,2,6,3,2
"lcl|EQ966233.1_cds_EED85937.1_2 [locus_tag=POSPLDRAFT_91261] [protein=predicted protein] [protein_id=EED85937.1] [location=join(17609..17632,17691..19199,19743..19898,20101..20322,20487..20603,20849..21014,21107..21130,21299..21378,21615..21890)] [gbkey=CDS]",10,13,20,15,13,11,12,7,7,13,7,10,4,27,29,11,11,18,14,11,12,11,20,7,7,21,10,9,2,29,29,21,19,27,29,17,17,22,28,13,6,14,18,7,10,18,19,11,0,13,0,11,9,14,12,6,0,7,14,7,3,16,22,6
"lcl|EQ966233.1_cds_EED86015.1_3 [locus_tag=POSPLDRAFT_91262] [protein=predicted protein] [protein_id=EED86015.1] [location=complement(join(22030..22073,22132..22243,22288..22332,22552..22898,22939..22957,23018..23338))] [gbkey=CDS]",4,3,9,3,7,4,5,1,0,5,2,1,5,4,5,3,8,8,3,3,7,5,6,10,2,5,0,6,3,6,6,7,8,7,20,7,3,6,4,6,0,7,3,9,4,6,8,3,0,7,0,4,5,1,5,6,0,2,4,2,0,4,4,3
"lcl|EQ966233.1_cds_EED86016.1_4 [locus_tag=POSPLDRAFT_91263] [protein=predicted protein] [protein_id=EED86016.1] [location=complement(join(24741..25553,25611..26564))] [gbkey=CDS]",5,12,16,7,8,8,7,4,4,8,3,5,4,20,8,12,3,11,12,8,8,9,19,12,4,15,7,11,1,17,14,11,5,20,31,12,15,14,19,20,3,13,9,7,5,18,8,6,0,9,0,4,1,5,14,7,0,6,12,0,3,18,6,4
"lcl|EQ966233.1_cds_EED86017.1_5 [locus_tag=POSPLDRAFT_91265] [protein=predicted protein] [protein_id=EED86017.1] [location=complement(join(30038..30377,30659..30765,30823..31776))] [gbkey=CDS]",3,6,7,8,7,7,3,4,2,7,4,5,2,10,6,8,3,7,12,6,6,3,13,14,7,14,9,13,1,10,15,7,6,13,29,8,10,8,18,16,3,12,11,7,3,10,6,5,0,7,0,3,1,5,9,8,0,4,14,0,1,10,4,5
"lcl|EQ966233.1_cds_EED85938.1_6 [locus_tag=POSPLDRAFT_91266] [protein=predicted protein] [protein_id=EED85938.1] [location=join(32166..32224,32285..32538,33495..33931)] [gbkey=CDS]",2,3,6,1,3,7,7,2,0,5,2,4,2,6,5,3,2,1,5,1,0,2,2,5,0,3,3,0,2,6,7,1,3,4,11,3,6,2,14,6,3,8,3,6,3,6,11,4,0,9,0,4,1,2,2,2,0,4,8,0,1,19,1,4
"lcl|EQ966233.1_cds_EED86018.1_7 [locus_tag=POSPLDRAFT_91268] [protein=predicted protein] [protein_id=EED86018.1] [location=complement(join(39602..40064,40145..40350,40415..40624))] [gbkey=CDS]",3,2,5,2,2,3,5,1,2,3,3,2,4,7,4,2,4,8,3,1,2,3,9,3,1,5,6,6,4,8,12,3,6,13,14,9,1,11,12,2,4,4,4,4,5,9,6,3,0,7,0,3,4,3,7,3,0,7,4,2,0,5,5,6
"lcl|EQ966233.1_cds_EED86019.1_8 [locus_tag=POSPLDRAFT_91269] [protein=predicted protein] [protein_id=EED86019.1] [location=complement(join(42017..42097,42161..42482,42531..42736,42784..42917,42950..43001))] [gbkey=CDS]",6,0,5,1,3,2,6,2,2,4,2,1,2,12,4,2,4,5,3,3,2,2,7,6,2,6,2,4,2,7,7,4,10,10,20,4,4,8,4,5,2,3,3,2,2,7,4,2,0,5,0,4,2,3,9,4,0,1,5,3,0,10,6,1
"lcl|EQ966233.1_cds_EED85939.1_9 [locus_tag=POSPLDRAFT_91270] [protein=predicted protein] [protein_id=EED85939.1] [location=join(43479..43560,43746..43802,44029..44843)] [gbkey=CDS]",6,3,3,1,7,3,11,4,3,7,4,1,2,3,5,1,4,4,5,5,3,4,6,3,12,13,7,6,3,4,8,3,5,9,13,5,5,8,9,7,8,18,5,5,3,4,7,5,0,2,0,7,4,3,7,2,0,5,3,4,0,4,4,1
"lcl|EQ966233.1_cds_EED86020.1_10 [locus_tag=POSPLDRAFT_87648] [db_xref=InterPro:IPR001248] [protein=predicted protein] [protein_id=EED86020.1] [location=complement(join(47695..47865,47921..48049,48112..48192,48252..48327,48385..48617,48712..48714,48849..49097,49176..49194,49249..49319,49372..49591,49647..49750,49809..49934))] [gbkey=CDS]",3,18,8,6,9,5,7,5,2,10,2,3,6,20,13,6,6,3,3,3,7,3,9,10,3,8,6,2,2,11,13,12,5,8,8,10,12,13,20,9,7,7,5,5,5,19,8,2,0,13,0,5,13,7,8,7,0,5,22,1,4,20,9,11
"lcl|EQ966233.1_cds_EED85940.1_11 [locus_tag=POSPLDRAFT_91272] [protein=predicted protein] [protein_id=EED85940.1] [location=join(58299..58530,58591..58929,58981..59154,60261..60310,60364..60623,60677..61211,61309..61411,61551..61804,61867..62325)] [gbkey=CDS]",13,11,20,6,15,13,16,8,5,15,8,6,7,22,20,8,3,13,20,16,10,6,17,12,7,11,5,8,5,21,27,10,15,28,30,18,19,19,29,22,12,15,3,14,4,28,22,7,0,11,0,11,8,16,12,12,0,8,15,1,0,22,13,2
"lcl|EQ966233.1_cds_EED85941.1_12 [locus_tag=POSPLDRAFT_91274] [protein=predicted protein] [protein_id=EED85941.1] [location=join(72283..72616,72709..73322)] [gbkey=CDS]",2,0,3,2,5,7,8,3,0,7,4,0,2,14,3,2,1,8,10,1,7,18,11,7,1,18,2,2,0,19,7,1,4,6,11,1,4,11,17,4,3,9,9,4,2,3,3,1,0,1,0,2,3,7,12,5,0,2,0,0,1,8,3,3
"lcl|EQ966233.1_cds_EED85942.1_13 [locus_tag=POSPLDRAFT_91276] [db_xref=InterPro:IPR000637] [protein=predicted protein] [protein_id=EED85942.1] [location=join(75009..75061,75175..75211,75333..75368,75472..75894,75927..76913,76967..77423,77650..77765,77891..77910,77939..78014)] [gbkey=CDS]",8,17,21,13,6,7,15,9,3,9,5,5,5,21,12,7,4,9,29,5,10,30,42,9,5,10,10,8,3,14,16,2,7,22,35,13,17,14,26,11,9,26,15,10,7,14,22,3,0,10,0,6,2,7,19,11,0,12,9,3,0,17,9,8
"lcl|EQ966233.1_cds_EED85943.1_14 [locus_tag=POSPLDRAFT_91282] [protein=predicted protein] [protein_id=EED85943.1] [location=join(99868..100080,100146..100301,100351..100429,100482..100590,100649..100668,100720..100828,100893..101211)] [gbkey=CDS]",1,7,7,2,6,6,9,3,3,8,1,5,5,15,9,8,2,3,11,0,2,3,4,0,1,5,3,3,0,8,10,4,1,6,9,5,5,6,10,4,3,7,6,4,2,21,6,5,0,7,0,6,3,8,7,3,0,7,12,0,1,16,6,3
"lcl|EQ966233.1_cds_EED85944.1_15 [locus_tag=POSPLDRAFT_91286] [protein=predicted protein] [protein_id=EED85944.1] [location=join(111499..111595,111697..111994,112047..112341,112442..112624)] [gbkey=CDS]",2,7,10,5,4,2,4,2,3,8,2,4,0,8,8,2,3,5,9,3,5,3,7,5,3,6,3,4,2,3,4,1,6,9,8,8,8,6,11,6,6,13,4,3,3,5,8,0,0,3,0,4,4,7,5,6,0,2,5,2,0,6,2,2
"lcl|EQ966233.1_cds_EED86021.1_16 [locus_tag=POSPLDRAFT_91287] [protein=predicted protein] [protein_id=EED86021.1] [location=complement(join(112784..113193,113242..114133,114345..114407))] [gbkey=CDS]",6,7,8,2,6,11,5,8,2,9,7,3,3,16,6,3,4,8,7,11,5,8,6,2,5,18,3,9,7,25,12,6,6,17,12,10,8,9,9,5,1,8,2,6,3,16,11,5,0,3,0,3,8,12,12,6,0,8,8,4,1,9,8,5
"lcl|EQ966233.1_cds_EED85945.1_18 [locus_tag=POSPLDRAFT_91294] [protein=predicted protein] [protein_id=EED85945.1] [location=join(135724..135789,135843..136128,136208..136289,136486..137518,137548..137574)] [gbkey=CDS]",3,7,11,6,9,9,9,8,7,8,1,7,2,10,7,7,9,10,16,8,10,15,14,13,4,12,6,6,4,8,4,2,14,21,16,15,11,12,18,7,3,14,7,5,2,13,4,7,0,3,0,3,13,10,14,1,0,3,7,0,2,8,5,6
"lcl|EQ966233.1_cds_EED85946.1_19 [locus_tag=POSPLDRAFT_87655] [db_xref=InterPro:IPR007533] [protein=cytochrome oxidase assembly factor] [protein_id=EED85946.1] [location=join(139535..139552,139609..139926,139979..140145,140200..140320)] [gbkey=CDS]",2,3,10,4,3,1,3,4,1,0,4,2,1,4,4,3,4,2,4,0,2,2,4,6,0,1,2,1,3,5,0,3,5,8,9,7,6,5,6,4,3,3,3,3,4,7,6,2,0,6,0,2,1,3,2,0,0,4,1,0,0,12,3,3
lcl|EQ966233.1_cds_EED86022.1_20 [locus_tag=POSPLDRAFT_91297] [protein=predicted protein] [protein_id=EED86022.1] [location=complement(144491..146098)] [gbkey=CDS],3,8,14,4,6,13,14,1,4,9,3,3,5,13,9,8,2,11,10,6,6,11,8,11,0,10,6,9,3,33,22,4,10,23,19,13,9,10,20,6,3,13,7,5,5,15,14,3,0,5,0,3,1,10,10,11,0,8,17,1,2,10,5,7
"lcl|EQ966233.1_cds_EED86023.1_21 [locus_tag=POSPLDRAFT_91298] [protein=predicted protein] [protein_id=EED86023.1] [location=complement(join(147193..148797,148876..148964,149218..149317))] [gbkey=CDS]",7,13,11,11,9,11,12,5,5,4,4,5,8,15,8,8,10,13,14,6,10,13,11,11,8,12,4,5,5,26,16,15,13,13,26,13,11,4,13,8,5,13,7,8,3,13,10,5,0,10,0,4,6,14,14,10,0,6,12,8,1,10,10,11
"lcl|EQ966233.1_cds_EED85947.1_22 [locus_tag=POSPLDRAFT_91303] [protein=predicted protein] [protein_id=EED85947.1] [location=join(170275..170298,170665..170759,170815..171083,171303..171436,171493..171664,171714..171949)] [gbkey=CDS]",6,8,16,10,5,9,1,3,3,2,3,3,4,11,11,10,8,0,7,6,4,2,0,3,0,4,2,1,1,1,3,11,13,3,9,11,4,3,0,12,3,3,2,6,3,4,3,12,0,4,0,7,2,5,0,5,0,2,5,4,0,12,7,6
"lcl|EQ966233.1_cds_EED85948.1_23 [locus_tag=POSPLDRAFT_91305] [protein=predicted protein] [protein_id=EED85948.1] [location=join(219637..219898,220100..220302)] [gbkey=CDS]",3,3,1,0,3,2,3,1,3,5,2,0,1,1,3,1,0,2,4,3,3,3,1,0,0,2,2,1,0,3,3,5,5,4,11,4,2,3,6,1,2,5,6,6,1,3,6,4,0,1,0,0,0,1,0,0,0,5,4,2,0,2,3,2
lcl|EQ966233.1_cds_EED86024.1_24 [locus_tag=POSPLDRAFT_91307] [protein=predicted protein] [protein_id=EED86024.1] [location=complement(227589..228212)] [gbkey=CDS],1,3,8,3,1,6,5,1,1,5,1,2,0,1,5,1,0,5,10,1,0,14,7,3,0,6,1,1,0,6,0,2,0,7,9,1,1,10,7,8,1,10,2,3,1,3,4,2,0,7,0,0,4,5,10,4,0,1,1,0,0,3,2,0
"lcl|EQ966233.1_cds_EED85949.1_25 [locus_tag=POSPLDRAFT_91308] [protein=predicted protein] [protein_id=EED85949.1] [location=join(229830..229854,230024..230207,230263..230292,230352..230482,230665..230792)] [gbkey=CDS]",1,1,2,3,4,0,4,4,2,6,0,1,1,4,2,3,1,1,2,4,2,2,0,0,3,1,1,6,1,2,3,0,11,10,12,4,6,4,1,1,3,4,1,4,3,3,4,2,0,4,0,1,0,1,1,1,0,0,2,3,2,3,6,0
"lcl|EQ966233.1_cds_EED86025.1_26 [locus_tag=POSPLDRAFT_91309] [protein=predicted protein] [protein_id=EED86025.1] [location=complement(join(232623..232652,232695..232850,233135..233362,233394..233546))] [gbkey=CDS]",2,3,3,2,6,1,1,4,0,6,3,0,0,4,1,2,2,1,2,2,1,5,3,1,3,6,4,6,2,3,6,4,3,3,9,2,6,4,2,6,3,6,2,1,3,5,4,1,0,4,0,3,2,2,6,1,0,4,4,2,2,3,4,1
"lcl|EQ966233.1_cds_EED86026.1_27 [locus_tag=POSPLDRAFT_91313] [db_xref=InterPro:IPR007361] [protein=predicted protein] [protein_id=EED86026.1] [location=complement(join(243586..243771,243830..244015,244067..244319,244382..244485))] [gbkey=CDS]",4,3,11,3,2,3,4,6,2,2,2,1,1,5,1,4,3,0,8,3,5,3,5,6,2,6,0,2,1,4,4,4,8,5,8,11,5,5,2,1,3,4,3,1,1,9,5,10,0,9,0,3,2,3,3,4,0,2,6,1,1,8,4,4
"lcl|EQ966233.1_cds_EED86027.1_28 [locus_tag=POSPLDRAFT_91315] [protein=predicted protein] [protein_id=EED86027.1] [location=complement(join(249405..249541,249568..249865,249908..250051,250101..250421,250503..250505,250693..250821))] [gbkey=CDS]",16,4,22,5,4,9,1,2,6,5,3,4,4,5,4,2,5,4,10,1,2,5,7,6,7,7,3,3,1,9,2,1,10,19,24,8,6,2,12,11,5,5,4,1,2,5,3,2,0,5,0,0,10,7,9,3,0,3,2,1,0,7,7,0
"lcl|EQ966233.1_cds_EED86028.1_29 [locus_tag=POSPLDRAFT_91318] [db_xref=InterPro:IPR000873] [protein=predicted protein] [protein_id=EED86028.1] [location=complement(join(264485..264952,265009..265262,265409..265481,265605..266133,266189..266448,266498..266555,266609..266759,266813..266831,266877..267050,267107..267325,267444..267475,268186..268220,268276..268358,268411..268473,268515..268646,268702..268862,268928..269269,269325..269415))] [gbkey=CDS]",16,28,30,20,18,15,10,9,4,16,6,9,13,23,19,13,13,15,17,16,8,18,21,19,5,16,7,7,11,26,25,12,20,35,33,28,19,39,23,27,10,21,15,15,8,42,28,16,0,23,0,8,14,15,20,13,0,2,20,5,6,29,16,11
"lcl|EQ966233.1_cds_EED86029.1_31 [locus_tag=POSPLDRAFT_91319] [protein=predicted protein] [protein_id=EED86029.1] [location=complement(join(271912..272965,273022..273404,273473..273589))] [gbkey=CDS]",7,7,7,4,8,7,8,6,2,10,7,0,3,14,7,5,9,10,8,6,8,8,8,7,6,6,8,2,8,13,13,7,18,26,35,10,12,9,12,11,8,15,4,6,6,17,13,5,0,7,0,2,4,9,3,9,0,4,19,4,2,16,1,0
"lcl|EQ966233.1_cds_EED86030.1_32 [locus_tag=POSPLDRAFT_91322] [protein=predicted protein] [protein_id=EED86030.1] [location=complement(join(281403..281599,281659..281780,281832..282352,282403..282603))] [gbkey=CDS]",7,9,17,1,5,6,5,1,0,4,2,2,3,14,2,5,1,6,3,2,4,3,9,2,1,7,0,3,0,9,5,5,5,17,16,6,9,5,17,6,7,12,7,3,5,12,12,5,0,9,0,3,1,6,12,2,0,3,9,0,0,6,2,5
"lcl|EQ966233.1_cds_EED86031.1_33 [locus_tag=POSPLDRAFT_117427] [db_xref=InterPro:IPR001790,InterPro:IPR001813] [protein=60S acidic ribosomal protein P0] [protein_id=EED86031.1] [location=complement(join(289677..289697,289754..289894,290065..290783,290837..290903))] [gbkey=CDS]",1,12,16,1,1,6,4,5,1,1,0,0,1,16,8,5,1,4,7,0,0,9,4,3,0,3,1,8,0,12,5,3,4,11,19,2,1,17,8,14,1,15,1,7,0,21,4,3,0,7,0,0,2,7,6,4,0,0,0,0,0,14,5,3
"lcl|EQ966233.1_cds_EED85951.1_34 [locus_tag=POSPLDRAFT_91326] [protein=predicted protein] [protein_id=EED85951.1] [location=join(291506..291576,291630..292393,292486..294857)] [gbkey=CDS]",11,14,23,14,15,14,14,18,10,18,8,10,3,22,20,9,15,17,21,22,13,14,16,11,24,29,15,21,10,31,35,26,22,25,20,19,29,25,17,28,14,24,11,5,14,30,27,10,0,14,0,11,16,24,22,20,0,7,17,5,13,27,19,9
"lcl|EQ966233.1_cds_EED85952.1_35 [locus_tag=POSPLDRAFT_91327] [db_xref=InterPro:IPR002893] [protein=predicted protein] [protein_id=EED85952.1] [location=join(295572..295627,295874..296309,296388..297019,297077..297323,297636..297723,297924..298221,298358..298408,298516..298567,298701..298844,299031..299053,299083..299329,299385..299678)] [gbkey=CDS]",5,14,35,11,8,11,13,7,6,16,5,5,9,24,19,10,7,11,23,8,13,13,18,14,13,15,9,13,3,35,30,10,9,32,31,20,16,17,26,15,13,21,11,8,12,27,13,10,0,12,0,8,2,9,15,16,0,19,11,12,3,18,8,7
"lcl|EQ966233.1_cds_EED85954.1_37 [locus_tag=POSPLDRAFT_91330] [protein=predicted protein] [protein_id=EED85954.1] [location=join(316512..317123,317176..317490,317541..318152,318205..318396,318446..318550,318602..319468)] [gbkey=CDS]",0,6,28,5,9,9,25,13,2,19,7,2,2,18,15,6,7,9,37,4,3,2,4,6,8,17,15,12,1,36,36,12,20,36,80,15,20,24,32,17,13,17,11,17,4,41,29,15,0,10,0,0,8,11,21,18,0,9,20,8,1,12,14,1
"lcl|EQ966233.1_cds_EED85955.1_38 [locus_tag=POSPLDRAFT_91334] [protein=predicted protein] [protein_id=EED85955.1] [location=join(333226..333563,333619..333669,333793..333908,333958..334340)] [gbkey=CDS]",5,6,2,4,2,7,4,5,2,3,3,2,1,10,4,7,16,3,5,3,2,2,3,0,1,2,1,1,1,4,5,3,13,7,21,8,7,13,19,13,4,2,4,10,3,2,8,5,0,2,0,1,1,3,8,0,0,0,1,1,4,7,5,3
"lcl|EQ966233.1_cds_EED85956.1_39 [locus_tag=POSPLDRAFT_108707] [db_xref=InterPro:IPR001019] [protein=candidate G-protein alpha subunit] [protein_id=EED85956.1] [location=join(340333..340545,340676..340884,340933..341195,341277..341418,341467..341519,341566..341716,341769..341811,341861..341969,342024..342078,342128..342260,342320..342403)] [gbkey=CDS]",6,14,21,3,3,11,8,4,2,11,3,2,3,17,3,6,7,5,15,7,8,4,7,5,5,14,10,6,6,24,10,6,10,24,18,11,9,8,9,6,2,10,5,4,1,16,9,8,0,10,0,4,5,10,12,5,0,1,6,1,3,12,3,5
"lcl|EQ966233.1_cds_EED85957.1_41 [locus_tag=POSPLDRAFT_91338] [protein=predicted protein] [protein_id=EED85957.1] [location=join(354714..354818,354863..355004,355264..355445,355498..355605,355633..355651,356049..356113,356194..356233,356283..356500,356640..356869,357126..357190,357859..358190)] [gbkey=CDS]",11,11,20,9,6,15,6,3,2,1,10,5,7,9,8,4,13,3,13,4,5,3,10,7,7,10,10,3,3,11,10,7,19,18,28,7,11,7,11,5,5,12,7,4,4,9,8,7,0,6,0,6,9,6,6,13,0,7,7,3,3,14,8,4
"lcl|EQ966233.1_cds_EED85958.1_42 [locus_tag=POSPLDRAFT_91339] [protein=predicted protein] [protein_id=EED85958.1] [location=join(359988..360015,360068..360104,360278..360359,360414..360439,360496..360521,360824..360839,361155..361214,361265..361319,361347..361416,361469..361493,361578..361716,362311..362362,362503..362656,362738..362768,363378..363443,363595..363693,363850..364026,364107..364383,364438..364524,364775..364836)] [gbkey=CDS]",6,12,12,3,12,6,10,6,5,8,3,3,5,13,14,8,9,9,19,4,5,5,16,7,2,11,5,3,7,13,15,12,8,18,12,10,10,8,14,13,6,8,6,2,5,8,10,5,0,8,0,10,5,6,13,9,0,4,10,1,5,18,10,11
"lcl|EQ966233.1_cds_EED86033.1_43 [locus_tag=POSPLDRAFT_91340] [protein=predicted protein] [protein_id=EED86033.1] [location=complement(join(365110..365526,365577..365681,365738..366415,366467..366718,366775..367303,367353..367507))] [gbkey=CDS]",5,9,18,7,11,13,12,5,4,7,6,5,0,21,14,7,5,8,18,1,13,30,21,29,7,11,6,5,5,34,12,8,10,31,20,12,14,14,19,14,9,15,2,4,7,38,17,12,0,9,0,2,10,25,17,13,0,2,6,2,2,18,5,4
"lcl|EQ966233.1_cds_EED85959.1_44 [locus_tag=POSPLDRAFT_91341] [protein=predicted protein] [protein_id=EED85959.1] [location=join(372276..372304,372420..372496,372566..372621,372674..372745,373045..373146,373203..373291,373345..373810)] [gbkey=CDS]",5,6,7,2,5,4,3,4,3,5,1,5,8,8,6,7,3,3,6,2,1,3,3,2,3,3,3,1,3,8,11,2,5,8,7,8,7,7,6,13,7,4,3,7,4,5,3,4,0,8,0,5,2,4,2,3,0,6,6,1,3,8,7,6
"lcl|EQ966233.1_cds_EED85960.1_46 [locus_tag=POSPLDRAFT_91343] [db_xref=InterPro:IPR000626] [protein=predicted protein] [protein_id=EED85960.1] [location=join(380259..380285,380542..380624,380682..380779,380832..381167,381224..381514,381578..381612)] [gbkey=CDS]",5,4,11,3,4,6,6,3,1,6,3,1,1,10,7,6,9,3,11,2,4,5,4,3,1,9,2,3,3,8,9,8,9,10,8,10,6,4,4,2,6,3,1,9,4,7,5,5,0,2,0,2,4,5,2,3,0,2,0,1,3,4,4,2
"lcl|EQ966233.1_cds_EED85962.1_49 [locus_tag=POSPLDRAFT_91346] [protein=predicted protein] [protein_id=EED85962.1] [location=join(392445..393167,393219..393530,393584..394183,394235..394426,394475..394579,394631..395332,395435..395610,395659..395791,395987..396062,396096..396163)] [gbkey=CDS]",6,13,53,5,4,5,16,16,3,16,3,6,3,13,17,10,11,11,29,5,5,3,8,8,8,23,17,20,2,42,24,24,14,43,89,19,23,30,46,27,9,22,15,21,5,28,35,13,0,12,0,6,6,12,23,26,0,10,20,6,2,17,14,5
lcl|EQ966233.1_cds_EED85963.1_50 [locus_tag=POSPLDRAFT_91350] [protein=predicted protein] [protein_id=EED85963.1] [location=421281..422150] [gbkey=CDS],0,3,1,3,5,6,11,3,2,7,2,1,1,11,3,1,4,5,4,3,4,12,7,4,3,12,5,3,2,7,4,5,2,12,9,1,5,14,12,1,5,8,2,3,3,9,9,2,0,4,0,1,3,11,6,4,0,6,4,0,0,6,1,1
"lcl|EQ966233.1_cds_EED85964.1_51 [locus_tag=POSPLDRAFT_91352] [protein=predicted protein] [protein_id=EED85964.1] [location=join(430826..431358,431528..431596,431696..431891,432205..432239,432540..432678,433238..433480,433684..433974,434023..434230,434284..434330,434724..434777,435289..435359,435422..435446,435542..435692,435861..435862,436867..437109,437161..437838,437895..437999,438050..438457)] [gbkey=CDS]",15,12,25,15,10,17,20,13,14,17,12,6,8,36,27,11,13,11,30,15,27,32,25,32,13,25,14,10,11,29,33,20,24,41,36,26,19,19,26,21,18,20,12,5,10,36,29,16,0,17,0,10,16,24,26,29,0,6,16,7,1,31,12,12
"lcl|EQ966233.1_cds_EED86036.1_52 [locus_tag=POSPLDRAFT_91353] [protein=predicted protein] [protein_id=EED86036.1] [location=complement(join(439151..439203,439266..439414,439480..439504,439554..439615,439752..439811,440009..440098,440129..440144,440357..440384,440451..440476,440687..440766,440863..440966,441027..441105,441155..441222))] [gbkey=CDS]",3,5,6,5,6,7,1,7,3,5,1,3,6,5,6,5,6,7,6,7,4,1,3,2,1,4,2,3,7,12,4,6,2,5,2,7,5,3,3,3,5,8,3,4,3,5,5,6,0,5,0,10,5,1,3,4,0,1,7,3,1,10,4,6
"lcl|EQ966233.1_cds_EED86037.1_53 [locus_tag=POSPLDRAFT_91355] [protein=predicted protein] [protein_id=EED86037.1] [location=complement(join(471106..471257,471612..471690,471721..471801,471882..471886,471936..471987,472039..472192,472249..472508))] [gbkey=CDS]",2,6,3,6,3,10,4,4,1,4,1,0,5,5,6,2,4,3,5,3,9,5,2,6,4,3,4,7,1,4,7,2,9,5,8,5,6,7,3,11,1,6,4,4,2,10,5,3,0,2,0,3,5,7,3,4,0,0,4,1,0,1,6,3
"lcl|EQ966233.1_cds_EED86038.1_54 [locus_tag=POSPLDRAFT_91358] [protein=predicted protein] [protein_id=EED86038.1] [location=complement(join(481415..481506,481567..481609,481694..481894,481921..482097,482161..482231,482281..482344,482404..482623,483055..483117,483175..483236,483402..483450,483592..483662))] [gbkey=CDS]",2,7,6,3,5,7,11,4,4,5,4,1,1,12,8,4,8,9,7,2,6,5,3,4,1,10,5,4,0,13,8,4,8,8,8,8,4,15,13,8,3,13,4,3,2,14,10,0,0,3,0,4,4,6,8,5,0,5,10,2,1,14,7,6
"lcl|EQ966233.1_cds_EED86039.1_55 [locus_tag=POSPLDRAFT_91359] [protein=predicted protein] [protein_id=EED86039.1] [location=complement(join(488412..488554,488671..488848,489404..489559,489623..489881,489944..489948,489999..490205,490266..490328,490833..490901,490929..491036,491094..491346,491396..491400,491470..491679,491723..491827))] [gbkey=CDS]",16,12,21,11,6,8,7,4,4,5,7,4,7,14,13,8,15,6,13,7,5,6,8,6,9,15,9,8,3,10,10,10,24,16,25,6,18,13,11,12,12,6,9,5,6,13,17,4,0,12,0,6,9,8,8,13,0,3,9,3,2,10,10,8
"lcl|EQ966233.1_cds_EED86040.1_56 [locus_tag=POSPLDRAFT_91360] [protein=predicted protein] [protein_id=EED86040.1] [location=complement(join(495120..495350,495376..495576,495625..495966))] [gbkey=CDS]",1,5,4,4,5,3,4,6,2,2,2,6,5,5,1,5,3,8,7,4,7,10,4,3,3,5,2,0,3,13,4,4,6,10,12,7,7,5,4,1,3,2,3,4,2,2,2,4,0,8,0,1,5,6,3,5,0,2,2,1,0,4,4,1
"lcl|EQ966233.1_cds_EED85965.1_57 [locus_tag=POSPLDRAFT_91361] [protein=predicted protein] [protein_id=EED85965.1] [location=join(496930..497084,497134..497638,497695..497946,497998..498669,498722..498826,498877..499302)] [gbkey=CDS]",3,9,19,7,9,14,15,6,4,8,7,2,3,17,13,17,8,8,13,1,10,31,16,30,8,8,8,7,7,30,11,10,12,30,17,13,11,22,18,8,5,13,3,7,8,32,16,13,0,9,0,1,8,22,20,14,0,3,6,2,0,16,10,5
"lcl|EQ966233.1_cds_EED86041.1_58 [locus_tag=POSPLDRAFT_91363] [protein=predicted protein] [protein_id=EED86041.1] [location=complement(join(503792..503809,503861..503987,504319..504378,504427..504527,504579..504621,505064..505089,505141..505170,505224..505242,505278..505326,505505..505548,505710..505780))] [gbkey=CDS]",3,7,2,7,3,3,6,3,1,1,4,1,6,11,4,4,1,3,2,2,4,0,1,2,1,6,3,3,1,3,4,3,6,5,9,3,4,2,3,5,2,3,3,0,2,3,2,2,0,5,0,1,5,0,1,1,0,2,3,2,4,5,6,0
"lcl|EQ966233.1_cds_EED86042.1_59 [locus_tag=POSPLDRAFT_91369] [protein=predicted protein] [protein_id=EED86042.1] [location=complement(join(533644..534081,534132..534236,534289..534969,535021..535272,535311..535836,535886..536097))] [gbkey=CDS]",3,8,19,8,14,15,8,7,5,7,7,3,1,18,15,12,5,10,14,3,12,36,20,25,9,10,10,5,6,28,11,9,11,32,19,13,14,15,22,10,8,18,2,5,7,43,16,11,0,10,0,1,8,27,17,18,0,2,7,2,0,19,10,6
"lcl|EQ966233.1_cds_EED85966.1_60 [locus_tag=POSPLDRAFT_91370] [protein=predicted protein] [protein_id=EED85966.1] [location=join(538348..538452,538508..538705,538776..538780,538830..539082,539140..539293,539706..539770,539851..539913,540028..540180,540231..540235,540298..540556,540620..540775,540966..541026,541529..541860)] [gbkey=CDS]",10,14,22,11,5,10,6,4,4,5,6,5,7,14,10,7,15,5,13,7,7,5,8,5,12,12,8,7,5,13,10,9,24,19,28,8,16,10,10,8,13,12,6,8,6,13,14,8,0,10,0,4,9,8,10,13,0,8,7,4,3,19,13,9
"lcl|EQ966233.1_cds_EED85967.1_61 [locus_tag=POSPLDRAFT_91371] [protein=predicted protein] [protein_id=EED85967.1] [location=join(543168..543191,543490..543516,543558..543644,543922..544062,544117..544142,544199..544224,544275..544318,544587..544640,544777..544797,545047..545116,545169..545193,545253..545412)] [gbkey=CDS]",4,9,4,3,3,2,5,4,1,1,0,4,3,6,6,4,8,4,5,3,0,0,3,2,0,3,7,1,0,5,6,7,4,5,4,3,3,4,3,5,8,4,0,1,2,3,3,6,0,6,0,11,5,4,3,1,0,2,5,3,4,9,6,3
"lcl|EQ966233.1_cds_EED86043.1_62 [locus_tag=POSPLDRAFT_91374] [protein=predicted protein] [protein_id=EED86043.1] [location=complement(join(558055..558091,558222..558323,558408..558432,558483..558552,558602..558637,558679..558760,558793..558893,558944..558986,559042..559057,559115..559312,559361..559419,559449..559474,559539..559566,559678..559739,559790..559826,559882..559895,559962..560040,560098..560168))] [gbkey=CDS]",4,7,5,8,8,6,7,5,4,5,4,4,8,16,4,5,2,5,8,6,2,1,2,4,3,1,2,3,6,10,9,10,3,6,8,6,10,4,7,5,7,7,3,11,3,9,8,8,0,10,0,8,8,4,1,1,0,3,8,3,3,12,12,8
"lcl|EQ966233.1_cds_EED86044.1_63 [locus_tag=POSPLDRAFT_91376] [protein=predicted protein] [protein_id=EED86044.1] [location=complement(join(591762..591858,591918..592069,592227..592298,592475..592493,592562..592575))] [gbkey=CDS]",1,6,2,1,0,1,2,0,1,3,2,2,2,0,1,0,5,2,3,2,1,2,3,0,2,4,3,1,2,4,6,1,1,7,6,1,1,2,4,1,2,2,0,1,1,2,0,2,0,2,0,1,1,0,4,1,0,2,1,1,0,1,3,1
"lcl|EQ966233.1_cds_EED85968.1_64 [locus_tag=POSPLDRAFT_91377] [protein=predicted protein] [protein_id=EED85968.1] [location=join(593877..593947,594003..594055,594111..594124,594200..594201,594257..594351,594410..594487,594538..594700,594755..594887)] [gbkey=CDS]",0,6,2,2,0,12,5,2,0,11,0,4,0,8,1,1,0,0,5,0,0,4,2,4,0,0,0,0,0,3,6,2,0,3,2,1,3,16,8,17,1,8,0,12,0,3,1,3,0,2,0,1,1,12,4,12,0,3,2,0,0,5,1,0
"lcl|EQ966233.1_cds_EED85969.1_65 [locus_tag=POSPLDRAFT_91378] [protein=predicted protein] [protein_id=EED85969.1] [location=join(600474..600576,600697..601110,601172..601680,601701..602084,602193..602615)] [gbkey=CDS]",3,7,13,4,8,9,16,5,2,10,4,1,4,12,7,4,7,11,18,8,4,13,12,11,2,17,7,3,3,14,15,5,6,19,32,15,20,16,34,6,3,19,8,7,5,27,24,7,0,5,0,7,4,10,15,18,0,7,7,2,1,15,5,5
"lcl|EQ966233.1_cds_EED86045.1_66 [locus_tag=POSPLDRAFT_91379] [db_xref=InterPro:IPR004304] [protein=predicted protein] [protein_id=EED86045.1] [location=complement(join(602927..603004,603062..603115,603175..603224,603281..603295,603354..603363,603447..603506,603526..603529,603552..603582,603634..603664,603720..603752,603812..603889,603939..603965,604089..604167,604217..604233,604291..604619,604673..604709,604760..604794,604853..604963,605015..605047,605106..605167,605225..605244,605452..605496))] [gbkey=CDS]",6,10,15,5,2,8,6,3,0,7,4,1,2,21,5,4,5,9,5,4,5,9,8,7,2,4,4,0,1,14,14,0,8,17,12,10,11,10,9,8,5,19,4,13,1,18,8,7,0,8,0,4,2,7,5,1,0,6,5,3,0,15,3,2
"lcl|EQ966233.1_cds_EED86046.1_67 [locus_tag=POSPLDRAFT_91380] [protein=predicted protein] [protein_id=EED86046.1] [location=complement(join(606125..606241,606302..606700,606758..606790,606845..607255))] [gbkey=CDS]",7,7,8,2,4,8,6,6,2,6,4,4,3,7,5,3,6,2,10,3,2,3,3,7,2,8,5,1,3,17,11,5,11,8,16,3,7,6,12,4,2,2,4,1,3,5,3,5,0,6,0,1,4,1,7,3,0,7,3,1,6,10,4,3
"lcl|EQ966233.1_cds_EED85970.1_69 [locus_tag=POSPLDRAFT_91382] [db_xref=InterPro:IPR001357] [protein=predicted protein] [protein_id=EED85970.1] [location=join(608590..608622,608681..608869,609165..609272,609331..609426,609485..609600,609658..609800,609865..609930,609985..610717,610786..610940,610992..611072,611132..611440,611499..611953,612014..612307)] [gbkey=CDS]",13,18,47,6,18,13,16,5,14,21,10,8,5,15,17,12,10,4,15,10,27,14,22,23,14,13,12,8,8,19,16,12,20,29,58,24,13,20,31,16,15,22,12,13,11,13,25,11,0,5,0,4,14,15,13,17,0,5,11,8,4,16,9,5
"lcl|EQ966233.1_cds_EED86048.1_70 [locus_tag=POSPLDRAFT_91385] [protein=predicted protein] [protein_id=EED86048.1] [location=complement(join(618436..618731,618788..618997,619100..619140,619262..619906,619960..620060,620257..620318,620370..620526,620581..620894,620945..620976,621029..621273,621411..621771,621828..622308,622357..622494,622549..622728,622781..623102))] [gbkey=CDS]",17,26,39,15,18,20,17,12,14,14,14,10,10,30,30,23,18,14,27,19,7,9,14,16,19,20,10,17,9,30,19,17,41,58,47,30,26,26,24,23,7,23,10,15,9,37,11,16,0,16,0,10,16,16,24,16,0,13,20,7,8,34,22,14
"lcl|EQ966233.1_cds_EED86050.1_72 [locus_tag=POSPLDRAFT_91390] [protein=predicted protein] [protein_id=EED86050.1] [location=complement(join(635269..635378,635559..635657,635972..636107,636201..636250,636520..636691,636758..637123,637233..637565,637826..637917,638198..638460,638517..638548,638606..638657,638705..638720,638764..638844,638990..638991,639140..639144,639198..639295,639347..639399,639464..639465,639523..639677,639945..640018,640061..640095,640250..640254,640341..640504,640831..641195,641474..643363,643787..643915))] [gbkey=CDS]",5,30,26,13,27,26,35,33,7,27,15,17,14,31,26,21,18,27,27,17,27,33,32,44,22,39,23,18,13,34,43,21,27,37,45,39,25,33,44,37,24,44,27,36,11,33,33,24,0,10,0,16,43,38,37,25,0,9,33,8,6,29,20,7
"lcl|EQ966233.1_cds_EED85971.1_73 [locus_tag=POSPLDRAFT_91391] [protein=predicted protein] [protein_id=EED85971.1] [location=join(644657..645035,645090..645266,645315..645429,645487..645795,645852..646239,646377..646621,646674..646705,646756..647069,647124..647280,647332..647393,647452..647690,647744..648388,648438..648862,649013..649239)] [gbkey=CDS]",23,27,44,12,17,21,19,9,11,17,15,7,13,30,30,17,18,19,32,29,10,8,15,15,17,23,13,14,10,32,19,14,42,53,44,35,20,29,23,23,13,25,10,11,12,43,18,21,0,13,0,10,16,20,21,11,0,16,19,8,8,41,19,12
"lcl|EQ966233.1_cds_EED85972.1_74 [locus_tag=POSPLDRAFT_91392] [protein=predicted protein] [protein_id=EED85972.1] [location=join(650304..650496,650550..650680,651016..651933,652034..652919,653473..653494,653625..653987,654111..654214,654304..654632)] [gbkey=CDS]",7,25,26,11,10,15,19,15,8,17,10,15,5,12,16,9,26,11,39,11,30,20,17,25,14,21,11,10,10,13,23,9,27,28,45,27,18,17,30,19,15,19,9,10,8,15,17,11,0,12,0,7,16,20,22,25,0,5,10,8,4,16,8,2
"lcl|EQ966233.1_cds_EED86051.1_75 [locus_tag=POSPLDRAFT_91397] [protein=predicted protein] [protein_id=EED86051.1] [location=complement(join(679533..682175,682274..682525,682581..683059,683089..683411,683945..683963,684076..684279,684332..684497))] [gbkey=CDS]",6,14,44,14,9,15,35,10,8,24,6,6,10,24,24,13,7,25,44,7,28,53,59,41,10,38,21,14,10,38,31,15,18,50,50,13,29,47,70,17,15,42,25,14,12,32,39,11,0,14,0,13,8,29,40,15,0,5,9,1,4,17,10,8
"lcl|EQ966233.1_cds_EED85973.1_76 [locus_tag=POSPLDRAFT_91400] [db_xref=InterPro:IPR000704] [protein=predicted protein] [protein_id=EED85973.1] [location=join(690326..690381,690433..690436,690491..690638,690686..690795,690855..691324,691378..691423)] [gbkey=CDS]",2,4,9,5,3,3,4,1,2,2,1,2,1,5,2,7,4,4,7,1,4,5,3,2,2,6,6,7,3,8,6,6,6,19,13,3,4,2,7,4,1,10,5,3,0,9,5,2,0,9,0,3,4,5,6,2,0,2,4,3,1,10,6,1
"lcl|EQ966233.1_cds_EED85974.1_77 [locus_tag=POSPLDRAFT_44054] [db_xref=InterPro:IPR000073] [protein=hypothetical protein] [protein_id=EED85974.1] [location=join(713629..713789,713839..713911,713963..714087,714148..714352,714409..714602,714678..714861)] [gbkey=CDS]",4,12,11,2,6,4,5,0,0,3,2,1,5,11,10,5,3,15,3,4,3,13,6,4,2,11,1,2,2,15,11,2,4,11,10,2,6,4,8,4,3,11,2,4,3,5,3,4,0,6,0,3,1,10,4,2,0,3,3,2,1,9,2,4
"lcl|EQ966233.1_cds_EED86052.1_78 [locus_tag=POSPLDRAFT_91405] [protein=predicted protein] [protein_id=EED86052.1] [location=complement(join(715647..716775,716825..717114))] [gbkey=CDS]",0,3,13,3,4,11,8,6,1,7,5,2,2,15,3,1,3,7,10,2,13,22,22,12,2,16,2,2,1,17,10,3,6,23,5,8,16,25,19,6,3,19,7,5,0,17,7,2,0,4,0,3,8,13,12,9,0,10,3,3,0,6,2,2
"lcl|EQ966233.1_cds_EED86053.1_79 [locus_tag=POSPLDRAFT_91408] [protein=predicted protein] [protein_id=EED86053.1] [location=complement(join(749080..749545,749800..750056,750083..750244,750275..750337))] [gbkey=CDS]",2,4,14,3,7,3,4,1,2,8,7,3,3,4,4,4,3,3,11,4,8,4,9,5,2,11,7,7,1,2,6,3,5,12,18,7,9,6,9,4,3,10,8,7,3,8,4,0,0,7,0,2,1,6,6,1,0,4,4,2,1,5,3,0
"lcl|EQ966233.1_cds_EED86054.1_80 [locus_tag=POSPLDRAFT_87675] [db_xref=InterPro:IPR007537] [protein=predicted protein] [protein_id=EED86054.1] [location=complement(join(752462..752665,752739..752846,752905..752993,753056..753270,753329..753460,753518..753621))] [gbkey=CDS]",7,8,6,2,4,5,9,3,0,3,4,1,4,5,4,4,5,7,10,3,6,2,7,1,3,5,6,1,3,8,6,2,7,10,9,6,6,4,8,4,1,11,1,2,2,7,3,1,0,8,0,6,5,5,7,2,0,1,4,0,2,7,2,7
"lcl|EQ966233.1_cds_EED85975.1_81 [locus_tag=POSPLDRAFT_91410] [db_xref=InterPro:IPR001878] [protein=predicted protein] [protein_id=EED85975.1] [location=join(753837..754076,754138..754570,754701..755083)] [gbkey=CDS]",4,2,17,2,6,6,2,3,2,1,1,4,1,7,5,1,9,5,14,3,9,8,10,11,6,11,7,2,5,10,6,1,10,12,16,5,4,13,9,9,3,8,0,5,2,5,8,2,0,8,0,2,3,3,7,5,0,5,2,4,2,7,6,4
"lcl|EQ966233.1_cds_EED85976.1_82 [locus_tag=POSPLDRAFT_91412] [protein=predicted protein] [protein_id=EED85976.1] [location=join(766419..766644,767025..767150,767278..767333,767454..767504,767883..768007,768907..768992,769314..769987)] [gbkey=CDS]",3,5,7,9,5,9,4,6,4,8,4,1,3,12,6,3,3,7,11,5,5,10,6,3,2,10,4,6,2,25,13,11,7,17,15,11,12,7,16,8,5,6,4,9,2,12,8,7,0,5,0,6,8,11,8,9,0,10,6,3,1,6,10,5
"lcl|EQ966233.1_cds_EED86056.1_84 [locus_tag=POSPLDRAFT_108749] [db_xref=InterPro:IPR001848] [protein=40S ribosomal protein S20] [protein_id=EED86056.1] [location=complement(join(791762..791815,791875..791973,792025..792125,792187..792307))] [gbkey=CDS]",2,2,14,1,0,5,3,2,0,5,0,1,0,10,0,1,0,3,2,0,0,5,0,1,0,2,1,4,0,5,1,1,1,5,8,0,0,3,2,3,1,1,0,4,0,8,2,0,0,3,0,0,0,2,2,1,0,1,1,0,0,1,3,0
"lcl|EQ966233.1_cds_EED86058.1_88 [locus_tag=POSPLDRAFT_91419] [protein=predicted protein] [protein_id=EED86058.1] [location=complement(join(807445..807877,808024..808081,808336..808339,808700..808704,808973..809099,809148..809321,809379..809426))] [gbkey=CDS]",2,6,15,4,3,6,5,5,2,8,5,2,2,7,5,3,1,3,7,10,6,7,3,8,4,5,2,1,1,7,11,10,8,1,7,4,4,7,1,4,1,5,0,2,2,6,7,3,0,5,0,2,5,7,5,6,0,1,5,1,0,8,2,6
"lcl|EQ966233.1_cds_EED85979.1_89 [locus_tag=POSPLDRAFT_91420] [protein=predicted protein] [protein_id=EED85979.1] [location=join(813699..814090,814220..815594)] [gbkey=CDS]",12,13,48,11,9,14,5,6,4,7,7,7,4,13,12,11,12,5,10,9,5,10,5,4,4,7,3,2,4,10,19,6,22,22,27,15,18,13,5,15,11,10,6,6,3,13,10,8,0,12,0,6,2,7,7,3,0,4,10,1,3,13,13,4
"lcl|EQ966233.1_cds_EED85980.1_90 [locus_tag=POSPLDRAFT_91421] [protein=predicted protein] [protein_id=EED85980.1] [location=join(840891..841223,841315..841555,842290..842345)] [gbkey=CDS]",2,6,5,3,4,4,1,2,1,3,0,0,1,6,1,2,3,1,5,0,1,8,0,3,4,6,4,2,2,8,5,3,2,4,7,3,6,17,2,3,8,4,5,3,1,5,3,0,0,4,0,0,2,2,6,1,0,4,5,1,0,10,3,1
"lcl|EQ966233.1_cds_EED85981.1_92 [locus_tag=POSPLDRAFT_91424] [db_xref=InterPro:IPR001356] [protein=predicted protein] [protein_id=EED85981.1] [location=join(854363..854682,854737..854858,854921..855025,855068..856056)] [gbkey=CDS]",3,4,11,6,9,15,15,6,4,6,3,10,4,6,9,7,11,5,13,8,13,11,24,14,1,9,6,3,3,12,7,3,9,15,9,7,14,17,11,10,3,16,5,7,6,9,9,3,0,4,0,8,19,10,12,7,0,6,7,1,5,8,5,7
"lcl|EQ966233.1_cds_EED86060.1_93 [locus_tag=POSPLDRAFT_91425] [protein=predicted protein] [protein_id=EED86060.1] [location=complement(join(856854..856991,857057..857749,857800..858051,858100..858137,858247..858277))] [gbkey=CDS]",5,3,14,4,6,6,8,5,2,9,3,9,2,9,7,3,6,2,12,1,2,0,3,1,6,15,2,6,4,8,14,9,10,15,35,7,11,9,20,9,1,3,1,2,5,12,5,1,0,3,0,3,3,6,9,5,0,3,1,2,2,5,6,2
"lcl|EQ966233.1_cds_EED86061.1_94 [locus_tag=POSPLDRAFT_91427] [protein=predicted protein] [protein_id=EED86061.1] [location=complement(join(869572..870390,870449..870700,870931..871026))] [gbkey=CDS]",2,2,8,2,6,7,10,3,4,7,1,1,1,7,6,7,13,6,25,9,2,0,0,0,7,13,7,5,2,16,15,4,17,13,30,7,17,13,22,6,0,5,4,4,3,6,2,3,0,3,0,0,2,5,9,4,0,1,2,1,1,1,5,3
"lcl|EQ966233.1_cds_EED85982.1_95 [locus_tag=POSPLDRAFT_91429] [protein=predicted protein] [protein_id=EED85982.1] [location=join(874991..875108,875167..875282,875337..875588,875642..876322,876376..877104,877166..877169,877221..877312)] [gbkey=CDS]",8,5,20,4,8,14,21,4,4,9,6,1,3,6,16,4,10,12,32,6,4,3,7,3,6,14,15,11,5,23,26,8,29,22,59,12,25,27,38,22,0,3,5,3,7,12,10,8,0,3,0,2,7,11,9,5,0,1,5,0,0,9,9,1
"lcl|EQ966233.1_cds_EED86062.1_96 [locus_tag=POSPLDRAFT_91430] [protein=predicted protein] [protein_id=EED86062.1] [location=complement(join(877660..877830,877884..878030))] [gbkey=CDS]",4,3,4,3,1,4,10,0,0,2,1,0,1,1,0,0,0,2,4,2,3,3,0,1,2,2,0,2,1,1,3,0,2,5,12,2,1,0,0,0,0,4,2,1,0,5,1,0,0,1,0,2,1,2,1,0,0,0,0,0,0,1,1,0
"lcl|EQ966233.1_cds_EED85983.1_97 [locus_tag=POSPLDRAFT_91433] [protein=predicted protein] [protein_id=EED85983.1] [location=join(898809..898819,898873..899399,899573..899577,899698..899839,900210..900246,900536..900551,900591..900605,901104..901180,901235..901366,901478..901566,901619..901696,901750..901900,902307..902684,902751..902796,903702..903788,903952..904155,904209..904271,904322..904372,904424..904483,904545..904632,904681..904762,904891..905155,905206..905259)] [gbkey=CDS]",7,11,18,12,9,14,15,19,4,16,6,11,13,38,20,17,12,5,17,10,11,13,12,14,9,18,7,15,7,19,11,15,19,20,29,15,14,16,18,23,16,28,10,10,8,26,20,11,0,11,0,14,26,12,20,28,0,6,9,3,5,13,23,6
"lcl|EQ966233.1_cds_EED85984.1_98 [locus_tag=POSPLDRAFT_91434] [protein=predicted protein] [protein_id=EED85984.1] [location=join(906259..906276,906331..906512,906648..906913,907004..907723,907755..907804)] [gbkey=CDS]",3,8,10,0,5,3,7,2,3,8,7,2,1,17,6,7,1,12,7,6,3,8,2,11,3,9,7,8,6,18,19,9,8,12,14,11,8,3,12,14,5,7,5,0,2,9,9,3,0,4,0,4,2,8,6,6,0,4,2,3,3,8,12,8
"lcl|EQ966233.1_cds_EED85985.1_100 [locus_tag=POSPLDRAFT_117488] [db_xref=InterPro:IPR001063] [protein=60S ribosomal protein L17/L23] [protein_id=EED85985.1] [location=join(926443..926446,926503..926544,926606..926677,926736..926864,926917..927044,927106..927309)] [gbkey=CDS]",4,7,11,1,2,6,3,4,0,3,1,0,0,6,1,3,0,5,8,0,0,5,0,1,1,11,4,6,1,7,3,2,4,4,8,2,7,5,8,5,1,1,0,7,0,6,2,3,0,7,0,0,0,2,2,3,0,1,1,0,0,4,1,1
"lcl|EQ966233.1_cds_EED86064.1_101 [locus_tag=POSPLDRAFT_91441] [protein=predicted protein] [protein_id=EED86064.1] [location=complement(join(965158..965273,965536..965651,965929..966005,966087..966194,966251..966655))] [gbkey=CDS]",1,6,3,4,3,5,2,1,2,5,2,1,3,8,6,4,5,2,5,4,6,6,1,6,2,6,5,5,1,9,7,4,5,8,8,5,12,8,6,7,5,5,3,4,4,8,9,5,0,1,0,1,1,10,3,4,0,1,2,1,1,6,4,5
"lcl|EQ966233.1_cds_EED85986.1_102 [locus_tag=POSPLDRAFT_87690] [protein=predicted protein] [protein_id=EED85986.1] [location=join(969800..970252,970286..970336,971028..971586,971638..971783)] [gbkey=CDS]",2,9,14,3,2,7,16,2,2,12,2,1,0,12,8,0,6,14,11,4,5,11,8,5,1,18,8,1,2,16,14,7,1,9,13,6,5,10,25,2,2,17,4,1,5,16,11,0,0,10,0,2,4,4,11,0,0,1,7,0,0,9,1,2
"lcl|EQ966233.1_cds_EED86065.1_103 [locus_tag=POSPLDRAFT_91445] [db_xref=InterPro:IPR000038] [protein=predicted protein] [protein_id=EED86065.1] [location=complement(join(978875..978888,978957..979071,979137..980127,980180..980226,980380..980691,980743..981129))] [gbkey=CDS]",10,8,19,8,4,15,15,10,3,13,6,3,7,13,10,6,8,8,9,6,9,14,14,11,4,32,6,9,4,19,14,7,12,24,27,14,10,11,31,6,4,12,8,5,2,16,16,6,0,3,0,2,4,14,21,9,0,3,3,1,1,18,8,5
"lcl|EQ966233.1_cds_EED86066.1_104 [locus_tag=POSPLDRAFT_91446] [protein=predicted protein] [protein_id=EED86066.1] [location=complement(join(982246..982489,982524..982627,982651..982974))] [gbkey=CDS]",2,4,4,0,5,3,10,1,0,7,1,2,0,2,8,2,2,1,9,0,2,8,8,3,1,4,9,5,1,2,8,3,1,3,12,2,6,7,12,6,5,8,3,1,1,3,4,4,0,0,0,1,3,5,12,5,0,0,1,0,0,0,0,0
"lcl|EQ966233.1_cds_EED85987.1_105 [locus_tag=POSPLDRAFT_91447] [protein=predicted protein] [protein_id=EED85987.1] [location=join(997332..997407,997459..997558,997623..998023,998207..998268)] [gbkey=CDS]",3,2,1,2,6,1,3,1,2,3,1,1,3,7,1,8,7,1,2,5,6,3,3,3,3,5,1,1,6,5,13,7,7,7,11,3,2,1,6,6,2,4,0,0,1,4,3,3,0,6,0,0,3,3,2,3,0,0,5,1,3,5,2,2
"lcl|EQ966233.1_cds_EED86067.1_106 [locus_tag=POSPLDRAFT_91448] [protein=predicted protein] [protein_id=EED86067.1] [location=complement(join(1000258..1000287,1000318..1001456,1001563..1001582,1001832..1001949,1002687..1002852,1003029..1003058))] [gbkey=CDS]",2,7,5,7,2,7,13,4,3,11,7,9,5,9,4,2,4,4,9,9,11,17,9,9,5,19,4,12,4,16,8,9,9,15,14,13,12,12,16,8,7,9,9,3,3,13,8,6,0,5,0,4,9,18,14,18,0,1,8,1,0,12,2,4
"lcl|EQ966233.1_cds_EED85988.1_107 [locus_tag=POSPLDRAFT_91450] [protein=predicted protein] [protein_id=EED85988.1] [location=join(1016062..1016150,1016325..1016379,1016506..1016610,1016755..1016811)] [gbkey=CDS]",1,1,6,1,2,0,3,0,2,2,2,2,2,2,1,3,3,2,1,2,0,0,2,0,2,1,1,1,1,5,0,0,1,6,3,0,4,0,3,2,2,4,1,4,0,4,3,1,0,3,0,0,1,0,0,0,0,2,3,0,0,1,1,0
"lcl|EQ966233.1_cds_EED86068.1_108 [locus_tag=POSPLDRAFT_91452] [protein=predicted protein] [protein_id=EED86068.1] [location=complement(join(1020560..1020667,1020723..1021848,1021973..1022057,1022104..1022119))] [gbkey=CDS]",1,7,8,3,4,10,12,2,4,15,6,0,3,12,6,1,3,7,11,7,4,17,16,2,4,21,4,5,3,32,26,4,7,14,12,4,5,16,27,0,2,12,3,2,1,8,8,2,0,8,0,0,3,5,8,5,0,6,3,2,0,10,6,4
"lcl|EQ966233.1_cds_EED85989.1_109 [locus_tag=POSPLDRAFT_91453] [db_xref=InterPro:IPR006016] [protein=predicted protein] [protein_id=EED85989.1] [location=join(1022774..1022815,1022880..1022918,1023229..1024118,1024172..1024206,1024268..1024326,1024378..1024498,1024562..1024628,1024679..1024736,1024794..1025057)] [gbkey=CDS]",5,9,14,5,1,2,21,1,3,16,4,3,2,12,9,3,3,8,17,2,1,12,18,3,4,29,12,6,3,15,11,3,3,39,32,10,6,13,21,3,7,28,6,2,2,15,11,3,0,3,0,3,2,6,23,4,0,2,3,1,1,9,7,1
"lcl|EQ966233.1_cds_EED86069.1_110 [locus_tag=POSPLDRAFT_91454] [protein=predicted protein] [protein_id=EED86069.1] [location=complement(join(1025416..1026104,1026146..1026392,1026444..1026645,1026699..1026796,1026853..1027000,1027047..1027159,1027219..1027350,1027401..1027547,1027602..1027734,1027791..1027860,1027968..1028205,1028252..1028254))] [gbkey=CDS]",13,15,31,4,10,11,9,10,6,12,3,9,8,15,12,9,11,13,18,11,11,11,10,12,7,7,8,11,10,22,11,7,22,18,29,26,10,11,13,19,8,17,15,13,8,9,13,11,0,15,0,8,11,15,17,22,0,3,6,3,1,18,10,10
"lcl|EQ966233.1_cds_EED85990.1_111 [locus_tag=POSPLDRAFT_43667] [protein=hypothetical protein] [protein_id=EED85990.1] [location=join(1040896..1041094,1041173..1041477,1041532..1042185)] [gbkey=CDS]",3,7,4,4,5,2,5,6,2,5,2,3,4,8,4,5,6,9,8,8,9,6,6,10,5,4,1,7,10,6,14,6,10,12,8,9,10,11,6,12,9,6,6,8,3,6,8,5,0,9,0,7,5,4,2,11,0,7,3,2,3,9,5,4
"lcl|EQ966233.1_cds_EED85991.1_113 [locus_tag=POSPLDRAFT_87698] [db_xref=InterPro:IPR002893] [protein=predicted protein] [protein_id=EED85991.1] [location=join(1052030..1052358,1052436..1052564,1052638..1052642,1052694..1053295)] [gbkey=CDS]",8,6,11,5,3,5,2,5,1,4,1,7,6,7,11,4,5,11,5,7,6,4,7,5,4,12,8,3,4,15,2,5,7,14,16,8,4,3,2,3,5,5,4,5,4,12,5,2,0,6,0,6,1,5,3,2,0,9,6,7,0,10,5,5
"lcl|EQ966233.1_cds_EED85992.1_114 [locus_tag=POSPLDRAFT_91462] [db_xref=InterPro:IPR005162] [protein=predicted protein] [protein_id=EED85992.1] [location=join(1061298..1062123,1062202..1062278)] [gbkey=CDS]",2,8,12,4,6,6,4,5,2,2,1,1,1,5,9,4,7,5,17,3,5,4,4,3,3,6,0,5,1,10,9,8,4,11,14,6,8,4,2,17,0,6,2,7,2,5,3,2,0,4,0,4,3,1,7,3,0,2,5,0,0,9,4,2
"lcl|EQ966233.1_cds_EED86071.1_115 [locus_tag=POSPLDRAFT_91463] [protein=predicted protein] [protein_id=EED86071.1] [location=complement(join(1062571..1063037,1063257..1063665))] [gbkey=CDS]",10,10,7,3,2,11,2,2,2,4,4,1,1,10,3,2,3,9,5,5,3,10,5,8,6,8,2,1,4,14,5,0,11,18,16,3,4,7,7,4,4,4,3,2,2,6,3,2,0,3,0,1,2,4,1,2,0,2,7,0,0,5,2,3
"lcl|EQ966233.1_cds_EED86072.1_117 [locus_tag=POSPLDRAFT_91468] [protein=predicted protein] [protein_id=EED86072.1] [location=complement(join(1109011..1109036,1109072..1109853,1109912..1110180))] [gbkey=CDS]",5,8,10,1,3,9,5,1,1,4,2,2,2,11,7,3,3,9,10,2,5,7,2,5,2,12,5,6,3,17,11,8,9,23,7,6,4,3,8,7,3,5,6,5,3,14,6,3,0,6,0,4,4,4,9,3,0,5,7,3,2,15,1,1
"lcl|EQ966233.1_cds_EED86073.1_118 [locus_tag=POSPLDRAFT_91470] [protein=predicted protein] [protein_id=EED86073.1] [location=complement(join(1114295..1114973,1115030..1115115))] [gbkey=CDS]",4,3,12,1,3,4,6,2,3,4,3,3,1,7,5,3,1,4,2,1,3,4,8,5,1,3,2,1,2,5,6,2,5,11,14,4,5,1,8,5,7,2,7,2,2,5,4,4,0,9,0,3,2,2,3,1,0,4,8,3,1,10,4,3
"lcl|EQ966233.1_cds_EED86074.1_119 [locus_tag=POSPLDRAFT_108796] [db_xref=InterPro:IPR005197] [protein=hypothetical protein] [protein_id=EED86074.1] [location=complement(join(1119402..1119659,1119725..1119879,1119942..1120368,1120429..1120768,1121035..1121288))] [gbkey=CDS]",1,20,8,4,3,23,18,8,0,7,1,2,0,12,6,5,2,9,15,2,2,6,9,5,0,8,0,2,3,15,3,6,3,25,7,6,10,14,21,7,0,22,6,7,2,21,4,8,0,21,0,3,0,17,14,8,0,2,14,2,0,20,1,6
"lcl|EQ966233.1_cds_EED86075.1_120 [locus_tag=POSPLDRAFT_91473] [protein=predicted protein] [protein_id=EED86075.1] [location=complement(join(1125852..1126431,1126707..1127044))] [gbkey=CDS]",6,2,8,9,2,3,4,3,3,2,3,1,5,4,10,6,1,5,4,6,3,1,5,3,8,4,6,2,4,8,6,7,15,9,12,16,6,5,7,8,3,3,3,1,3,8,4,2,0,5,0,3,4,5,1,7,0,5,4,1,3,8,4,5
"lcl|EQ966233.1_cds_EED86076.1_122 [locus_tag=POSPLDRAFT_91476] [protein=predicted protein] [protein_id=EED86076.1] [location=complement(join(1142950..1143251,1143333..1143552,1143657..1143704,1143878..1143954,1144012..1144205,1144302..1144470,1144523..1144565))] [gbkey=CDS]",1,5,6,1,5,4,7,3,8,7,7,5,1,3,6,4,5,8,7,9,7,5,5,2,12,11,12,6,1,3,5,7,5,9,12,4,9,4,23,11,6,18,10,5,2,5,6,3,0,2,0,0,1,1,6,1,0,7,12,4,0,2,2,1
"lcl|EQ966233.1_cds_EED85996.1_124 [locus_tag=POSPLDRAFT_91480] [protein=predicted protein] [protein_id=EED85996.1] [location=join(1164997..1165179,1165354..1165505,1165622..1165734,1165901..1165965,1166127..1166324)] [gbkey=CDS]",7,2,6,5,6,5,2,3,2,4,5,2,3,3,3,3,5,3,4,1,5,2,3,4,7,4,5,3,1,6,1,0,5,6,5,5,7,8,10,4,4,5,2,2,2,2,4,1,0,2,0,3,2,4,2,2,0,3,5,2,2,8,7,6
"lcl|EQ966233.1_cds_EED86077.1_125 [locus_tag=POSPLDRAFT_87703] [protein=predicted protein] [protein_id=EED86077.1] [location=complement(join(1178005..1178686,1178746..1178831))] [gbkey=CDS]",5,3,11,1,2,2,5,2,2,5,4,3,1,8,5,3,1,2,4,2,2,5,8,3,2,4,1,0,1,5,6,5,6,13,10,4,6,2,10,6,6,2,5,2,4,6,3,4,0,11,0,3,1,4,4,1,0,2,8,2,1,8,3,4
"lcl|EQ966233.1_cds_EED85997.1_126 [locus_tag=POSPLDRAFT_91485] [protein=predicted protein] [protein_id=EED85997.1] [location=join(1186442..1186705,1186817..1188472)] [gbkey=CDS]",5,11,17,4,16,13,10,3,3,5,5,6,3,17,4,5,8,10,19,10,12,18,11,11,2,13,2,8,7,22,18,2,12,28,23,13,17,9,24,10,7,20,5,12,6,17,12,12,0,8,0,12,14,15,12,8,0,0,11,3,3,9,8,8
"lcl|EQ966233.1_cds_EED86078.1_127 [locus_tag=POSPLDRAFT_91487] [protein=predicted protein] [protein_id=EED86078.1] [location=complement(join(1191383..1191704,1191784..1191867,1191962..1192295,1192341..1194285))] [gbkey=CDS]",18,10,22,8,8,12,11,10,14,14,10,19,4,9,9,18,9,11,14,11,22,23,24,32,18,22,18,11,6,22,16,14,30,40,28,30,17,19,24,18,6,17,13,9,6,14,12,7,0,5,0,5,26,19,26,19,0,3,2,2,7,7,7,6
"lcl|EQ966233.1_cds_EED85998.1_128 [locus_tag=POSPLDRAFT_91488] [protein=predicted protein] [protein_id=EED85998.1] [location=join(1194753..1194958,1195189..1195204,1195535..1195676,1195733..1195851)] [gbkey=CDS]",1,2,4,2,5,1,3,4,2,3,2,0,4,3,0,0,2,2,5,3,3,0,2,2,1,4,0,1,2,4,3,1,2,3,5,3,6,0,6,3,5,6,4,2,3,4,3,2,0,3,0,0,6,1,3,4,0,5,3,0,1,1,3,1
"lcl|EQ966233.1_cds_EED85999.1_129 [locus_tag=POSPLDRAFT_91489] [protein=predicted protein] [protein_id=EED85999.1] [location=join(1196791..1196838,1196891..1197011,1197064..1197137,1197187..1197504,1197576..1197828,1198516..1198537,1198601..1198668,1198717..1198752,1198805..1198959,1198987..1199700)] [gbkey=CDS]",8,3,10,10,10,16,11,4,10,9,2,7,2,7,8,3,10,9,18,9,12,16,16,11,15,14,10,10,5,15,8,14,4,21,19,7,9,14,16,15,9,14,7,8,2,11,13,6,0,4,0,7,18,17,13,11,0,12,4,2,2,14,10,0
"lcl|EQ966233.1_cds_EED86079.1_131 [locus_tag=POSPLDRAFT_91492] [protein=predicted protein] [protein_id=EED86079.1] [location=complement(join(1217698..1217710,1217736..1218541,1218657..1218860))] [gbkey=CDS]",2,6,8,3,4,8,5,1,0,6,0,2,4,10,6,2,5,2,5,7,8,9,6,4,1,7,1,1,2,21,10,6,10,20,17,9,5,11,11,4,4,5,4,3,2,11,3,1,0,4,0,5,1,6,6,7,0,3,4,2,3,7,2,7
"lcl|EQ966233.1_cds_EED86001.1_132 [locus_tag=POSPLDRAFT_91494] [protein=predicted protein] [protein_id=EED86001.1] [location=join(1226326..1226453,1226570..1226801,1226856..1226997,1227061..1227305)] [gbkey=CDS]",2,5,4,0,2,6,5,3,2,8,6,2,0,2,3,2,1,2,8,0,2,6,5,6,3,4,3,4,3,10,8,7,3,4,9,5,6,4,8,10,1,5,3,4,2,8,4,3,0,0,0,3,4,4,15,5,0,1,3,0,0,5,2,2
"lcl|EQ966233.1_cds_EED86080.1_133 [locus_tag=POSPLDRAFT_91497] [protein=predicted protein] [protein_id=EED86080.1] [location=complement(join(1249859..1250137,1250244..1250310,1250481..1250695,1250750..1251002,1251126..1251163,1251213..1251467,1251541..1251730,1251828..1251889))] [gbkey=CDS]",8,7,6,7,8,8,12,3,5,9,3,1,5,13,10,6,3,5,6,9,8,9,8,7,8,9,3,8,4,16,6,7,11,15,15,14,5,4,10,4,8,13,6,8,7,16,4,3,0,12,0,6,3,5,2,4,0,9,4,6,2,17,4,7
"lcl|EQ966233.1_cds_EED86081.1_134 [locus_tag=POSPLDRAFT_91501] [protein=predicted protein] [protein_id=EED86081.1] [location=complement(join(1264423..1264437,1264478..1266334,1266387..1266398))] [gbkey=CDS]",11,4,29,3,5,10,10,2,3,13,7,7,6,12,16,11,10,7,15,4,13,5,6,9,7,9,10,10,10,20,11,11,18,18,22,25,20,16,21,17,2,3,5,12,4,20,6,7,0,5,0,4,6,8,12,16,0,4,9,1,4,17,13,5
"lcl|EQ966233.1_cds_EED86003.1_136 [locus_tag=POSPLDRAFT_91504] [protein=hypothetical protein] [protein_id=EED86003.1] [location=join(1284163..1284194,1284318..1284389,1284454..1284682,1284712..1284748,1284805..1284898,1284950..1285069,1285117..1285387)] [gbkey=CDS]",7,4,8,3,3,2,7,4,5,3,1,3,6,2,5,2,5,9,9,3,4,2,4,5,2,4,2,1,4,6,7,3,6,13,5,5,6,5,3,4,5,6,5,2,3,12,7,7,0,8,0,8,2,3,2,1,0,2,7,0,5,5,6,5
"lcl|EQ966233.1_cds_EED86004.1_137 [locus_tag=POSPLDRAFT_91506] [protein=predicted protein] [protein_id=EED86004.1] [location=join(1290149..1290279,1290335..1290401,1290465..1290565,1290746..1290810,1290867..1290882,1290933..1291013,1291065..1291245,1292027..1292120,1292343..1292347,1292390..1292433,1292565..1292664,1292905..1292985,1293048..1293145,1293348..1293412,1293477..1293517)] [gbkey=CDS]",5,14,5,5,8,6,6,5,8,7,1,1,6,12,9,4,9,1,10,5,1,4,3,7,4,5,2,3,6,11,14,9,6,3,9,5,11,8,6,7,4,10,1,5,5,13,13,9,0,7,0,7,3,8,3,7,0,6,6,2,1,13,8,6
"lcl|EQ966233.1_cds_EED86082.1_138 [locus_tag=POSPLDRAFT_91512] [protein=predicted protein] [protein_id=EED86082.1] [location=complement(join(1323807..1323932,1323979..1324195,1324250..1324281,1324334..1324453,1324510..1324514,1324718..1324719,1324783..1324865,1324920..1325017,1325074..1325135,1325300..1325414,1325585..1325643,1325783..1325869,1326055..1326164))] [gbkey=CDS]",2,9,2,8,4,4,5,5,2,7,5,1,7,12,9,4,9,2,10,6,4,4,6,2,2,4,2,4,4,8,8,4,6,10,14,9,11,9,9,4,4,6,8,4,4,10,8,8,0,9,0,5,8,8,10,8,0,2,5,4,4,11,3,4
"lcl|EQ966233.1_cds_EED86005.1_139 [locus_tag=POSPLDRAFT_126101] [db_xref=InterPro:IPR000008,InterPro:IPR000719,InterPro:IPR000861,InterPro:IPR000961,InterPro:IPR002219] [protein=candidate protein kinase C] [protein_id=EED86005.1] [location=join(1339107..1339740,1339790..1340377,1340427..1340692,1340745..1341337,1341401..1341418,1341484..1341678,1341729..1341968,1342018..1342156,1342211..1342399,1342450..1342590,1342647..1342766,1342822..1342845)] [gbkey=CDS]",23,23,41,13,11,18,14,14,3,13,4,3,4,22,28,14,19,11,34,12,12,19,15,25,10,29,8,21,9,26,21,14,25,32,48,37,13,22,16,24,10,31,8,31,7,18,12,13,0,19,0,12,10,11,14,16,0,9,11,10,3,30,13,9
"lcl|EQ966233.1_cds_EED86083.1_140 [locus_tag=POSPLDRAFT_91519] [protein=predicted protein] [protein_id=EED86083.1] [location=complement(join(1356499..1356557,1356616..1356755,1356804..1357210))] [gbkey=CDS]",3,5,9,0,6,2,5,4,0,0,0,1,3,5,4,5,2,4,9,1,2,2,2,1,1,3,2,1,5,4,6,6,3,3,5,1,5,1,9,1,4,8,1,1,0,6,6,4,0,3,0,2,3,2,4,3,0,1,3,0,1,10,5,2
"lcl|EQ966233.1_cds_EED86084.1_141 [locus_tag=POSPLDRAFT_87716] [db_xref=InterPro:IPR001433,InterPro:IPR003097,InterPro:IPR008254] [protein=predicted protein] [protein_id=EED86084.1] [location=complement(join(1362550..1363029,1363083..1364056,1364106..1364442,1364644..1364820))] [gbkey=CDS]",7,20,33,6,7,5,9,7,0,11,2,3,1,20,11,11,5,12,9,3,8,14,9,6,3,14,7,7,6,22,15,5,8,22,47,12,11,14,22,13,9,17,3,22,2,30,13,8,0,18,0,7,1,11,12,10,0,6,9,0,1,17,5,6
"lcl|EQ966233.1_cds_EED86006.1_142 [locus_tag=POSPLDRAFT_91522] [db_xref=InterPro:IPR008839] [protein=predicted protein] [protein_id=EED86006.1] [location=join(1366358..1366512,1366656..1366933,1366990..1367723)] [gbkey=CDS]",5,7,10,5,4,2,6,4,3,5,6,2,3,5,10,6,9,4,18,2,5,4,3,3,9,12,5,3,5,7,7,6,12,13,20,8,14,6,16,10,5,2,6,2,4,9,10,6,0,5,0,4,4,9,7,3,0,2,8,0,2,8,7,0
"lcl|EQ966233.1_cds_EED86085.1_143 [locus_tag=POSPLDRAFT_86765] [protein=predicted protein] [protein_id=EED86085.1] [location=complement(join(1367787..1367823,1367874..1367965,1368023..1368328,1368382..1368584,1368690..1368754,1368807..1368886,1368943..1369026))] [gbkey=CDS]",10,3,2,8,9,2,5,3,3,4,3,4,3,7,6,1,1,5,3,2,5,3,7,7,5,3,1,6,1,11,3,4,11,9,14,7,7,2,7,2,1,3,3,6,4,4,3,4,0,6,0,3,3,5,5,3,0,6,12,4,2,5,3,3
"lcl|EQ966233.1_cds_EED86086.1_144 [locus_tag=POSPLDRAFT_91531] [protein=predicted protein] [protein_id=EED86086.1] [location=complement(join(1401765..1401825,1401916..1402104,1402198..1402376,1402468..1402557))] [gbkey=CDS]",1,5,5,3,0,7,1,3,1,6,4,0,3,4,3,4,4,2,1,1,3,2,3,7,3,2,1,3,1,3,4,5,3,3,3,5,5,3,1,2,3,8,1,3,1,3,1,3,0,1,0,1,3,0,0,0,0,3,8,2,2,3,4,1
"lcl|EQ966233.1_cds_EED86087.1_147 [locus_tag=POSPLDRAFT_91537] [protein=predicted protein] [protein_id=EED86087.1] [location=complement(join(1423094..1423459,1423516..1423652,1423714..1423718,1423774..1423877,1423931..1424153,1424236..1424253,1424288..1424361,1424430..1424498,1424671..1424880,1424942..1424948,1425001..1425119,1425174..1425224))] [gbkey=CDS]",6,12,9,5,9,11,8,3,2,8,2,3,3,11,12,4,5,6,6,12,4,5,6,8,3,7,7,4,3,15,14,2,9,20,15,6,10,8,7,11,10,13,8,8,4,13,9,8,0,4,0,8,3,7,1,8,0,10,10,2,6,14,6,6
"lcl|EQ966233.1_cds_EED86009.1_148 [locus_tag=POSPLDRAFT_91538] [protein=predicted protein] [protein_id=EED86009.1] [location=join(1426802..1426848,1426891..1427098,1427141..1427443)] [gbkey=CDS]",0,2,4,2,2,1,4,3,5,3,2,2,2,2,7,2,3,4,4,1,2,6,5,3,5,3,1,1,2,4,2,2,4,6,9,4,7,6,2,2,3,4,5,5,2,6,0,0,0,1,0,2,4,4,4,2,0,2,2,1,1,2,2,1
"lcl|EQ966233.1_cds_EED86010.1_149 [locus_tag=POSPLDRAFT_91540] [protein=predicted protein] [protein_id=EED86010.1] [location=join(1436785..1437049,1437106..1437198,1437260..1437309)] [gbkey=CDS]",0,7,3,1,1,8,0,2,0,3,0,0,0,10,0,0,1,1,5,0,0,8,2,0,0,0,0,1,0,10,2,0,0,5,5,2,2,8,3,0,0,10,0,0,1,2,6,2,0,2,0,0,1,4,5,0,0,1,3,0,0,5,1,1
"lcl|EQ966233.1_cds_EED86011.1_150 [locus_tag=POSPLDRAFT_87719] [db_xref=InterPro:IPR005828] [protein=predicted protein] [protein_id=EED86011.1] [location=join(1441131..1441242,1441343..1441381,1441437..1441453,1441501..1441555,1441660..1441737,1441796..1441932,1441986..1442210,1442262..1442533,1442779..1443033,1443092..1443122,1443186..1443266,1443297..1443449,1443512..1443534,1443590..1443618,1443671..1443713,1443771..1443933)] [gbkey=CDS]",4,7,4,6,2,8,10,3,1,5,3,4,9,11,13,7,8,10,8,3,2,9,8,2,8,10,5,7,8,22,15,6,6,18,12,11,17,15,21,13,15,21,12,12,7,18,18,9,0,5,0,7,8,12,9,11,0,4,12,8,2,22,9,7
"lcl|EQ966233.1_cds_EED86012.1_151 [locus_tag=POSPLDRAFT_86766] [db_xref=InterPro:IPR001179] [protein=predicted protein] [protein_id=EED86012.1] [location=join(1449465..1449467,1449520..1449577,1449634..1449700,1449748..1449806,1449874..1449929,1449983..1450066)] [gbkey=CDS]",1,2,7,1,4,1,3,0,0,0,2,1,2,4,0,0,1,1,1,0,2,2,4,1,1,1,0,2,0,2,3,1,2,5,5,2,1,1,2,0,0,7,3,4,0,5,2,4,0,2,0,0,1,0,2,0,0,0,1,0,1,4,1,2
"lcl|EQ966233.1_cds_EED86088.1_152 [locus_tag=POSPLDRAFT_91545] [protein=predicted protein] [protein_id=EED86088.1] [location=complement(join(1464366..1464730,1464806..1465919,1465972..1466283,1466339..1466424,1466693..1466694,1466980..1467132,1467199..1467386,1467437..1467907,1468046..1468155,1468177..1468240,1468562..1468767,1468840..1469287))] [gbkey=CDS]",5,10,21,14,16,19,24,7,10,30,12,7,16,27,17,10,25,20,31,17,20,39,21,16,10,24,13,6,10,34,31,14,32,65,53,23,21,38,36,12,10,20,7,12,11,31,17,14,0,9,0,7,16,33,28,21,0,8,10,8,9,16,21,7
"lcl|EQ966233.1_cds_EED86013.1_153 [locus_tag=POSPLDRAFT_91547] [protein=predicted protein] [protein_id=EED86013.1] [location=join(1473899..1474160,1474220..1474621,1474681..1474751,1474810..1474821)] [gbkey=CDS]",1,23,4,1,4,6,2,4,0,3,1,1,1,3,2,4,9,5,22,3,5,3,2,2,1,7,0,0,0,2,1,3,2,10,5,3,3,2,1,6,9,23,0,10,0,4,3,1,0,6,0,3,4,5,2,1,0,1,5,0,0,10,1,2
"lcl|EQ966233.1_cds_EED86014.1_154 [locus_tag=POSPLDRAFT_91554] [protein=predicted protein] [protein_id=EED86014.1] [location=join(1538752..1538773,1538805..1539271)] [gbkey=CDS]",4,5,5,1,4,3,2,1,0,2,4,1,1,4,2,0,1,3,3,0,3,8,4,5,3,5,1,1,0,2,2,0,8,7,11,4,0,1,5,1,7,2,2,1,3,6,3,1,0,0,0,1,0,2,2,1,0,2,7,0,0,2,1,1
