assemblyid	Phylum	primary_lifestyle	organism	Class	Order	taxid	species_taxid	name	strain	BUSCO score	Scaffold N50 (Mb)	scaffoldL50	Genome size (Mb)	tAI_mean	tAI_cubar	diff	sum_protein_lengths	mean_proein_len	tRNAscan-SE mean score	tRNAscan-SE medina score		name	assembly	proteomes	bialka dla Magdy	tabelka serwer	google sheet	czy sa dane
GCA_000002525.1	Ascomycota	unspecified_saprotroph	Yarrowia lipolytica CLIB122	Saccharomycetes	Saccharomycetales	284591	4952	Yarrowia lipolytica CLIB122	CLIB122	97.9	3.633	3	20.6	0.382	0.336	0.05	3139837	486.9	64.81	64.60								
GCA_000002945.2	Ascomycota	nectar_tap_saprotroph	Schizosaccharomyces pombe	Schizosaccharomycetes	Schizosaccharomycetales	4896	4896	Schizosaccharomyces pombe	strain=972h-	95.5	4.54	2	12.6	0.435	0.349	0.09	2394967	463.5	64.66	65.00								
GCA_000006255.1	Basidiomycota	wood_saprotroph	Postia placenta Mad-698-R	Agaricomycetes	Polyporales	561896	104341	Postia placenta Mad-698-R	strain=Mad-698-R	93.8	0.323	85	90.9	0.238	0.321	-0.08	3922609	431.7	59.49	62.30								
GCA_000146045.2	Ascomycota	nectar/tap_saprotroph	Saccharomyces cerevisiae S288C	Saccharomycetes	Saccharomycetales	559292	4932	Saccharomyces cerevisiae S288C	strain=S288C	96.7	0.924	6	12.2	0.392	0.327	0.06	2927506	487.3	67.94	67.60								
GCA_000146465.1	Microsporidia	animal_parasite	Encephalitozoon intestinalis ATCC 50506	Microsporidea	Nosematida	876142	58839	Encephalitozoon intestinalis ATCC 50506	strain=ATCC 50506	22.9	0.205	5	2.2	0.494	0.434	0.06	660935	340.9	70.93	71.10								
GCA_000146945.2	Ascomycota	plant_pathogen	Sclerotinia sclerotiorum 1980 UF-70	Leotiomycetes	Helotiales	665079	5180	Sclerotinia sclerotiorum 1980 UF-70	strain=1980	96.9	1.626	9	38.5	0.399	0.320	0.08	5261966	363.1	59.11	58.85								
GCA_000149205.2	Ascomycota	unspecified_saprotroph	Aspergillus nidulans FGSC A4	Eurotiomycetes	Eurotiales	227321	162425	Aspergillus nidulans FGSC A4	strain=FGSC A4	98	2.479	5	30.3	0.426	0.358	0.07	5073801	530.7	63.36	62.85								
GCA_000149245.3	Basidiomycota	unspecified_saprotroph	Cryptococcus neoformans var. grubii H99	Tremellomycetes	Tremellales	235443	5207	Cryptococcus neoformans var. grubii H99	strain=H99	92.6	1.422	6	18.9	0.271	0.275	0.00	4093411	523.1	53.50	53.50								
GCA_000149305.1	Mucoromycota	soil_saprotroph	Rhizopus delemar RA 99-880	Mucoromycetes	Mucorales	246409	936053	Rhizopus delemar RA 99-880	strain=RA 99-880	93.9	3.104	6	46.1	0.366	0.294	0.07	5971044	342.0	69.19	70.20								
GCA_000149335.2	Ascomycota	soil_saprotroph	Coccidioides immitis RS	Eurotiomycetes	Onygenales	246410	5501	Coccidioides immitis RS	strain=RS	98.9	4.324	3	29	0.478	0.378	0.10	4309464	434.9	64.00	65.50								
GCA_000149845.2	Ascomycota	nectar/tap_saprotroph	Schizosaccharomyces japonicus yFS275	Schizosaccharomycetes	Schizosaccharomycetales	402676	4897	Schizosaccharomyces japonicus yFS275	strain=yFS275	92.3	3.867	2	11.7	0.117	0.094	0.02	2277407	466.9	59.52	61.80								
GCA_000149925.1	Basidiomycota	plant_pathogen	Puccinia graminis f. sp. tritici CRL 75-36-700-3	Pucciniomycetes	Pucciniales	418459	5297	Puccinia graminis f. sp. tritici CRL 75-36-700-3	strain=CRL 75-36-700-3	85.8	0.965	30	88.7	0.078	0.074	0.00	6308381	394.8	48.27	46.50								
GCA_000150675.2	Ascomycota	plant_pathogen	Verticillium dahliae VdLs,17	Sordariomycetes	Glomerellales	498257	27337	Verticillium dahliae VdLs,17	strain=VdLs,17	91.7	1.274	9	33.9	0.425	0.370	0.05	4984195	473.1	60.13	62.80								
GCA_000151295.1	Blastocladiomycota	soil_saprotroph	Allomyces macrogynus ATCC 38327	Blastocladiomycetes	Blastocladiales	578462	28583	Allomyces macrogynus ATCC 38327	strain=ATCC 38327	83.2	1.115	17	57.1	0.280	0.243	0.04	9381744	482.4	69.46	71.85								
GCA_000151645.1	Ascomycota	ectomycorrhizal	Tuber melanosporum	Ascomycota class incertae sedis	Ascomycota order incertae sedis	39416	39416	Tuber melanosporum	strain=Mel28	95.2	0.639	60	124.9	0.140	0.206	-0.07	3266899	435.8	59.06	60.70								
GCA_000167675.2	Ascomycota	mycoparasite	Trichoderma reesei QM6a	Sordariomycetes	Hypocreales	431241	51453	Trichoderma reesei QM6a	strain=QM6a	99	1.22	9	33.4	0.397	0.352	0.04	4494862	492.7	64.73	65.50								
GCA_000181695.1	Basidiomycota	soil_saprotroph	Malassezia globosa CBS 7966	Malasseziomycetes	Malasseziales	425265	76773	Malassezia globosa CBS 7966	strain=CBS 7966	84.5	0.655	5	9	0.343	0.283	0.06	2068106	482.5	60.64	59.70								
GCA_000182565.2	Chytridiomycota	pollen_saprotroph	Spizellomyces punctatus DAOM BR117	Spizellomycetes	Spizellomycetales	645134	109760	Spizellomyces punctatus DAOM BR117	strain=DAOM BR117	90.4	1.466	7	24.1	0.408	0.346	0.06	4891304	519.1	70.59	72.70								
GCA_000182895.1	Basidiomycota	soil_saprotroph	Coprinopsis cinerea okayama7#130	Agaricomycetes	Agaricales	240176	5346	Coprinopsis cinerea okayama7#130	okayama7#130	92.8	3.468	5	36.2	0.331	0.298	0.03	6166615	461.7	59.59	61.40								
GCA_000182925.2	Ascomycota	unspecified_saprotroph	Neurospora crassa OR74A	Sordariomycetes	Sordariales	367110	5141	Neurospora crassa OR74A	strain=OR74A	95.9	6.001	3	41.1	0.364	0.311	0.05	5632410	520.9	63.29	63.60								
GCA_000182965.3	Ascomycota	nectar/tap_saprotroph	Candida albicans SC5314	Saccharomycetes	Saccharomycetales	237561	5476	Candida albicans SC5314	SC5314	95.7	2.232	3	14.3	0.396	0.334	0.06	2978810	494.0	64.20	64.00								
GCA_000192795.1	Microsporidia	animal_parasite	Vavraia culicis subsp, floridensis	Microsporidea	Glugeida	948595	103449	Vavraia culicis subsp, floridensis	strain=floridensis	19.1	0.094	21	6.1	0.419	0.340	0.08	953920	344.0	72.74	73.00								
GCA_000203795.1	Chytridiomycota	animal_parasite	Batrachochytrium dendrobatidis JAM81	Rhizophydiomycetes	Rhizophydiales	684364	109871	Batrachochytrium dendrobatidis JAM81	strain=JAM81	88.3	1.484	6	24.3	0.384	0.325	0.06	3904006	448.7	70.01	70.55								
GCA_000204055.1	Basidiomycota	plant_pathogen	Melampsora larici-populina 98AG31	Pucciniomycetes	Pucciniales	747676	203908	Melampsora larici-populina 98AG31	strain=98AG31	87.5	1.146	27	101.1	0.398	0.404	-0.01	6113083	373.2	55.59	59.00								
GCA_000209485.1	Microsporidia	animal_parasite	Enterocytozoon bieneusi H348	Microsporidea	Nosematida	481877	31281	Enterocytozoon bieneusi H348	strain=H348	13.1	0.002	136	3.9	0.173	0.154	0.02	866998	238.7	68.50	72.60								
GCA_000218685.1	Basidiomycota	wood_saprotroph	Serpula lacrymans var, lacrymans S7,9	Agaricomycetes	Boletales	578457	85982	Serpula lacrymans var, lacrymans S7,9	strain=S7,9	96.2	2.944	6	42.8	0.030	0.030	0.00	4389877	339.6	53.04	55.40								
GCA_000219625.1	Ascomycota	plant_pathogen	Zymoseptoria tritici IPO323	Dothideomycetes	Capnodiales	336722	1047171	Zymoseptoria tritici IPO323	strain=IPO323	99.3	2.675	6	39.7	0.010	0.015	0.00	4793553	437.2	44.76	45.85								
GCA_000225545.1	Ascomycota	animal_parasite	Arthrobotrys oligospora ATCC 24927	Orbiliomycetes	Orbiliales	756982	13349	Arthrobotrys oligospora ATCC 24927	ATCC 24927	98	2.037	8	40.1	0.323	0.271	0.05	5722957	498.6	58.20	59.55								
GCA_000230595.3	Microsporidia	animal_parasite	Edhazardia aedis USNM 41457	Microsporidea	Amblyosporida	1003232	70536	Edhazardia aedis USNM 41457	strain=USNM 41457	18.5	0.434	35	51.3	0.202	0.159	0.04	1478598	352.9	68.25	70.50								
GCA_000230625.1	Ascomycota	animal_parasite	Exophiala dermatitidis NIH/UT8656	Eurotiomycetes	Chaetothyriales	858893	5970	Exophiala dermatitidis NIH/UT8656	NIH/UT8656	98.9	3.624	4	26.4	0.499	0.420	0.08	4789323	500.0	56.78	60.10								
GCA_000231115.1	Microsporidia	animal_parasite	Vittaforma corneae ATCC 50505	Microsporidea	Nosematida	993615	42399	Vittaforma corneae ATCC 50505	strain=ATCC 50505	15.7	0.115	9	3.2	0.508	0.431	0.08	714778	319.2	70.99	71.40								
GCA_000250985.1	Microsporidia	animal_parasite	Nematocida parisii ERTm1	Microsporidea	Ovavesiculida	881290	586133	Nematocida parisii ERTm1	strain=ERTm1	19.7	0.65	3	4.1	0.463	0.394	0.07	976295	366.9	72.75	71.90								
GCA_000277815.3	Microsporidia	animal_parasite	Encephalitozoon hellem ATCC 50504	Microsporidea	Nosematida	907965	27973	Encephalitozoon hellem ATCC 50504	strain=ATCC 50504	23.3	0.2	6	2.3	0.499	0.443	0.06	667456	346.2	70.79	71.45								
GCA_000280035.2	Microsporidia	animal_parasite	Encephalitozoon romaleae SJ-2008	Microsporidea	Nosematida	1178016	571949	Encephalitozoon romaleae SJ-2008	strain=SJ-2008	23	0.195	6	2.2	0.491	0.426	0.06	648055	353.9	70.99	71.65								
GCA_000292625.1	Basidiomycota	 wood_saprotroph	Dacryopinax primogenitus	Dacrymycetes	Dacrymycetales	1858805	1858805	Dacryopinax primogenitus	strain=DJM-731 SS1	93.7	1.233	10	29.5	0.368	0.369	0.00	4133954	403.7	58.25	60.55								
GCA_000316135.1	Microsporidia	animal_parasite	Trachipleistophora hominis	Microsporidea	Glugeida	72359	72359	Trachipleistophora hominis		16.2	0.05	46	8.5	0.308	0.302	0.01	922076	287.1	71.90	71.55								
GCA_000328475.2	Basidiomycota	plant_pathogen	Ustilago maydis 521	Ustilaginomycetes	Ustilaginales	5270	5270	Ustilago maydis 521	521	97.7	0.885	7	19.7	0.430	0.372	0.06	3999663	589.7	60.26	61.35								
GCA_000383075.1	Microsporidia	animal_parasite	Nosema bombycis CQ1	Microsporidea	Nosematida	578461	27978	Nosema bombycis CQ1	strain=CQ1	18.2	0.057	47	15.7	0.383	0.301	0.08	1109465	248.3	68.14	70.30								
GCA_000385875.2	Microsporidia	animal_parasite	Anncaliia algerae PRA339	Microsporidea	Neopereziida	1288291	723287	Anncaliia algerae PRA339	strain=PRA339	16.6	0.072	36	12.2	0.459	0.358	0.10	957359	266.1	72.07	71.80								
GCA_000400465.1	Basidiomycota	unspecified_saprotroph	Wallemia ichthyophaga EXF-994	Wallemiomycetes	Wallemiales	1299270	245174	Wallemia ichthyophaga EXF-994	strain=EXF-994	89.5	0.437	9	9.7	0.356	0.311	0.04	2346595	482.3	56.36	58.70								
GCA_000439145.3	Glomeromycota	arbuscular_mycorrhizal	Rhizophagus irregularis DAOM 181602=DAOM 197198	Glomeromycetes	Glomerales	747089	588596	Rhizophagus irregularis DAOM 181602=DAOM 197198	strain=DAOM 197198	94.7	0.336	129	136.7	0.262	0.231	0.03	8526813	326.1	58.78	58.55								
GCA_000442015.1	Rozellomycota	mycoparasite	Rozella allomycis CSF55	Rozellomycetes	Rozellales	988480	281847	Rozella allomycis CSF55	strain=CSF55	60	0.058	52	11.9	0.412	0.380	0.03	2473068	389.5	69.61	70.80								
GCA_000447185.1	Microsporidia	animal_parasite	Nosema apis BRL 01	Microsporidea	Nosematida	1037528	35231	Nosema apis BRL 01	strain=BRL 01	13.9	0.024	90	8.6	0.386	0.297	0.09	757312	274.0	71.64	71.40								
GCA_000708205.1	Basidiomycota	plant_pathogen	Mixia osmundae IAM 14324	Mixiomycetes	Mixiales	764103	34349	Mixia osmundae IAM 14324	strain=IAM 14324	87	1.195	5	13.6	0.398	0.254	0.14	3430757	500.3	48.19	49.55								
GCA_000711695.1	Basidiomycota	wood_saprotroph	Tilletiaria anomala UBC 951	Exobasidiomycetes	Georgefischeriales	1037660	5281	Tilletiaria anomala UBC 951	strain=UBC 951	88.2	0.127	43	18.7	0.373	0.326	0.05	3543999	520.6	58.91	58.65								
GCA_000738915.1	Microsporidia	animal_parasite	Nematocida sp, 1 ERTm6	Microsporidea	Ovavesiculida	1138374	1155007	Nematocida sp, 1 ERTm6	strain=ERTm6	19.5	0.797	3	4.3	0.440	0.378	0.06	959887	394.5	73.09	71.90								
GCA_000739165.1	Mortierellomycota	soil_saprotroph	Podila verticillata NRRL 6337	Mortierellomycetes	Mortierellales	1069443	78898	Podila verticillata NRRL 6337	strain=NRRL 6337	95.6	2.912	6	41.9	0.369	0.317	0.05	6515265	517.3	69.15	71.50								
GCA_000760515.2	Microsporidia	animal_parasite	Mitosporidium daphniae	Microsporidea		1485682	1485682	Mitosporidium daphniae	strain=UGP3	32	0.032	50	5.6	0.350	0.292	0.06	1273720	382.5	69.27	69.40								
GCA_000803265.1	Microsporidia	animal_parasite	Ordospora colligata OC4	Microsporidea	Nosematida	1354746	174685	Ordospora colligata OC4	strain=OC4	21.8	0.229	5	2.3	0.493	0.416	0.08	647542	355.8	71.25	71.00								
GCA_000827485.1	Basidiomycota	ectomycorrhizal	Amanita muscaria Koide BX008	Agaricomycetes	Agaricales	946122	41956	Amanita muscaria Koide BX008	strain=Koide BX008	94.6	0.168	54	40.7	0.292	0.235	0.06	5915226	326.9	62.82	65.00								
GCA_000938895.1	Mucoromycota	mycoparasite	Parasitella parasitica	Mucoromycetes	Mucorales	35722	35722	Parasitella parasitica	strain=CBS 412,66 substr, NGI-315 ade-	96.1	0.163	73	44.9	0.408	0.319	0.09	5800528	432.6	63.66	67.90								
GCA_000950595.1	Mucoromycota	soil_saprotroph	Mucor ambiguus	Mucoromycetes	Mucorales	91626	91626	Mucor ambiguus	strain=NBRC 6742	95.4	0.114	111	40.7	0.421	0.342	0.08	5267913	464.4	64.53	66.35								
GCA_000988165.1	Microsporidia	animal_parasite	Nosema ceranae	Microsporidea	Nosematida	40302	40302	Nosema ceranae	strain=PA08 1199	21.8	0.043	35	5.7	0.408	0.349	0.06	833742	259.8	71.17	71.85		#REF!						
GCA_001432165.1	Microsporidia	animal_parasite	Pseudoloma neurophilia	Microsporidea	Glugeida	146866	146866	Pseudoloma neurophilia	strain=MK1	10.7	0.006	182	5.2	0.261	0.251	0.01	958467	263.0	70.87	71.30								
GCA_001477545.1	Ascomycota	animal_parasite	Pneumocystis carinii B80	Pneumocystomycetes	Pneumocystidales	1408658	4754	Pneumocystis carinii B80	strain=B80	89.7	0.465	7	7.7	0.682	0.534	0.15	1693433	464.5	64.97	65.75								
GCA_001566745.1	Entomophthoromycota	animal_parasite	Conidiobolus coronatus NRRL 28638	Entomophthoromycetes	Entomophthorales	796925	34488	Conidiobolus coronatus NRRL 28638	strain=NRRL 28638	78.6	0.102	113	39.9	0.425	0.352	0.07	3653618	345.6	71.56	72.50								
GCA_001574975.1	Monoblepharomycota	litter_saprotroph	Gonapodya prolifera JEL478	Monoblepharidomycetes	Monoblepharidales	1344416	1123529	Gonapodya prolifera JEL478	strain=JEL478	76.6	0.347	42	48.8	0.325	0.396	-0.07	5702108	412.3	65.47	67.10								
GCA_001638985.2	Mucoromycota	dung_saprotroph	Phycomyces blakesleeanus NRRL 1555(-)	Mucoromycetes	Mucorales	763407	4837	Phycomyces blakesleeanus NRRL 1555(-)	strain=NRRL 1555(-)	96.9	1.516	11	53.9	0.295	0.253	0.04	5836726	352.8	71.43	71.00								
GCA_001642395.1	Microsporidia	animal_parasite	Nematocida displodere	Microsporidea	Ovavesiculida	1805483	1805483	Nematocida displodere	strain=JUm2807	21.2	0.441	3	3.1	0.426	0.380	0.05	877974	385.4	73.04	72.40								
GCA_001642415.1	Microsporidia	animal_parasite	Nematocida sp, ERTm5	Microsporidea	Ovavesiculida	1805481	1805481	Nematocida sp, ERTm5	strain=ERTm5	20.4	0.099	15	4.4	0.463	0.393	0.07	1065580	393.3	72.95	71.90								
GCA_001651415.1	Mortierellomycota	soil_saprotroph	Linnemannia elongata AG-77	Mortierellomycetes	Mortierellales	1314771	310910	Linnemannia elongata AG-77	strain=AG-77	96.6	0.517	31	49.9	0.338	0.292	0.05	6821023	455.9	70.07	73.00								
GCA_001683725.1	Mucoromycota	litter_saprotroph	Choanephora cucurbitarum	Mucoromycetes	Mucorales	101091	101091	Choanephora cucurbitarum	strain=KUS-F28377	94.2	0.028	322	29.1	0.193	0.197	0.00	4756906	397.2	69.48	69.00								
GCA_001875675.1	Microsporidia	protistan_parasite	Amphiamblys sp, WSBS2006	Rudimicrosporea	Metchnikovellida	1866961	1866961	Amphiamblys sp, WSBS2006		19.4	0.012	114	5.6	0.458	0.415	0.04	1190119	326.8	69.88	71.20								
GCA_001929475.1	Ascomycota	plant_pathogen	Neolecta irregularis DAH-3	Neolectomycetes	Neolectales	1198029	48691	Neolecta irregularis DAH-3	strain=DAH-3	83.1	0.017	212	14.2	0.589	0.475	0.11	2326161	416.9	61.28	61.70								
GCA_001953115.1	Kickxellomycota	animal_endosymbiont	Smittium mucronatum	Harpellomycetes	Harpellales	133383	133383	Smittium mucronatum	strain=ALG-7-W6	66.6	0.023	1304	102.4	0.476	0.389	0.09	3283671	398.4	67.80	70.55								
GCA_001969505.1	Kickxellomycota	animal_endosymbiont	Zancudomyces culisetae	Harpellomycetes	Harpellales	1213189	1213189	Zancudomyces culisetae	strain=COL-18-3	67.8	0.026	323	28.7	0.410	0.333	0.08	3123320	387.2	68.15	69.80								
GCA_001970855.1	Kickxellomycota	animal_endosymbiont	Smittium culicis	Harpellomycetes	Harpellales	133412	133412	Smittium culicis	strain=GSMNP	70.5	0.02	1182	77.1	0.469	0.388	0.08	4854784	399.3	68.36	69.80								
GCA_002081675.1	Microsporidia	animal_parasite	Enterocytozoon hepatopenaei	Microsporidea	Nosematida	646526	646526	Enterocytozoon hepatopenaei	strain=TH1	13.1	0.125	10	3.3	0.512	0.399	0.11	776682	306.3	67.25	68.25								
GCA_002087885.1	Microsporidia	animal_parasite	Hepatospora eriocheir	Microsporidea	Nosematida	1081669	1081669	Hepatospora eriocheir	strain=GB1	10.1	0.017	78	4.6	0.341	0.256	0.08	626230	232.7	62.02	61.25								
GCA_002087915.1	Microsporidia	animal_parasite	Enterospora canceri	Microsporidea	Nosematida	1081671	1081671	Enterospora canceri	strain=GB1	13.3	0.027	33	3.1	0.247	0.215	0.03	605618	279.2	68.91	69.20								
GCA_002102555.1	Blastocladiomycota	animal_parasite	Catenaria anguillulae PL171	Blastocladiomycetes	Blastocladiales	765915	109876	Catenaria anguillulae PL171	strain=PL171	71.4	0.218	41	41.3	0.165	0.168	0.00	4957495	388.4	63.19	70.50								
GCA_002104895.1	Neocallimastigomycota	animal_endosymbiont	Anaeromyces robustus	Neocallimastigomycetes	Neocallimastigales	1754192	1754192	Anaeromyces robustus	strain=S4	81.5	0.142	158	71.7	0.107	0.084	0.02	6538687	509.5	70.60	70.55								
GCA_002104905.1	Basidiobolomycota	unspecified_saprotroph	Basidiobolus meristosporus CBS 931,73	Basidiobolomycetes	Basidiobolales	1314790	423460	Basidiobolus meristosporus CBS 931,73	strain=CBS 931,73	94.6	0.106	272	89.5	0.303	0.260	0.04	6046698	375.3	69.63	73.00								
GCA_002104935.1	Mucoromycota	soil_saprotroph	Hesseltinella vesiculosa	Mucoromycetes	Mucorales	101127	101127	Hesseltinella vesiculosa	strain=NRRL 3301	93.8	0.571	14	27.2	0.422	0.358	0.06	4453580	399.8	69.90	70.30								
GCA_002104945.1	Neocallimastigomycota	animal_endosymbiont	Piromyces finnis	Neocallimastigomycetes	Neocallimastigales	1754191	1754191	Piromyces finnis	strain=finn	84.7	0.75	25	56.5	0.067	0.074	-0.01	5701896	519.4	71.35	69.60								
GCA_002104975.1	Neocallimastigomycota	animal_endosymbiont	Neocallimastix californiae	Neocallimastigomycetes	Neocallimastigales	1754190	1754190	Neocallimastix californiae	strain=G1	84.7	0.443	134	193	0.104	0.123	-0.02	9775908	483.6	62.19	67.70								
GCA_002104985.1	Chytridiomycota	litter_saprotroph	Rhizoclosmatium globosum	Chytridiomycetes	Chytridiales	329046	329046	Rhizoclosmatium globosum	strain=JEL800	75.9	0.292	51	57	0.370	0.298	0.07	6689271	393.8	63.32	65.80								
GCA_002104995.1	Kickxellomycota	soil_saprotroph	Linderina pennispora	Kickxellomycetes	Kickxellales	61395	61395	Linderina pennispora	strain=ATCC 12442	80.4	0.909	9	26.2	0.288	0.281	0.01	3598792	384.9	69.05	68.40								
GCA_002105135.1	Mucoromycota	soil_saprotroph	Syncephalastrum racemosum	Mucoromycetes	Mucorales	13706	13706	Syncephalastrum racemosum	strain=NRRL 2496	93.9	2.374	5	30.7	0.389	0.330	0.06	4498230	404.5	72.75	73.45								
GCA_002105155.1	Mortierellomycota	soil_saprotroph	Lobosporangium transversale	Mortierellomycetes	Mortierellales	64571	64571	Lobosporangium transversale	strain=NRRL 3116	95.6	0.673	22	42.8	0.416	0.350	0.07	5530382	467.8	71.32	73.00								
GCA_002105175.1	Mucoromycota	soil_saprotroph	Absidia repens	Mucoromycetes	Mucorales	90262	90262	Absidia repens	strain=NRRL 1336	96.2	1.295	11	47.4	0.391	0.331	0.06	6254585	419.3	68.75	69.60								
GCA_002157105.1	Neocallimastigomycota	animal_endosymbiont	Piromyces sp, E2	Neocallimastigomycetes	Neocallimastigales	73868	73868	Piromyces sp, E2	strain=E2	49.8	0.144	143	71	0.123	0.133	-0.01	5646846	386.5	62.54	66.00								
GCA_002261195.1	Mucoromycota	soil_saprotroph	Bifiguratus adelaidae	Mucoromycota class incertae sedis	Mucoromycota order incertae sedis	1938954	1938954	Bifiguratus adelaidae	strain=AZ0501	93.9	0.102	44	19.5	0.565	0.473	0.09	3128896	547.1	66.17	68.90								
GCA_002705745.1	Kickxellomycota	soil_saprotroph	Coemansia reversa NRRL 1564	Kickxellomycetes	Kickxellales	763665	61392	Coemansia reversa NRRL 1564	strain=NRRL 1564	88.2	0.347	21	21.8	0.353	0.311	0.04	3001892	408.9	69.07	70.45								
GCA_002708625.1	Mucoromycota	soil_saprotroph	Rhizopus microsporus ATCC 52813	Mucoromycetes	Mucorales	1340429	58291	Rhizopus microsporus ATCC 52813	strain=ATCC 52813	96	1.118	8	26	0.400	0.394	0.01	4095312	376.0	72.25	71.70								
GCA_002794465.1	Rozellomycota	protistan_parasite	Paramicrosporidium saccamoebae	Rozellomycota class incertae sedis	Rozellomycota order incertae sedis	1246581	1246581	Paramicrosporidium saccamoebae	strain=KSL3	54.3	0.07	29	7.2	0.485	0.411	0.07	1675546	444.9	68.57	70.70								
GCA_003086715.1	Kickxellomycota	animal_endosymbiont	Smittium megazygosporum	Harpellomycetes	Harpellales	133381	133381	Smittium megazygosporum	strain=SC-DP-2	67.3	0.025	441	43.5	0.488	0.407	0.08	3236032	453.7	71.33	71.00								
GCA_003086725.1	Kickxellomycota	animal_endosymbiont	Furculomyces boomerangus	Harpellomycetes	Harpellales	61424	61424	Furculomyces boomerangus	strain=AUS-77-4	75.2	0.044	194	28.1	0.372	0.303	0.07	3586618	488.8	68.20	69.80								
GCA_003086735.1	Kickxellomycota	animal_endosymbiont	Smittium simulii	Harpellomycetes	Harpellales	133385	133385	Smittium simulii	strain=SWE-8-4	68.7	0.084	167	43.9	0.512	0.413	0.10	2994244	459.3	65.93	68.20								
GCA_003097675.1	Kickxellomycota	animal_endosymbiont	Smittium angustum	Harpellomycetes	Harpellales	133377	133377	Smittium angustum	strain=AUS-126-30	75.6	0.044	187	28	0.492	0.397	0.10	3618225	489.9	67.15	69.80								
GCA_003325435.1	Mucoromycota	soil_saprotroph	Rhizopus azygosporus	Mucoromycetes	Mucorales	86630	86630	Rhizopus azygosporus	strain=CBS 357,93	92.7	0.013	957	39	0.376	0.280	0.10	6144430	386.6	61.10	63.50								
GCA_003547095.1	Glomeromycota	arbuscular_mycorrhizal	Diversispora epigaea	Glomeromycetes	Diversisporales	1348612	1348612	Diversispora epigaea	strain=IT104	92	0.453	109	156.6	0.259	0.194	0.07	10165599	358.6	62.69	67.35								
GCA_003549995.1	Glomeromycota	arbuscular_mycorrhizal	Rhizophagus sp, MUCL 43196	Glomeromycetes	Glomerales	1803374	1803374	Rhizophagus sp, MUCL 43196	strain=MUCL 43196	93.9	0.137	269	125.9	0.341	0.260	0.08	7543545	327.8	62.59	64.70								
GCA_003550305.1	Glomeromycota	arbuscular_mycorrhizal	Glomus cerebriforme	Glomeromycetes	Glomerales	658196	658196	Glomus cerebriforme	strain=DAOM 227022	94.1	0.148	266	136.8	0.121	0.131	-0.01	6865378	324.5	52.07	48.40								
GCA_003550325.1	Glomeromycota	arbuscular_mycorrhizal	Gigaspora rosea	Glomeromycetes	Gigasporales	44941	44941	Gigaspora rosea	strain=DAOM 194757	93.5	0.232	734	567.9	0.060	0.127	-0.07	9411049	301.2	48.45	49.90								
GCA_003614145.1	Zoopagomycota	mycoparasite	Piptocephalis cylindrospora	Zoopagomycetes	Zoopagales	1907219	1907219	Piptocephalis cylindrospora		42.1	0.011	282	10.7	0.303	0.258	0.05	1605493	373.3	68.10	71.30								
GCA_003614675.1	Kickxellomycota	mycoparasite	Dimargaris cristalligena	Dimargaritomycetes	Dimargaritales	215637	215637	Dimargaris cristalligena	strain=RSA 468	78.4	0.024	395	30.7	0.388	0.314	0.07	2792335	378.2	66.02	71.20								
GCA_003614705.1	Chytridiomycota	algal_parasite	Blyttiomyces helicus	Chytridiomycetes	Chytridiomycetes order incertae sedis	388810	388810	Blyttiomyces helicus		36.3	0.007	1973	46.5	0.315	0.299	0.02	4362072	358.5	62.62	64.70								
GCA_003614735.1	Zoopagomycota	mycoparasite	Thamnocephalis sphaerospora	Zoopagomycetes	Zoopagales	78915	78915	Thamnocephalis sphaerospora	strain=RSA 1356	65.1	0.023	237	18.2	0.291	0.286	0.01	2720188	396.7	72.45	73.50								
GCA_003614755.1	Zoopagomycota	mycoparasite	Syncephalis pseudoplumigaleata	Zoopagomycetes	Zoopagales	1712513	1712513	Syncephalis pseudoplumigaleata	strain=Benny S71-1	49.6	0.006	756	16.3	0.436	0.379	0.06	2108333	344.6	69.67	71.70								
GCA_003615045.1	Chytridiomycota	mycoparasite	Caulochytrium protostelioides	Caulochytriomycetes	Caulochytriales	1555241	1555241	Caulochytrium protostelioides	strain=ATCC 52028	67.7	0.092	68	21.8	0.373	0.336	0.04	3433409	556.6	67.24	67.10								
GCA_003990745.1	Mucoromycota	ectomycorrhizal	Jimgerdemannia flammicorona	Endogonomycetes	Endogonales	994334	994334	Jimgerdemannia flammicorona	strain=GMNB39	69.6	0.011	6348	239.6	0.339	0.412	-0.07	4751653	349.0	61.19	66.20								
GCA_003990785.1	Mucoromycota	soil_saprotroph	Endogone sp, FLAS-F59071	Endogonomycetes	Endogonales	2340872	2340872	Endogone sp, FLAS-F59071	strain=FLAS-F59071	77.2	0.011	2370	95.6	0.435	0.439	0.00	3935448	412.3	63.35	66.70								
GCA_004000155.1	Microsporidia	animal_parasite	Tubulinosema ratisbonensis	Microsporidea	Neopereziida	291195	291195	Tubulinosema ratisbonensis	strain=Franzen	16.5	0.012	187	7.6	0.334	0.333	0.00	934403	310.1	71.95	72.20								
GCA_004325065.1	Microsporidia	animal_parasite	Hamiltosporidium magnivora	Microsporidea	Microsporidea order incertae sedis	148818	148818	Hamiltosporidium magnivora		20	0.01	608	20.7	0.375	0.274	0.10	1631661	350.3	64.94	71.65								
GCA_004325075.1	Microsporidia	animal_parasite	Hamiltosporidium tvaerminnensis	Microsporidea	Microsporidea order incertae sedis	1176355	1176355	Hamiltosporidium tvaerminnensis		20.3	0.012	606	25.2	0.295	0.239	0.06	2208637	356.1	66.97	72.70								
GCA_006535955.1	Chytridiomycota	plant_pathogen	Synchytrium endobioticum	Synchytriomycetes	Synchytriales	286115	286115	Synchytrium endobioticum	strain=MB42	74.1	0.044	153	21.5	0.349	0.326	0.02	3789810	471.9	54.63	54.80								
GCA_006535965.1	Chytridiomycota	pollen_saprotroph	Spizellomyces sp, 'palustris'	Spizellomycetes	Spizellomycetales	117820	117820	Spizellomyces sp, 'palustris'	strain=CBS 455,65	91.9	0.219	32	22.9	0.401	0.342	0.06	4514348	530.0	71.05	73.10								
GCA_006535975.1	Chytridiomycota	unspecified_saprotroph	Chytriomyces confervae	Chytridiomycetes	Chytridiales	246404	246404	Chytriomyces confervae	strain=CBS 675,73	74.8	0.044	205	36	0.418	0.361	0.06	6006107	560.7	68.89	69.95								
GCA_006535985.1	Chytridiomycota	plant_pathogen	Synchytrium microbalum	Synchytriomycetes	Synchytriales	1806994	1806994	Synchytrium microbalum	strain=JEL517	78.8	0.519	16	26.2	0.324	0.311	0.01	3624087	574.5	53.88	55.10								
GCA_006536005.1	Chytridiomycota	pollen_saprotroph	Powellomyces hirtus	Spizellomycetes	Spizellomycetales	109895	109895	Powellomyces hirtus	strain=CBS 809,83	89.9	0.158	47	26.2	0.327	0.282	0.04	3661150	560.2	67.87	70.30								
GCA_009809945.1	Glomeromycota	arbuscular_mycorrhizal	Gigaspora margarita	Glomeromycetes	Gigasporales	4874	4874	Gigaspora margarita	strain=BEG34	93.2	0.327	743	773.1	0.037	0.064	-0.03	10382699	345.8	45.26	31.50								
GCA_010203745.1	Mucoromycota	soil_saprotroph	Mucor lusitanicus	Mucoromycetes	Mucorales	29924	29924	Mucor lusitanicus	strain=MU402	97.5	4.574	4	36.8	0.372	0.318	0.05	5108522	431.5	69.08	67.90								
GCA_012184305.1	Ascomycota	animal_parasite	Drechslerella brochopaga	Orbiliomycetes	Orbiliales	47238	47238	Drechslerella brochopaga	strain=YMF1,01829	97	0.513	26	35.4	0.429	0.392	0.04	4473579	456.8	53.69	54.60								
GCA_012184315.1	Ascomycota	animal_parasite	Arthrobotrys entomopaga	Orbiliomycetes	Orbiliales	321852	321852	Arthrobotrys entomopaga	strain=CBS642,8	97.7	0.579	23	38.4	0.354	0.322	0.03	4798295	463.9	54.25	56.40								
GCA_014805555.1	Microsporidia	animal_parasite	Thelohania contejeani	Microsporidea	Glugeida	164912	164912	Thelohania contejeani		23.2	0.027	106	10.4	0.474	0.376	0.10	963404	336.3	72.35	73.00								
GCA_014805705.1	Microsporidia	animal_parasite	Cucumispora dikerogammari	Microsporidea	Glugeida	658444	658444	Cucumispora dikerogammari	strain=Dv6	11.9	0.01	904	32.4	0.380	0.301	0.08	1336928	290.7	70.79	71.60								
GCA_014839865.1	Mucoromycota	soil_saprotroph	Apophysomyces ossiformis	Mucoromycetes	Mucorales	679940	679940	Apophysomyces ossiformis	strain=NRRL A-21654	95.9	0.126	80	34.1	0.476	0.385	0.09	4428848	464.8	66.93	69.00								
GCA_014839935.1	Entomophthoromycota	animal_parasite	Entomophthora muscae	Entomophthoromycetes	Entomophthorales	34485	34485	Entomophthora muscae	strain=Berkeley	67	0.433	818	1228.1	0.416	0.356	0.06	6780428	312.3	62.83	67.80								
GCA_015039355.1	Basidiomycota	ectomycorrhizal	Ramaria rubella	Agaricomycetes	Gomphales	113071	113071	Ramaria rubella	strain=UT-36052-T	97.7	0.229	137	105.5	0.224	0.260	-0.04	6692271	329.7	61.96	62.10								
GCA_015499975.1	Mortierellomycota	soil_saprotroph	Dissophora ornata	Mortierellomycetes	Mortierellales	979620	979620	Dissophora ornata	strain=Z 71	93.9	0.024	467	38.4	0.268	0.243	0.03	5584042	495.9	64.92	68.10								
GCA_015499985.1	Mortierellomycota	soil_saprotroph	Haplosporangium gracile	Mortierellomycetes	Mortierellales	2779863	2779863	Haplosporangium gracile	strain=Z 33	96.5	0.036	377	44.9	0.299	0.266	0.03	6217345	526.3	62.65	66.75								
GCA_015500005.1	Mortierellomycota	soil_saprotroph	Entomortierella lignicola	Mortierellomycetes	Mortierellales	979712	979712	Entomortierella lignicola	strain=Z 36	93.8	0.019	530	35.3	0.329	0.261	0.07	5770214	531.6	64.41	69.30								
GCA_015500155.1	Mortierellomycota	soil_saprotroph	Haplosporangium bisporale	Mortierellomycetes	Mortierellales	1897645	1897645	Haplosporangium bisporale	strain=Z 9	76.6	0.009	1162	39	0.254	0.239	0.01	5254557	393.9	65.83	67.40								
GCA_015502445.1	Mortierellomycota	soil_saprotroph	Mortierella sp, GBA35	Mortierellomycetes	Mortierellales	1896188	1896188	Mortierella sp, GBA35	strain=GBA35	93.6	0.035	382	44.8	0.348	0.302	0.05	6111543	497.6	64.80	70.00								
GCA_015502455.1	Mortierellomycota	soil_saprotroph	Mortierella sp, AM989	Mortierellomycetes	Mortierellales	1896186	1896186	Mortierella sp, AM989	strain=AM989	95.6	0.029	404	40.2	0.324	0.288	0.04	5996130	520.7	64.14	69.20								
GCA_015502465.1	Mortierellomycota	soil_saprotroph	Mortierella sp, 14UC	Mortierellomycetes	Mortierellales	1896178	1896178	Mortierella sp, 14UC	strain=14UC	94.8	0.04	341	45.2	0.262	0.257	0.01	6190979	520.7	64.15	67.40								
GCA_015502475.1	Mortierellomycota	soil_saprotroph	Mortierella sp, AD031	Mortierellomycetes	Mortierellales	1896182	1896182	Mortierella sp, AD031	strain=AD031	93.5	0.037	364	44.8	0.392	0.335	0.06	6205727	487.9	63.24	67.40								
GCA_015502485.1	Mortierellomycota	soil_saprotroph	Mortierella sp, GBA39	Mortierellomycetes	Mortierellales	1896189	1896189	Mortierella sp, GBA39	strain=GBA39	95.6	0.033	455	50.9	0.356	0.308	0.05	7485842	492.7	65.40	67.25								
GCA_015502505.1	Mortierellomycota	soil_saprotroph	Linnemannia schmuckeri	Mortierellomycetes	Mortierellales	64567	64567	Linnemannia schmuckeri	strain=NRRL 6426	94.2	0.026	542	46.1	0.233	0.229	0.00	6116195	507.1	64.79	67.90								
GCA_015502575.1	Mortierellomycota	soil_saprotroph	Mortierella sp, AD010	Mortierellomycetes	Mortierellales	1896179	1896179	Mortierella sp, AD010	strain=AD010	94	0.019	581	38.6	0.318	0.266	0.05	5824067	500.1	62.63	67.70								
GCA_015529505.1	Mortierellomycota	soil_saprotroph	Haplosporangium sp, Z 11	Mortierellomycetes	Mortierellales	1897648	1897648	Haplosporangium sp, Z 11	strain=Z 11	96.5	0.057	182	33.5	0.367	0.315	0.05	5393244	552.8	66.80	71.50								
GCA_015529515.1	Mortierellomycota	soil_saprotroph	Haplosporangium sp, Z 767	Mortierellomycetes	Mortierellales	1897647	1897647	Haplosporangium sp, Z 767	strain=Z 767	96.7	0.06	170	33.5	0.298	0.251	0.05	5386228	552.2	66.80	71.10								
GCA_015529795.1	Mortierellomycota	soil_saprotroph	Haplosporangium sp, Z 27	Mortierellomycetes	Mortierellales	1897644	1897644	Haplosporangium sp, Z 27	strain=Z 27	94.6	0.021	515	36.1	0.400	0.329	0.07	5802464	534.8	63.33	67.70								
GCA_015679515.1	Mortierellomycota	soil_saprotroph	Mortierella sp, NVP85	Mortierellomycetes	Mortierellales	1896193	1896193	Mortierella sp, NVP85	strain=NVP85	93.1	0.022	548	42.8	0.396	0.379	0.02	6150547	506.8	65.34	68.10								
GCA_015679535.1	Mortierellomycota	soil_saprotroph	Podila horticola	Mortierellomycetes	Mortierellales	311239	311239	Podila horticola	strain=CK413	93.3	0.056	222	40.4	0.255	0.205	0.05	5830452	492.3	68.17	71.50								
GCA_015679545.1	Mortierellomycota	soil_saprotroph	Mortierella sp, AD094	Mortierellomycetes	Mortierellales	1896185	1896185	Mortierella sp, AD094	strain=AD094	94.8	0.021	609	43.8	0.231	0.230	0.00	6329326	487.1	59.48	60.80								
GCA_015679585.1	Mortierellomycota	soil_saprotroph	Entomortierella beljakovae	Mortierellomycetes	Mortierellales	979673	979673	Entomortierella beljakovae	strain=KOD1040	96	0.019	598	37.8	0.388	0.356	0.03	5836780	493.8	59.95	62.05								
GCA_015679605.1	Mortierellomycota	soil_saprotroph	Podila epigama	Mortierellomycetes	Mortierellales	979699	979699	Podila epigama	strain=NRRL 5512	90.7	0.016	649	32.9	0.327	0.265	0.06	5286864	510.8	65.67	68.70								
GCA_015679695.1	Mortierellomycota	soil_saprotroph	Mortierella sp, AD011	Mortierellomycetes	Mortierellales	1896180	1896180	Mortierella sp, AD011	strain=AD011	93.8	0.019	592	38.6	0.315	0.287	0.03	5796586	500.3	62.46	67.40								
GCA_015680625.1	Mortierellomycota	soil_saprotroph	Mortierella hygrophila	Mortierellomycetes	Mortierellales	979708	979708	Mortierella hygrophila	strain=NRRL 2591	95.9	0.129	102	46.1	0.388	0.332	0.06	6565112	535.7	66.05	70.75								
GCA_015680635.1	Mortierellomycota	soil_saprotroph	Lunasporangiospora selenospora	Mortierellomycetes	Mortierellales	979761	979761	Lunasporangiospora selenospora	strain=KOD1015	87.5	0.008	1396	40.5	0.373	0.318	0.06	4987997	455.5	62.80	64.10								
GCA_015698045.1	Glomeromycota	arbuscular_mycorrhizal	Rhizophagus clarus	Glomeromycetes	Glomerales	94130	94130	Rhizophagus clarus	strain=HR1	94.7	1.307	40	146.8	0.335	0.266	0.07	12282981	377.5	64.92	68.20								
GCA_015832245.1	Microsporidia	animal_parasite	Nosema granulosis	Microsporidea	Nosematida	83296	83296	Nosema granulosis	strain=Ou3-Ou53	20.7	0.013	187	8.9	0.089	0.418	-0.33	1119643	307.7	63.30	68.15								
GCA_015847235.1	Mortierellomycota	soil_saprotroph	Linnemannia zychae	Mortierellomycetes	Mortierellales	979765	979765	Linnemannia zychae	strain=NRRL 2592	96.7	0.121	120	45.7	0.351	0.301	0.05	6259054	554.7	66.97	70.40								
GCA_015849295.1	Mortierellomycota	soil_saprotroph	Modicella reniformis	Mortierellomycetes	Mortierellales	1440133	1440133	Modicella reniformis	strain=MES-2147	82.1	0.006	2102	43.6	0.443	0.270	0.17	4931275	382.3	59.31	58.55		Umbelopsis isabellina	GCA_016758905.1	FALSE	FALSE	FALSE	FALSE	FALSE
GCA_015849325.1	Mortierellomycota	soil_saprotroph	Mortierella antarctica	Mortierellomycetes	Mortierellales	979670	979670	Mortierella antarctica	strain=KOD1229	96.3	0.047	226	35.5	0.353	0.316	0.04	5470406	530.5	68.81	71.50		Syncephalastrum racemosum	GCA_002105135.1	FALSE	FALSE	FALSE	FALSE	FALSE
GCA_015849335.1	Mortierellomycota	soil_saprotroph	Entomortierella chlamydospora	Mortierellomycetes	Mortierellales	101097	101097	Entomortierella chlamydospora	strain=AD033	95.6	0.024	479	39	0.302	0.303	0.00	5813997	523.9	62.92	66.40		Mucor circinatus	GCA_016758965.1	FALSE	FALSE	FALSE	FALSE	FALSE
GCA_015852385.1	Mortierellomycota	soil_saprotroph	Podila clonocystis	Mortierellomycetes	Mortierellales	979688	979688	Podila clonocystis	strain=AM1000	94.2	0.033	376	41.4	0.257	0.223	0.03	5683219	486.3	65.97	68.10		Apophysomyces sp, BC1015	GCA_016097715.1	FALSE	FALSE	FALSE	FALSE	FALSE
GCA_015852425.1	Mortierellomycota	soil_saprotroph	Gryganskiella cystojenkinii	Mortierellomycetes	Mortierellales	979690	979690	Gryganskiella cystojenkinii	strain=1230	94.6	0.037	346	42.9	0.252	0.233	0.02	6451200	534.1	65.70	70.60		Podila minutissima	GCA_016098005.1	FALSE	FALSE	FALSE	FALSE	FALSE
GCA_015852495.1	Mortierellomycota	soil_saprotroph	Podila epicladia	Mortierellomycetes	Mortierellales	979697	979697	Podila epicladia	strain=KOD1059	92.1	0.031	363	38.1	0.278	0.244	0.03	5525828	487.3	69.28	71.10		Podila horticola	GCA_015679535.1	FALSE	FALSE	FALSE	FALSE	FALSE
GCA_016097715.1	Mucoromycota	soil_saprotroph	Apophysomyces sp, BC1015	Mucoromycetes	Mucorales	2184030	2184030	Apophysomyces sp, BC1015	strain=BC1015	96	0.037	291	37.6	0.386	0.371	0.01	4984927	437.3	62.92	66.15		Podila epigama	GCA_015679605.1	FALSE	FALSE	FALSE	FALSE	FALSE
GCA_016097735.1	Mucoromycota	soil_saprotroph	Apophysomyces sp, BC1021	Mucoromycetes	Mucorales	2184031	2184031	Apophysomyces sp, BC1021	strain=BC1021	95.8	0.038	271	35.1	0.437	0.341	0.10	4431475	435.3	63.37	66.20		Podila epicladia	GCA_015852495.1	FALSE	FALSE	FALSE	FALSE	FALSE
GCA_016097755.1	Mucoromycota	soil_saprotroph	Apophysomyces sp, BC1034	Mucoromycetes	Mucorales	2184029	2184029	Apophysomyces sp, BC1034	strain=BC1034	95.8	0.04	270	37.8	0.440	0.339	0.10	5097406	437.8	62.48	65.65		Mortierella sp, GBA39	GCA_015502485.1	FALSE	FALSE	FALSE	FALSE	FALSE
GCA_016097855.1	Mortierellomycota	soil_saprotroph	Linnemannia gamsii	Mortierellomycetes	Mortierellales	64522	64522	Linnemannia gamsii	strain=AD045	95.2	0.033	430	49.3	0.379	0.328	0.05	6500031	510.9	64.02	67.10		Mortierella sp, GBA35	GCA_015502445.1	FALSE	FALSE	FALSE	FALSE	FALSE
GCA_016097895.1	Mortierellomycota	soil_saprotroph	Linnemannia exigua	Mortierellomycetes	Mortierellales	604196	604196	Linnemannia exigua	strain=NRRL 28262	92.4	0.02	732	48.1	0.351	0.339	0.01	5931682	489.4	62.16	66.35		Mortierella sp, AD094	GCA_015679545.1	FALSE	FALSE	FALSE	FALSE	FALSE
GCA_016097935.1	Mortierellomycota	soil_saprotroph	Dissophora globulifera	Mortierellomycetes	Mortierellales	979702	979702	Dissophora globulifera	strain=REB-010B	95.2	0.037	303	39.2	0.315	0.302	0.01	5718818	549.2	67.18	71.35		Mortierella sp, AD010	GCA_015502575.1	FALSE	FALSE	FALSE	FALSE	FALSE
GCA_016097945.1	Mortierellomycota	soil_saprotroph	Podila humilis	Mortierellomycetes	Mortierellales	64523	64523	Podila humilis	strain=KOD1050	79.5	0.016	551	29.2	0.510	0.295	0.22	4816201	569.0	58.48	58.10		Linnemannia exigua	GCA_016097895.1	FALSE	FALSE	FALSE	FALSE	FALSE
GCA_016098005.1	Mortierellomycota	soil_saprotroph	Podila minutissima	Mortierellomycetes	Mortierellales	64525	64525	Podila minutissima	strain=AD069	94.2	0.03	389	39.4	0.318	0.276	0.04	5754877	484.2	69.27	71.50		Haplosporangium sp, Z 27	GCA_015529795.1	FALSE	FALSE	FALSE	FALSE	FALSE
GCA_016098015.1	Mortierellomycota	soil_saprotroph	Gamsiella multidivaricata	Mortierellomycetes	Mortierellales	101098	101098	Gamsiella multidivaricata	strain=NRRL 6456	92.4	0.023	469	36	0.336	0.395	-0.06	5310230	503.5	64.07	67.20		Haplosporangium gracile	GCA_015499985.1	FALSE	FALSE	FALSE	FALSE	FALSE
GCA_016098025.1	Mortierellomycota	soil_saprotroph	Mortierella sp, AD032	Mortierellomycetes	Mortierellales	1896183	1896183	Mortierella sp, AD032	strain=AD032	93.5	0.027	568	49.3	0.359	0.303	0.06	6153165	482.6	61.81	66.70		Haplosporangium bisporale	GCA_015500155.1	FALSE	FALSE	FALSE	FALSE	FALSE
GCA_016098035.1	Mortierellomycota	soil_saprotroph	Mortierella sp, GBA30	Mortierellomycetes	Mortierellales	1896187	1896187	Mortierella sp, GBA30	strain=GBA30	95.3	0.051	222	37	0.302	0.275	0.03	5636917	538.3	65.07	69.20		Rhizophagus diaphanus	GCA_003549995.1	FALSE	FALSE	FALSE	FALSE	FALSE
GCA_016098045.1	Mortierellomycota	soil_saprotroph	Mortierella sp, GBA43	Mortierellomycetes	Mortierellales	1896190	1896190	Mortierella sp, GBA43	strain=GBA43	95.1	0.033	343	39.2	0.405	0.328	0.08	6007125	517.8	67.48	71.20		Ustilago maydis 521	GCA_000328475.2	FALSE	FALSE	FALSE	FALSE	FALSE
GCA_016098085.1	Mortierellomycota	soil_saprotroph	Mortierella sp, NVP41	Mortierellomycetes	Mortierellales	1896192	1896192	Mortierella sp, NVP41	strain=NVP41	95.2	0.051	266	45.1	0.322	0.293	0.03	6417164	511.6	63.73	68.10		Serpula lacrymans var, lacrymans S7,9	GCA_000218685.1	FALSE	FALSE	FALSE	FALSE	FALSE
GCA_016098105.1	Mortierellomycota	soil_saprotroph	Actinomortierella wolfii	Mortierellomycetes	Mortierellales	90253	90253	Actinomortierella wolfii	strain=NRRL 6351	96.6	0.094	113	34.2	0.379	0.330	0.05	4860348	581.3	61.92	62.65		Ramaria rubella	GCA_015039355.1	FALSE	FALSE	FALSE	FALSE	FALSE
GCA_016098155.1	Mortierellomycota	soil_saprotroph	Actinomortierella ambigua	Mortierellomycetes	Mortierellales	1343610	1343610	Actinomortierella ambigua	strain=BC1065	96.6	0.049	243	37.9	0.335	0.282	0.05	5517060	557.7	67.72	69.30		Drechslerella brochopaga	GCA_012184305.1	FALSE	FALSE	FALSE	FALSE	FALSE
GCA_016098165.1	Mortierellomycota	soil_saprotroph	Mortierella polycephala	Mortierellomycetes	Mortierellales	41804	41804	Mortierella polycephala	strain=KOD948	95	0.032	303	32.6	0.437	0.355	0.08	5259344	516.3	64.40	67.20		Arthrobotrys oligospora ATCC 24927	GCA_000225545.1	FALSE	FALSE	FALSE	FALSE	FALSE
GCA_016255985.1	Microsporidia	animal_parasite	Dictyocoela roeselum	Microsporidea	Glugeida	288439	288439	Dictyocoela roeselum		5.7	0.003	247	2.2	0.305	0.498	-0.19	340143	283.2	63.06	69.90		Thelohania contejeani	GCA_014805555.1	FALSE	FALSE	FALSE	FALSE	FALSE
GCA_016256075.1	Microsporidia	animal_parasite	Dictyocoela muelleri	Microsporidea	Glugeida	279532	279532	Dictyocoela muelleri		15.2	0.007	1832	41.9	0.392	0.309	0.08	1703142	264.4	71.05	71.70		Nosema apis BRL 01	GCA_000447185.1	FALSE	FALSE	FALSE	FALSE	FALSE
GCA_016748015.1	Glomeromycota	lichenized	Geosiphon pyriformis	Archaeosporomycetes	Archaeosporales	50956	50956	Geosiphon pyriformis	strain=uo1	87.9	0.703	57	128.3	0.341	0.274	0.07	9294755	388.3	71.37	73.30		Nematocida sp, 1 ERTm6	GCA_001642415.1	FALSE	FALSE	FALSE	FALSE	FALSE
GCA_016758895.1	Mucoromycota	soil_saprotroph	Umbelopsis vinacea	Umbelopsidomycetes	Umbelopsidales	44442	44442	Umbelopsis vinacea	strain=WA0000051536	95.7	1.328	7	23.2	0.459	0.376	0.08	4323860	468.0	68.71	71.40		Enterocytozoon bieneusi H348	GCA_000209485.1	FALSE	FALSE	FALSE	FALSE	FALSE
GCA_016758905.1	Mucoromycota	soil_saprotroph	Umbelopsis isabellina	Umbelopsidomycetes	Umbelopsidales	91625	91625	Umbelopsis isabellina	strain=WA0000067209	96.6	1.335	7	22.1	0.444	0.355	0.09	4213353	466.4	68.64	71.45		Dictyocoela roeselum	GCA_016255985.1	FALSE	FALSE	FALSE	FALSE	FALSE
GCA_016758935.1	Mucoromycota	soil_saprotroph	Thamnidium elegans	Mucoromycetes	Mucorales	101142	101142	Thamnidium elegans	strain=WA0000018081	92.1	0.099	91	30.9	0.398	0.347	0.05	4351615	448.0	66.76	67.90		Neocallimastix sp JGI 2020a	GCA_016946835.1	FALSE	FALSE	FALSE	FALSE	FALSE
GCA_016758945.1	Mucoromycota	soil_saprotroph	Mucor plumbeus	Mucoromycetes	Mucorales	97098	97098	Mucor plumbeus	strain=CBS 226,32	95.9	0.048	310	48.4	0.104	0.373	-0.27	5408476	462.7	57.25	65.30		Thamnocephalis sphaerospora	GCA_003614735.1	FALSE	FALSE	FALSE	FALSE	FALSE
GCA_016758965.1	Mucoromycota	soil_saprotroph	Mucor circinatus	Mucoromycetes	Mucorales	2054153	2054153	Mucor circinatus	strain=CBS 142,35	95.1	0.117	125	54.2	0.344	0.366	-0.02	6214697	439.4	60.56	66.00		Syncephalis pseudoplumigaleata	GCA_003614755.1	FALSE	FALSE	FALSE	FALSE	FALSE
GCA_016758985.1	Mucoromycota	soil_saprotroph	Mucor saturninus	Mucoromycetes	Mucorales	64648	64648	Mucor saturninus	strain=WA0000017839	97.5	0.151	72	39.2	0.378	0.309	0.07	5874686	451.2	65.89	66.60		Basidiobolus meristosporus CBS 931,73	GCA_002104905.1	FALSE	FALSE	FALSE	FALSE	FALSE
GCA_016906535.1	Basidiomycota	plant_pathogen	Rhizoctonia solani	Agaricomycetes	Cantharellales	456999	456999	Rhizoctonia solani	strain=AG-1 IA	89.3	2.303	7	40.7	0.381	0.384	0.00	6625076	538.6	60.88	62.20		Gamsiella multidivaricata	GCA_016098015.1	FALSE	FALSE	TRUE	FALSE	FALSE
GCA_016946835.1	Neocallimastigomycota	animal_endosymbiont	Neocallimastix sp, JGI-2020a	Neocallimastigomycetes	Neocallimastigales	2767002	2767002	Neocallimastix sp, JGI-2020a	strain=sp3	85.8	1.032	61	201	0.359	0.280	0.08	13239464	478.4	67.27	69.60		Entomortierella lignicola	GCA_015500005.1	FALSE	FALSE	FALSE	FALSE	FALSE
GCA_017911155.1	Olpidiomycota	algal_parasite	Olpidium bornovanus	Olpidiomycetes	Olpidiales	278681	278681	Olpidium bornovanus		27	0.002	4329	28.2	0.071	0.082	-0.01	2380952	280.9	60.00	63.20		Entomortierella chlamydospora	GCA_015849335.1	FALSE	FALSE	FALSE	FALSE	FALSE
GCA_019456465.1	Ascomycota	lichenized	Bacidia gigantensis	Lecanoromycetes	Lecanorales	2732470	2732470	Bacidia gigantensis		98.1	1.807	8	33.1	0.228	0.234	-0.01	4728685	512.4	51.40	54.10		Entomortierella beljakovae	GCA_015679585.1	FALSE	FALSE	FALSE	FALSE	FALSE
GCA_019671135.1	Mortierellomycota	soil_saprotroph	Linnemannia hyalina	Mortierellomycetes	Mortierellales	64524	64524	Linnemannia hyalina	strain=SCG-10	96.2	2.318	9	51.6	0.343	0.297	0.05	6976616	549.6	64.79	68.10		Dissophora ornata	GCA_015499975.1	FALSE	FALSE	FALSE	FALSE	FALSE
GCA_900079185.1	Mucoromycota	soil_saprotroph	Absidia glauca	Mucoromycetes	Mucorales	4829	4829	Absidia glauca	strain=CBS 101,48 substr, RVII-324 met-	92.6	0.318	41	48.7	0.158	0.366	-0.21	6556520	440.3	63.81	66.80		Dissophora globulifera	GCA_016097935.1	FALSE	FALSE	FALSE	FALSE	FALSE
GCA_905067625.1	Ascomycota	plant_pathogen	Blumeria graminis f, sp, triticale	Leotiomycetes	Erysiphales	1689686	34373	Blumeria graminis f, sp, triticale		98.7	15.158	4	141.4	0.306	0.339	-0.03	3419952	428.0	57.92	59.80		Actinomortierella wolfii	GCA_016098105.1	TRUE	TRUE	TRUE	TRUE	FALSE