seq_name	trna_number	begin	end	trna_type	anticodon	intron_begin	intron_end	score	note	strand	start	stop	has_intron	is_pseudo
CU329670.1	1	365155	365226	Pro	TGG	0	0	68.8		+	365155	365226	False	False
CU329670.1	2	446000	446071	Val	CAC	0	0	64.9		+	446000	446071	False	False
CU329670.1	3	957183	957254	Glu	TTC	0	0	58.7		+	957183	957254	False	False
CU329670.1	4	1096369	1096466	Ser	CGA	1096406	1096421	76.5		+	1096369	1096466	True	False
CU329670.1	5	1096474	1096545	iMet	CAT	0	0	54.9		+	1096474	1096545	False	False
CU329670.1	6	1421149	1421221	Cys	GCA	0	0	68.1		+	1421149	1421221	False	False
CU329670.1	7	1704582	1704664	Lys	CTT	1704621	1704628	74.7		+	1704582	1704664	True	False
CU329670.1	8	1746464	1746547	Tyr	GTA	1746502	1746511	62.3		+	1746464	1746547	True	False
CU329670.1	9	1772296	1772369	Ile	AAT	0	0	61.7		+	1772296	1772369	False	False
CU329670.1	10	2433048	2433119	Thr	AGT	0	0	79.6		+	2433048	2433119	False	False
CU329670.1	11	2441963	2442037	Lys	TTT	0	0	72.9		+	2441963	2442037	False	False
CU329670.1	12	2510538	2510610	Cys	GCA	0	0	65.9		+	2510538	2510610	False	False
CU329670.1	13	2578426	2578524	Ile	TAT	2578464	2578488	57.4		+	2578426	2578524	True	False
CU329670.1	14	3086310	3086392	Lys	CTT	3086349	3086356	74.7		+	3086310	3086392	True	False
CU329670.1	15	3157430	3157501	Ala	TGC	0	0	70.6		+	3157430	3157501	False	False
CU329670.1	16	3164749	3164820	Thr	CGT	0	0	72.2		+	3164749	3164820	False	False
CU329670.1	17	3443055	3443144	Arg	CCG	3443091	3443108	38.5		+	3443055	3443144	True	False
CU329670.1	18	3591948	3592044	Leu	TAG	3591985	3592002	46.1		+	3591948	3592044	True	False
CU329670.1	19	3700665	3700737	Cys	GCA	0	0	68.1		+	3700665	3700737	False	False
CU329670.1	20	3701556	3701628	Phe	GAA	0	0	69.0		+	3701556	3701628	False	False
CU329670.1	21	3736520	3736592	Arg	ACG	0	0	71.4		+	3736520	3736592	False	False
CU329670.1	22	3768290	3768363	Ile	AAT	0	0	65.0		+	3768290	3768363	False	False
CU329670.1	23	3776768	3776839	Glu	CTC	0	0	68.9		+	3776768	3776839	False	False
CU329670.1	24	3777192	3777265	Ala	AGC	0	0	57.1		+	3777192	3777265	False	False
CU329670.1	25	4265149	4265245	Ser	TGA	4265186	4265200	77.3		+	4265149	4265245	True	False
CU329670.1	26	4265253	4265324	iMet	CAT	0	0	54.9		+	4265253	4265324	False	False
CU329670.1	27	4532857	4532927	Asp	GTC	0	0	61.0		+	4532857	4532927	False	False
CU329670.1	28	4715431	4715502	Thr	AGT	0	0	79.6		+	4715431	4715502	False	False
CU329670.1	29	4796977	4797059	Ala	CGC	4797013	4797023	68.5		+	4796977	4797059	True	False
CU329670.1	30	5437747	5437828	Ser	AGA	0	0	79.7		+	5437747	5437828	False	False
CU329670.1	31	5232987	5232917	Asp	GTC	0	0	61.0		-	5232917	5232987	False	False
CU329670.1	32	5045204	5045132	Arg	ACG	0	0	71.4		-	5045132	5045204	False	False
CU329670.1	33	4059106	4059028	Leu	AAG	0	0	51.5		-	4059028	4059106	False	False
CU329670.1	34	3773983	3773910	Ile	AAT	0	0	65.0		-	3773910	3773983	False	False
CU329670.1	35	3765505	3765434	Glu	CTC	0	0	68.9		-	3765434	3765505	False	False
CU329670.1	36	3765081	3765008	Ala	AGC	0	0	57.1		-	3765008	3765081	False	False
CU329670.1	37	3752406	3752334	Phe	GAA	0	0	69.0		-	3752334	3752406	False	False
CU329670.1	38	3710821	3710739	Val	AAC	3710783	3710775	58.5		-	3710739	3710821	True	False
CU329670.1	39	3559826	3559754	Trp	CCA	0	0	69.1		-	3559754	3559826	False	False
CU329670.1	40	3047758	3047677	Ser	AGA	0	0	79.7		-	3047677	3047758	False	False
CU329670.1	41	2844745	2844674	Thr	AGT	0	0	80.6		-	2844674	2844745	False	False
CU329670.1	42	2802858	2802761	Leu	TAA	2802820	2802805	47.5		-	2802761	2802858	True	False
CU329670.1	43	2684765	2684683	Lys	CTT	2684726	2684719	74.7		-	2684683	2684765	True	False
CU329670.1	44	2249250	2249180	Gly	GCC	0	0	71.4		-	2249180	2249250	False	False
CU329670.1	45	2214814	2214733	Val	AAC	2214776	2214769	58.6		-	2214733	2214814	True	False
CU329670.1	46	1733838	1733764	Lys	TTT	0	0	72.9		-	1733764	1733838	False	False
CU329670.1	47	1646362	1646292	Gly	GCC	0	0	71.4		-	1646292	1646362	False	False
CU329670.1	48	1603376	1603305	Thr	AGT	0	0	79.6		-	1603305	1603376	False	False
CU329670.1	49	1527181	1527088	Leu	CAG	1527143	1527134	67.1		-	1527088	1527181	True	False
CU329670.1	50	1485061	1484979	Met	CAT	1485023	1485015	57.1		-	1484979	1485061	True	False
CU329670.1	51	1449469	1449398	Pro	AGG	0	0	61.8		-	1449398	1449469	False	False
CU329670.1	52	1315020	1314924	Pro	CGG	1314983	1314960	49.7		-	1314924	1315020	True	False
CU329670.1	53	1195663	1195592	Ala	TGC	0	0	70.6		-	1195592	1195663	False	False
CU329670.1	54	934738	934665	Ala	AGC	0	0	57.1		-	934665	934738	False	False
CU329670.1	55	718190	718119	Glu	TTC	0	0	58.7		-	718119	718190	False	False
CU329670.1	56	703147	703075	Val	TAC	0	0	72.1		-	703075	703147	False	False
