sample	species	genetic_code	accession	domain	kingdom	phylum	lifestyle	genome	cds	include
Ylipolytica	Yarrowia_lipolytica	1	GCA_000002525.1	eukarya	Fungi	Ascomycota	unspecified_saprotroph	GCA_000002525.1_ASM252v1_genomic.fna	GCA_000002525.1cds_from_genomic.fna	1
Spombe	Schizosaccharomyces_pombe	1	GCA_000002945.2	eukarya	Fungi	Ascomycota	nectar_tap_saprotroph	GCA_000002945.2_ASM294v2_genomic.fna	GCA_000002945.2cds_from_genomic.fna	1
Pplacenta	Postia_placenta	1	GCA_000006255.1	eukarya	Fungi	Basidiomycota	wood_saprotroph	GCA_000006255.1_Postia_placenta_V1.0_genomic.fna	GCA_000006255.1cds_from_genomic.fna	1
Scerevisiae	Saccharomyces_cerevisiae	1	GCA_000146045.2	eukarya	Fungi	Ascomycota	nectar_tap_saprotroph	GCA_000146045.2_R64_genomic.fna	GCA_000146045.2cds_from_genomic.fna	1
Eintestinalis	Encephalitozoon_intestinalis	1	GCA_000146465.1	eukarya	Fungi	Microsporidia	animal_parasite	GCA_000146465.1_ASM14646v1_genomic.fna	GCA_000146465.1cds_from_genomic.fna	1
Ssclerotiorum	Sclerotinia_sclerotiorum	1	GCA_000146945.2	eukarya	Fungi	Ascomycota	plant_pathogen	GCA_000146945.2_ASM14694v2_genomic.fna	GCA_000146945.2cds_from_genomic.fna	1
Anidulans	Aspergillus_nidulans	1	GCA_000149205.2	eukarya	Fungi	Ascomycota	unspecified_saprotroph	GCA_000149205.2_ASM14920v2_genomic.fna	GCA_000149205.2cds_from_genomic.fna	1
Cneoformans	Cryptococcus_neoformans	1	GCA_000149245.3	eukarya	Fungi	Basidiomycota	unspecified_saprotroph	GCA_000149245.3_CNA3_genomic.fna	GCA_000149245.3cds_from_genomic.fna	1
Rdelemar	Rhizopus_delemar	1	GCA_000149305.1	eukarya	Fungi	Mucoromycota	soil_saprotroph	GCA_000149305.1_RO3_genomic.fna	GCA_000149305.1cds_from_genomic.fna	1
Cimmitis	Coccidioides_immitis	1	GCA_000149335.2	eukarya	Fungi	Ascomycota	soil_saprotroph	GCA_000149335.2_ASM14933v2_genomic.fna	GCA_000149335.2cds_from_genomic.fna	1
Sjaponicus	Schizosaccharomyces_japonicus	1	GCA_000149845.2	eukarya	Fungi	Ascomycota	nectar_tap_saprotroph	GCA_000149845.2_SJ5_genomic.fna	GCA_000149845.2cds_from_genomic.fna	1
Pgraminis	Puccinia_graminis	1	GCA_000149925.1	eukarya	Fungi	Basidiomycota	plant_pathogen	GCA_000149925.1_ASM14992v1_genomic.fna	GCA_000149925.1cds_from_genomic.fna	1
Vdahliae	Verticillium_dahliae	1	GCA_000150675.2	eukarya	Fungi	Ascomycota	plant_pathogen	GCA_000150675.2_ASM15067v2_genomic.fna	GCA_000150675.2cds_from_genomic.fna	1
Amacrogynus	Allomyces_macrogynus	1	GCA_000151295.1	eukarya	Fungi	Blastocladiomycota	soil_saprotroph	GCA_000151295.1_A_macrogynus_V3_genomic.fna	GCA_000151295.1cds_from_genomic.fna	1
Tmelanosporum	Tuber_melanosporum	1	GCA_000151645.1	eukarya	Fungi	Ascomycota	ectomycorrhizal	GCA_000151645.1_ASM15164v1_genomic.fna	GCA_000151645.1cds_from_genomic.fna	1
Treesei	Trichoderma_reesei	1	GCA_000167675.2	eukarya	Fungi	Ascomycota	mycoparasite	GCA_000167675.2_v2.0_genomic.fna	GCA_000167675.2cds_from_genomic.fna	1
Mglobosa	Malassezia_globosa	1	GCA_000181695.1	eukarya	Fungi	Basidiomycota	soil_saprotroph	GCA_000181695.1_ASM18169v1_genomic.fna	GCA_000181695.1cds_from_genomic.fna	1
Spunctatus	Spizellomyces_punctatus	1	GCA_000182565.2	eukarya	Fungi	Chytridiomycota	pollen_saprotroph	GCA_000182565.2_S_punctatus_V1_genomic.fna	GCA_000182565.2cds_from_genomic.fna	1
Ccinerea	Coprinopsis_cinerea	1	GCA_000182895.1	eukarya	Fungi	Basidiomycota	soil_saprotroph	GCA_000182895.1_CC3_genomic.fna	GCA_000182895.1cds_from_genomic.fna	1
Ncrassa	Neurospora_crassa	1	GCA_000182925.2	eukarya	Fungi	Ascomycota	unspecified_saprotroph	GCA_000182925.2_NC12_genomic.fna	GCA_000182925.2cds_from_genomic.fna	1
Calbicans	Candida_albicans	12	GCA_000182965.3	eukarya	Fungi	Ascomycota	nectar_tap_saprotroph	GCA_000182965.3_ASM18296v3_genomic.fna	GCA_000182965.3cds_from_genomic.fna	1
Vculicis	Vavraia_culicis	1	GCA_000192795.1	eukarya	Fungi	Microsporidia	animal_parasite	GCA_000192795.1_Vavr_culi_floridensis_V1_genomic.fna	GCA_000192795.1cds_from_genomic.fna	1
Bdendrobatidis	Batrachochytrium_dendrobatidis	1	GCA_000203795.1	eukarya	Fungi	Chytridiomycota	animal_parasite	GCA_000203795.1_v1.0_genomic.fna	GCA_000203795.1cds_from_genomic.fna	1
Mlarici-populina	Melampsora_larici-populina	1	GCA_000204055.1	eukarya	Fungi	Basidiomycota	plant_pathogen	GCA_000204055.1_v1.0_genomic.fna	GCA_000204055.1cds_from_genomic.fna	1
Ebieneusi	Enterocytozoon_bieneusi	1	GCA_000209485.1	eukarya	Fungi	Microsporidia	animal_parasite	GCA_000209485.1_ASM20948v1_genomic.fna	GCA_000209485.1cds_from_genomic.fna	1
Slacrymans	Serpula_lacrymans	1	GCA_000218685.1	eukarya	Fungi	Basidiomycota	wood_saprotroph	GCA_000218685.1_v1.0_genomic.fna	GCA_000218685.1cds_from_genomic.fna	1
Ztritici	Zymoseptoria_tritici	1	GCA_000219625.1	eukarya	Fungi	Ascomycota	plant_pathogen	GCA_000219625.1_MYCGR_v2.0_genomic.fna	GCA_000219625.1cds_from_genomic.fna	1
Aoligospora	Arthrobotrys_oligospora	1	GCA_000225545.1	eukarya	Fungi	Ascomycota	animal_parasite	GCA_000225545.1_AOL24927_1.0_genomic.fna	GCA_000225545.1cds_from_genomic.fna	1
Eaedis	Edhazardia_aedis	1	GCA_000230595.3	eukarya	Fungi	Microsporidia	animal_parasite	GCA_000230595.3_Edha_aedis_V4b_genomic.fna	GCA_000230595.3cds_from_genomic.fna	1
Edermatitidis	Exophiala_dermatitidis	1	GCA_000230625.1	eukarya	Fungi	Ascomycota	animal_parasite	GCA_000230625.1_Exop_derm_V1_genomic.fna	GCA_000230625.1cds_from_genomic.fna	1
Vcorneae	Vittaforma_corneae	1	GCA_000231115.1	eukarya	Fungi	Microsporidia	animal_parasite	GCA_000231115.1_Vitt_corn_V1_genomic.fna	GCA_000231115.1cds_from_genomic.fna	1
Nparisii	Nematocida_parisii	1	GCA_000250985.1	eukarya	Fungi	Microsporidia	animal_parasite	GCA_000250985.1_Nema_parisii_ERTm1_V3_genomic.fna	GCA_000250985.1cds_from_genomic.fna	1
Ehellem	Encephalitozoon_hellem	1	GCA_000277815.3	eukarya	Fungi	Microsporidia	animal_parasite	GCA_000277815.3_ASM27781v3_genomic.fna	GCA_000277815.3cds_from_genomic.fna	1
Eromaleae	Encephalitozoon_romaleae	1	GCA_000280035.2	eukarya	Fungi	Microsporidia	animal_parasite	GCA_000280035.2_ASM28003v2_genomic.fna	GCA_000280035.2cds_from_genomic.fna	1
Dprimogenitus	Dacryopinax_primogenitus	1	GCA_000292625.1	eukarya	Fungi	Basidiomycota	wood_saprotroph	GCA_000292625.1_Dacryopinax_sp._DJM_731_SSP1_v1.0_genomic.fna	GCA_000292625.1cds_from_genomic.fna	1
Thominis	Trachipleistophora_hominis	1	GCA_000316135.1	eukarya	Fungi	Microsporidia	animal_parasite	GCA_000316135.1_ASM31613v1_genomic.fna	GCA_000316135.1cds_from_genomic.fna	1
Umaydis	Ustilago_maydis	1	GCA_000328475.2	eukarya	Fungi	Basidiomycota	plant_pathogen	GCA_000328475.2_Umaydis521_2.0_genomic.fna	GCA_000328475.2cds_from_genomic.fna	1
Nbombycis	Nosema_bombycis	1	GCA_000383075.1	eukarya	Fungi	Microsporidia	animal_parasite	GCA_000383075.1_NosBomCQ1_v1.0_genomic.fna	GCA_000383075.1cds_from_genomic.fna	1
Aalgerae	Anncaliia_algerae	1	GCA_000385875.2	eukarya	Fungi	Microsporidia	animal_parasite	GCA_000385875.2_Annc_alge_insect_USDA_JJB_V2_genomic.fna	GCA_000385875.2cds_from_genomic.fna	1
Wichthyophaga	Wallemia_ichthyophaga	1	GCA_000400465.1	eukarya	Fungi	Basidiomycota	unspecified_saprotroph	GCA_000400465.1_Wallemia_ichthyophaga_version_1.0_genomic.fna	GCA_000400465.1cds_from_genomic.fna	1
Rirregularis	Rhizophagus_irregularis	1	GCA_000439145.3	eukarya	Fungi	Glomeromycota	arbuscular_mycorrhizal	GCA_000439145.3_ASM43914v3_genomic.fna	GCA_000439145.3cds_from_genomic.fna	1
Rallomycis	Rozella_allomycis	1	GCA_000442015.1	eukarya	Fungi	Rozellomycota	mycoparasite	GCA_000442015.1_Rozella_k41_t100_genomic.fna	GCA_000442015.1cds_from_genomic.fna	1
Napis	Nosema_apis	1	GCA_000447185.1	eukarya	Fungi	Microsporidia	animal_parasite	GCA_000447185.1_NapisBRLv01_genomic.fna	GCA_000447185.1cds_from_genomic.fna	1
Mosmundae	Mixia_osmundae	1	GCA_000708205.1	eukarya	Fungi	Basidiomycota	plant_pathogen	GCA_000708205.1_Mixia_osmundae_v1.0_genomic.fna	GCA_000708205.1cds_from_genomic.fna	1
Tanomala	Tilletiaria_anomala	1	GCA_000711695.1	eukarya	Fungi	Basidiomycota	wood_saprotroph	GCA_000711695.1_Tilletiaria_anomala_UBC_951_v1.0_genomic.fna	GCA_000711695.1cds_from_genomic.fna	1
Nsp_GCA000738915_1	Nematocida_sp	1	GCA_000738915.1	eukarya	Fungi	Microsporidia	animal_parasite	GCA_000738915.1_Nema_sp_1_ERTm6_V2_genomic.fna	GCA_000738915.1cds_from_genomic.fna	1
Pverticillata	Podila_verticillata	1	GCA_000739165.1	eukarya	Fungi	Mortierellomycota	soil_saprotroph	GCA_000739165.1_Mort_vert_NRRL_6337_V1_genomic.fna	GCA_000739165.1cds_from_genomic.fna	1
Mdaphniae	Mitosporidium_daphniae	1	GCA_000760515.2	eukarya	Fungi	Microsporidia	animal_parasite	GCA_000760515.2_UGP1.1_genomic.fna	GCA_000760515.2cds_from_genomic.fna	1
Ocolligata	Ordospora_colligata	1	GCA_000803265.1	eukarya	Fungi	Microsporidia	animal_parasite	GCA_000803265.1_ASM80326v1_genomic.fna	GCA_000803265.1cds_from_genomic.fna	1
Amuscaria	Amanita_muscaria	1	GCA_000827485.1	eukarya	Fungi	Basidiomycota	ectomycorrhizal	GCA_000827485.1_Amanita_muscaria_Koide_BX008_v1.0_genomic.fna	GCA_000827485.1cds_from_genomic.fna	1
Pparasitica	Parasitella_parasitica	1	GCA_000938895.1	eukarya	Fungi	Mucoromycota	mycoparasite	GCA_000938895.1_PP.v1_genomic.fna	GCA_000938895.1cds_from_genomic.fna	1
Mambiguus	Mucor_ambiguus	1	GCA_000950595.1	eukarya	Fungi	Mucoromycota	soil_saprotroph	GCA_000950595.1_ASM95059v1_genomic.fna	GCA_000950595.1cds_from_genomic.fna	1
Nceranae	Nosema_ceranae	1	GCA_000988165.1	eukarya	Fungi	Microsporidia	animal_parasite	GCA_000988165.1_ASM98816v1_genomic.fna	GCA_000988165.1cds_from_genomic.fna	1
Pneurophilia	Pseudoloma_neurophilia	1	GCA_001432165.1	eukarya	Fungi	Microsporidia	animal_parasite	GCA_001432165.1_ASM143216v1_genomic.fna	GCA_001432165.1cds_from_genomic.fna	1
Pcarinii	Pneumocystis_carinii	1	GCA_001477545.1	eukarya	Fungi	Ascomycota	animal_parasite	GCA_001477545.1_Pneu_cari_B80_V3_genomic.fna	GCA_001477545.1cds_from_genomic.fna	1
Ccoronatus	Conidiobolus_coronatus	1	GCA_001566745.1	eukarya	Fungi	Entomophthoromycota	animal_parasite	GCA_001566745.1_Conidiobolus_coronatus_NRRL28638_genomic.fna	GCA_001566745.1cds_from_genomic.fna	1
Gprolifera	Gonapodya_prolifera	1	GCA_001574975.1	eukarya	Fungi	Monoblepharomycota	litter_saprotroph	GCA_001574975.1_Ganpr1_genomic.fna	GCA_001574975.1cds_from_genomic.fna	1
Pblakesleeanus	Phycomyces_blakesleeanus	1	GCA_001638985.2	eukarya	Fungi	Mucoromycota	dung_saprotroph	GCA_001638985.2_Phybl2_genomic.fna	GCA_001638985.2cds_from_genomic.fna	1
Ndisplodere	Nematocida_displodere	1	GCA_001642395.1	eukarya	Fungi	Microsporidia	animal_parasite	GCA_001642395.1_ASM164239v1_genomic.fna	GCA_001642395.1cds_from_genomic.fna	1
Nsp_GCA001642415_1	Nematocida_sp	1	GCA_001642415.1	eukarya	Fungi	Microsporidia	animal_parasite	GCA_001642415.1_ASM164241v1_genomic.fna	GCA_001642415.1cds_from_genomic.fna	1
Lelongata	Linnemannia_elongata	1	GCA_001651415.1	eukarya	Fungi	Mortierellomycota	soil_saprotroph	GCA_001651415.1_Mortierella_elongata_AG-77_v2.0_genomic.fna	GCA_001651415.1cds_from_genomic.fna	1
Ccucurbitarum	Choanephora_cucurbitarum	1	GCA_001683725.1	eukarya	Fungi	Mucoromycota	litter_saprotroph	GCA_001683725.1_ASM168372v1_genomic.fna	GCA_001683725.1cds_from_genomic.fna	1
Asp_GCA001875675_1	Amphiamblys_sp	1	GCA_001875675.1	eukarya	Fungi	Microsporidia	protistan_parasite	GCA_001875675.1_ASM187567v1_genomic.fna	GCA_001875675.1cds_from_genomic.fna	1
Nirregularis	Neolecta_irregularis	1	GCA_001929475.1	eukarya	Fungi	Ascomycota	plant_pathogen	GCA_001929475.1_NeoIirr1.0_genomic.fna	GCA_001929475.1cds_from_genomic.fna	1
Smucronatum	Smittium_mucronatum	1	GCA_001953115.1	eukarya	Fungi	Kickxellomycota	animal_endosymbiont	GCA_001953115.1_ASM195311v1_genomic.fna	GCA_001953115.1cds_from_genomic.fna	1
Zculisetae	Zancudomyces_culisetae	1	GCA_001969505.1	eukarya	Fungi	Kickxellomycota	animal_endosymbiont	GCA_001969505.1_ASM196950v1_genomic.fna	GCA_001969505.1cds_from_genomic.fna	1
Sculicis	Smittium_culicis	1	GCA_001970855.1	eukarya	Fungi	Kickxellomycota	animal_endosymbiont	GCA_001970855.1_ASM197085v1_genomic.fna	GCA_001970855.1cds_from_genomic.fna	1
Ehepatopenaei	Enterocytozoon_hepatopenaei	1	GCA_002081675.1	eukarya	Fungi	Microsporidia	animal_parasite	GCA_002081675.1_ASM208167v1_genomic.fna	GCA_002081675.1cds_from_genomic.fna	1
Heriocheir	Hepatospora_eriocheir	1	GCA_002087885.1	eukarya	Fungi	Microsporidia	animal_parasite	GCA_002087885.1_ASM208788v1_genomic.fna	GCA_002087885.1cds_from_genomic.fna	1
Ecanceri	Enterospora_canceri	1	GCA_002087915.1	eukarya	Fungi	Microsporidia	animal_parasite	GCA_002087915.1_ASM208791v1_genomic.fna	GCA_002087915.1cds_from_genomic.fna	1
Canguillulae	Catenaria_anguillulae	1	GCA_002102555.1	eukarya	Fungi	Blastocladiomycota	animal_parasite	GCA_002102555.1_Catan2_genomic.fna	GCA_002102555.1cds_from_genomic.fna	1
Arobustus	Anaeromyces_robustus	1	GCA_002104895.1	eukarya	Fungi	Neocallimastigomycota	animal_endosymbiont	GCA_002104895.1_Anaeromyces_sp._S4_v1.0_genomic.fna	GCA_002104895.1cds_from_genomic.fna	1
Bmeristosporus	Basidiobolus_meristosporus	1	GCA_002104905.1	eukarya	Fungi	Basidiobolomycota	unspecified_saprotroph	GCA_002104905.1_Basme2finSC_genomic.fna	GCA_002104905.1cds_from_genomic.fna	1
Hvesiculosa	Hesseltinella_vesiculosa	1	GCA_002104935.1	eukarya	Fungi	Mucoromycota	soil_saprotroph	GCA_002104935.1_Hesve2_genomic.fna	GCA_002104935.1cds_from_genomic.fna	1
Pfinnis	Piromyces_finnis	1	GCA_002104945.1	eukarya	Fungi	Neocallimastigomycota	animal_endosymbiont	GCA_002104945.1_Piromyces_sp._finnis_v3.0_genomic.fna	GCA_002104945.1cds_from_genomic.fna	1
Ncaliforniae	Neocallimastix_californiae	1	GCA_002104975.1	eukarya	Fungi	Neocallimastigomycota	animal_endosymbiont	GCA_002104975.1_Neocallimastix_sp._G1_v1.0_genomic.fna	GCA_002104975.1cds_from_genomic.fna	1
Rglobosum	Rhizoclosmatium_globosum	1	GCA_002104985.1	eukarya	Fungi	Chytridiomycota	litter_saprotroph	GCA_002104985.1_Rhihy1_genomic.fna	GCA_002104985.1cds_from_genomic.fna	1
Lpennispora	Linderina_pennispora	1	GCA_002104995.1	eukarya	Fungi	Kickxellomycota	soil_saprotroph	GCA_002104995.1_Linpe1_genomic.fna	GCA_002104995.1cds_from_genomic.fna	1
Sracemosum	Syncephalastrum_racemosum	1	GCA_002105135.1	eukarya	Fungi	Mucoromycota	soil_saprotroph	GCA_002105135.1_Synrac1_genomic.fna	GCA_002105135.1cds_from_genomic.fna	1
Ltransversale	Lobosporangium_transversale	1	GCA_002105155.1	eukarya	Fungi	Mortierellomycota	soil_saprotroph	GCA_002105155.1_Lobtra1_genomic.fna	GCA_002105155.1cds_from_genomic.fna	1
Arepens	Absidia_repens	1	GCA_002105175.1	eukarya	Fungi	Mucoromycota	soil_saprotroph	GCA_002105175.1_Absrep1_genomic.fna	GCA_002105175.1cds_from_genomic.fna	1
Psp	Piromyces_sp	1	GCA_002157105.1	eukarya	Fungi	Neocallimastigomycota	animal_endosymbiont	GCA_002157105.1_PirspE2_v1.0_genomic.fna	GCA_002157105.1cds_from_genomic.fna	1
Badelaidae	Bifiguratus_adelaidae	1	GCA_002261195.1	eukarya	Fungi	Mucoromycota	soil_saprotroph	GCA_002261195.1_ASM226119v1_genomic.fna	GCA_002261195.1cds_from_genomic.fna	1
Creversa	Coemansia_reversa	1	GCA_002705745.1	eukarya	Fungi	Kickxellomycota	soil_saprotroph	GCA_002705745.1_Coere1_genomic.fna	GCA_002705745.1cds_from_genomic.fna	1
Rmicrosporus	Rhizopus_microsporus	1	GCA_002708625.1	eukarya	Fungi	Mucoromycota	soil_saprotroph	GCA_002708625.1_Rhimi1_1_genomic.fna	GCA_002708625.1cds_from_genomic.fna	1
Psaccamoebae	Paramicrosporidium_saccamoebae	1	GCA_002794465.1	eukarya	Fungi	Rozellomycota	protistan_parasite	GCA_002794465.1_KSL3_v6_genomic.fna	GCA_002794465.1cds_from_genomic.fna	1
Smegazygosporum	Smittium_megazygosporum	1	GCA_003086715.1	eukarya	Fungi	Kickxellomycota	animal_endosymbiont	GCA_003086715.1_ASM308671v1_genomic.fna	GCA_003086715.1cds_from_genomic.fna	1
Fboomerangus	Furculomyces_boomerangus	1	GCA_003086725.1	eukarya	Fungi	Kickxellomycota	animal_endosymbiont	GCA_003086725.1_ASM308672v1_genomic.fna	GCA_003086725.1cds_from_genomic.fna	1
Ssimulii	Smittium_simulii	1	GCA_003086735.1	eukarya	Fungi	Kickxellomycota	animal_endosymbiont	GCA_003086735.1_ASM308673v1_genomic.fna	GCA_003086735.1cds_from_genomic.fna	1
Sangustum	Smittium_angustum	1	GCA_003097675.1	eukarya	Fungi	Kickxellomycota	animal_endosymbiont	GCA_003097675.1_ASM309767v1_genomic.fna	GCA_003097675.1cds_from_genomic.fna	1
Razygosporus	Rhizopus_azygosporus	1	GCA_003325435.1	eukarya	Fungi	Mucoromycota	soil_saprotroph	GCA_003325435.1_Razy_CA_genomic.fna	GCA_003325435.1cds_from_genomic.fna	1
Depigaea	Diversispora_epigaea	1	GCA_003547095.1	eukarya	Fungi	Glomeromycota	arbuscular_mycorrhizal	GCA_003547095.1_Glomus_Soap2_v3.1.nr.fa_genomic.fna	GCA_003547095.1cds_from_genomic.fna	1
Rsp	Rhizophagus_sp	1	GCA_003549995.1	eukarya	Fungi	Glomeromycota	arbuscular_mycorrhizal	GCA_003549995.1_ASM354999v1_genomic.fna	GCA_003549995.1cds_from_genomic.fna	1
Gcerebriforme	Glomus_cerebriforme	1	GCA_003550305.1	eukarya	Fungi	Glomeromycota	arbuscular_mycorrhizal	GCA_003550305.1_ASM355030v1_genomic.fna	GCA_003550305.1cds_from_genomic.fna	1
Grosea	Gigaspora_rosea	1	GCA_003550325.1	eukarya	Fungi	Glomeromycota	arbuscular_mycorrhizal	GCA_003550325.1_ASM355032v1_genomic.fna	GCA_003550325.1cds_from_genomic.fna	1
Pcylindrospora	Piptocephalis_cylindrospora	1	GCA_003614145.1	eukarya	Fungi	Zoopagomycota	mycoparasite	GCA_003614145.1_Pipcy3_1_genomic.fna	GCA_003614145.1cds_from_genomic.fna	1
Dcristalligena	Dimargaris_cristalligena	1	GCA_003614675.1	eukarya	Fungi	Kickxellomycota	mycoparasite	GCA_003614675.1_DimcrSC1_genomic.fna	GCA_003614675.1cds_from_genomic.fna	1
Bhelicus	Blyttiomyces_helicus	1	GCA_003614705.1	eukarya	Fungi	Chytridiomycota	algal_parasite	GCA_003614705.1_Blyhe1_genomic.fna	GCA_003614705.1cds_from_genomic.fna	1
Tsphaerospora	Thamnocephalis_sphaerospora	1	GCA_003614735.1	eukarya	Fungi	Zoopagomycota	mycoparasite	GCA_003614735.1_Thasp1_genomic.fna	GCA_003614735.1cds_from_genomic.fna	1
Spseudoplumigaleata	Syncephalis_pseudoplumigaleata	1	GCA_003614755.1	eukarya	Fungi	Zoopagomycota	mycoparasite	GCA_003614755.1_Synps1_genomic.fna	GCA_003614755.1cds_from_genomic.fna	1
Cprotostelioides	Caulochytrium_protostelioides	1	GCA_003615045.1	eukarya	Fungi	Chytridiomycota	mycoparasite	GCA_003615045.1_Caupr1_genomic.fna	GCA_003615045.1cds_from_genomic.fna	1
Jflammicorona	Jimgerdemannia_flammicorona	1	GCA_003990745.1	eukarya	Fungi	Mucoromycota	ectomycorrhizal	GCA_003990745.1_Jimfl_GMNB39_1_genomic.fna	GCA_003990745.1cds_from_genomic.fna	1
Esp	Endogone_sp	1	GCA_003990785.1	eukarya	Fungi	Mucoromycota	soil_saprotroph	GCA_003990785.1_Endsp1_genomic.fna	GCA_003990785.1cds_from_genomic.fna	1
Tratisbonensis	Tubulinosema_ratisbonensis	1	GCA_004000155.1	eukarya	Fungi	Microsporidia	animal_parasite	GCA_004000155.1_ASM400015v1_genomic.fna	GCA_004000155.1cds_from_genomic.fna	1
Hmagnivora	Hamiltosporidium_magnivora	1	GCA_004325065.1	eukarya	Fungi	Microsporidia	animal_parasite	GCA_004325065.1_BEOM2_v1_genomic.fna	GCA_004325065.1cds_from_genomic.fna	1
Htvaerminnensis	Hamiltosporidium_tvaerminnensis	1	GCA_004325075.1	eukarya	Fungi	Microsporidia	animal_parasite	GCA_004325075.1_ILG3_v1_genomic.fna	GCA_004325075.1cds_from_genomic.fna	1
Sendobioticum	Synchytrium_endobioticum	1	GCA_006535955.1	eukarya	Fungi	Chytridiomycota	plant_pathogen	GCA_006535955.1_ASM653595v1_genomic.fna	GCA_006535955.1cds_from_genomic.fna	1
Ssp	Spizellomyces_sp	1	GCA_006535965.1	eukarya	Fungi	Chytridiomycota	pollen_saprotroph	GCA_006535965.1_ASM653596v1_genomic.fna	GCA_006535965.1cds_from_genomic.fna	1
Cconfervae	Chytriomyces_confervae	1	GCA_006535975.1	eukarya	Fungi	Chytridiomycota	unspecified_saprotroph	GCA_006535975.1_ASM653597v1_genomic.fna	GCA_006535975.1cds_from_genomic.fna	1
Smicrobalum	Synchytrium_microbalum	1	GCA_006535985.1	eukarya	Fungi	Chytridiomycota	plant_pathogen	GCA_006535985.1_ASM653598v1_genomic.fna	GCA_006535985.1cds_from_genomic.fna	1
Phirtus	Powellomyces_hirtus	1	GCA_006536005.1	eukarya	Fungi	Chytridiomycota	pollen_saprotroph	GCA_006536005.1_ASM653600v1_genomic.fna	GCA_006536005.1cds_from_genomic.fna	1
Gmargarita	Gigaspora_margarita	1	GCA_009809945.1	eukarya	Fungi	Glomeromycota	arbuscular_mycorrhizal	GCA_009809945.1_UNITO_GmarBEG34_1.0_genomic.fna	GCA_009809945.1cds_from_genomic.fna	1
Mlusitanicus	Mucor_lusitanicus	1	GCA_010203745.1	eukarya	Fungi	Mucoromycota	soil_saprotroph	GCA_010203745.1_Muccir1_3_genomic.fna	GCA_010203745.1cds_from_genomic.fna	1
Dbrochopaga	Drechslerella_brochopaga	1	GCA_012184305.1	eukarya	Fungi	Ascomycota	animal_parasite	GCA_012184305.1_ASM1218430v1_genomic.fna	GCA_012184305.1cds_from_genomic.fna	1
Aentomopaga	Arthrobotrys_entomopaga	1	GCA_012184315.1	eukarya	Fungi	Ascomycota	animal_parasite	GCA_012184315.1_ASM1218431v1_genomic.fna	GCA_012184315.1cds_from_genomic.fna	1
Tcontejeani	Thelohania_contejeani	1	GCA_014805555.1	eukarya	Fungi	Microsporidia	animal_parasite	GCA_014805555.1_ASM1480555v1_genomic.fna	GCA_014805555.1cds_from_genomic.fna	1
Cdikerogammari	Cucumispora_dikerogammari	1	GCA_014805705.1	eukarya	Fungi	Microsporidia	animal_parasite	GCA_014805705.1_ASM1480570v1_genomic.fna	GCA_014805705.1cds_from_genomic.fna	1
Aossiformis	Apophysomyces_ossiformis	1	GCA_014839865.1	eukarya	Fungi	Mucoromycota	soil_saprotroph	GCA_014839865.1_ASM1483986v1_genomic.fna	GCA_014839865.1cds_from_genomic.fna	1
Emuscae	Entomophthora_muscae	1	GCA_014839935.1	eukarya	Fungi	Entomophthoromycota	animal_parasite	GCA_014839935.1_Emusc_Berkeley_10X_1.0_genomic.fna	GCA_014839935.1cds_from_genomic.fna	1
Rrubella	Ramaria_rubella	1	GCA_015039355.1	eukarya	Fungi	Basidiomycota	ectomycorrhizal	GCA_015039355.1_Ramac1_genomic.fna	GCA_015039355.1cds_from_genomic.fna	1
Dornata	Dissophora_ornata	1	GCA_015499975.1	eukarya	Fungi	Mortierellomycota	soil_saprotroph	GCA_015499975.1_UCR_DornN22417_1.0_genomic.fna	GCA_015499975.1cds_from_genomic.fna	1
Hgracile	Haplosporangium_gracile	1	GCA_015499985.1	eukarya	Fungi	Mortierellomycota	soil_saprotroph	GCA_015499985.1_UCR_McamNRRL2610_1.0_genomic.fna	GCA_015499985.1cds_from_genomic.fna	1
Elignicola	Entomortierella_lignicola	1	GCA_015500005.1	eukarya	Fungi	Mortierellomycota	soil_saprotroph	GCA_015500005.1_UCR_HligNRRL2525_1.0_genomic.fna	GCA_015500005.1cds_from_genomic.fna	1
Hbisporale	Haplosporangium_bisporale	1	GCA_015500155.1	eukarya	Fungi	Mortierellomycota	soil_saprotroph	GCA_015500155.1_UCR_MorNRRLA12553_1.0_genomic.fna	GCA_015500155.1cds_from_genomic.fna	1
Msp_GCA015502445_1	Mortierella_sp	1	GCA_015502445.1	eukarya	Fungi	Mortierellomycota	soil_saprotroph	GCA_015502445.1_UCR_MspGBA35_1.0_genomic.fna	GCA_015502445.1cds_from_genomic.fna	1
Msp_GCA015502455_1	Mortierella_sp	1	GCA_015502455.1	eukarya	Fungi	Mortierellomycota	soil_saprotroph	GCA_015502455.1_UCR_MspAM989_genomic.fna	GCA_015502455.1cds_from_genomic.fna	1
Msp_GCA015502465_1	Mortierella_sp	1	GCA_015502465.1	eukarya	Fungi	Mortierellomycota	soil_saprotroph	GCA_015502465.1_UCR_Msp14UC_1.0_genomic.fna	GCA_015502465.1cds_from_genomic.fna	1
Msp_GCA015502475_1	Mortierella_sp	1	GCA_015502475.1	eukarya	Fungi	Mortierellomycota	soil_saprotroph	GCA_015502475.1_UCR_MspAD031_1.0_genomic.fna	GCA_015502475.1cds_from_genomic.fna	1
Msp_GCA015502485_1	Mortierella_sp	1	GCA_015502485.1	eukarya	Fungi	Mortierellomycota	soil_saprotroph	GCA_015502485.1_UCR_MspGBA39_1.0_genomic.fna	GCA_015502485.1cds_from_genomic.fna	1
Lschmuckeri	Linnemannia_schmuckeri	1	GCA_015502505.1	eukarya	Fungi	Mortierellomycota	soil_saprotroph	GCA_015502505.1_UCR_MschNRRL6426_1.0_genomic.fna	GCA_015502505.1cds_from_genomic.fna	1
Msp_GCA015502575_1	Mortierella_sp	1	GCA_015502575.1	eukarya	Fungi	Mortierellomycota	soil_saprotroph	GCA_015502575.1_UCR_MspAD010_1.0_genomic.fna	GCA_015502575.1cds_from_genomic.fna	1
Hsp_GCA015529505_1	Haplosporangium_sp	1	GCA_015529505.1	eukarya	Fungi	Mortierellomycota	soil_saprotroph	GCA_015529505.1_UCR_HspNRRLA10739_1.0_genomic.fna	GCA_015529505.1cds_from_genomic.fna	1
Hsp_GCA015529515_1	Haplosporangium_sp	1	GCA_015529515.1	eukarya	Fungi	Mortierellomycota	soil_saprotroph	GCA_015529515.1_UCR_MspNRRLA10996_1.0_genomic.fna	GCA_015529515.1cds_from_genomic.fna	1
Hsp_GCA015529795_1	Haplosporangium_sp	1	GCA_015529795.1	eukarya	Fungi	Mortierellomycota	soil_saprotroph	GCA_015529795.1_UCR_MspNRRL3175_1.0_genomic.fna	GCA_015529795.1cds_from_genomic.fna	1
Msp_GCA015679515_1	Mortierella_sp	1	GCA_015679515.1	eukarya	Fungi	Mortierellomycota	soil_saprotroph	GCA_015679515.1_UCR_MspNVP85_1.0_genomic.fna	GCA_015679515.1cds_from_genomic.fna	1
Phorticola	Podila_horticola	1	GCA_015679535.1	eukarya	Fungi	Mortierellomycota	soil_saprotroph	GCA_015679535.1_UCR_MhortCK413_1.0_genomic.fna	GCA_015679535.1cds_from_genomic.fna	1
Msp_GCA015679545_1	Mortierella_sp	1	GCA_015679545.1	eukarya	Fungi	Mortierellomycota	soil_saprotroph	GCA_015679545.1_UCR_MspAD094_1.0_genomic.fna	GCA_015679545.1cds_from_genomic.fna	1
Ebeljakovae	Entomortierella_beljakovae	1	GCA_015679585.1	eukarya	Fungi	Mortierellomycota	soil_saprotroph	GCA_015679585.1_UCR_MbelKOD1040_1.0_genomic.fna	GCA_015679585.1cds_from_genomic.fna	1
Pepigama	Podila_epigama	1	GCA_015679605.1	eukarya	Fungi	Mortierellomycota	soil_saprotroph	GCA_015679605.1_UCR_MepigNRRL5512_1.0_genomic.fna	GCA_015679605.1cds_from_genomic.fna	1
Msp_GCA015679695_1	Mortierella_sp	1	GCA_015679695.1	eukarya	Fungi	Mortierellomycota	soil_saprotroph	GCA_015679695.1_UCR_MspAD011_1.0_genomic.fna	GCA_015679695.1cds_from_genomic.fna	1
Mhygrophila	Mortierella_hygrophila	1	GCA_015680625.1	eukarya	Fungi	Mortierellomycota	soil_saprotroph	GCA_015680625.1_UCR_MhylaNRRL2591_1.0_genomic.fna	GCA_015680625.1cds_from_genomic.fna	1
Lselenospora	Lunasporangiospora_selenospora	1	GCA_015680635.1	eukarya	Fungi	Mortierellomycota	soil_saprotroph	GCA_015680635.1_UCR_MselenKOD1015_1.0_genomic.fna	GCA_015680635.1cds_from_genomic.fna	1
Rclarus	Rhizophagus_clarus	1	GCA_015698045.1	eukarya	Fungi	Glomeromycota	arbuscular_mycorrhizal	GCA_015698045.1_RCL21_genomic.fna	GCA_015698045.1cds_from_genomic.fna	1
Ngranulosis	Nosema_granulosis	1	GCA_015832245.1	eukarya	Fungi	Microsporidia	animal_parasite	GCA_015832245.1_ASM1583224v1_genomic.fna	GCA_015832245.1cds_from_genomic.fna	1
Lzychae	Linnemannia_zychae	1	GCA_015847235.1	eukarya	Fungi	Mortierellomycota	soil_saprotroph	GCA_015847235.1_UCR_MzychaeNRRL2592_1.0_genomic.fna	GCA_015847235.1cds_from_genomic.fna	1
Mreniformis	Modicella_reniformis	1	GCA_015849295.1	eukarya	Fungi	Mortierellomycota	soil_saprotroph	GCA_015849295.1_UCR_MrenMES-2147_1.0_genomic.fna	GCA_015849295.1cds_from_genomic.fna	1
Mantarctica	Mortierella_antarctica	1	GCA_015849325.1	eukarya	Fungi	Mortierellomycota	soil_saprotroph	GCA_015849325.1_UCR_MspKOD1229_1.0_genomic.fna	GCA_015849325.1cds_from_genomic.fna	1
Echlamydospora	Entomortierella_chlamydospora	1	GCA_015849335.1	eukarya	Fungi	Mortierellomycota	soil_saprotroph	GCA_015849335.1_UCR_MchalAD033_1.0_genomic.fna	GCA_015849335.1cds_from_genomic.fna	1
Pclonocystis	Podila_clonocystis	1	GCA_015852385.1	eukarya	Fungi	Mortierellomycota	soil_saprotroph	GCA_015852385.1_UCR_MclonAM1000_1.0_genomic.fna	GCA_015852385.1cds_from_genomic.fna	1
Gcystojenkinii	Gryganskiella_cystojenkinii	1	GCA_015852425.1	eukarya	Fungi	Mortierellomycota	soil_saprotroph	GCA_015852425.1_UCR_Mcyst1230_1.0_genomic.fna	GCA_015852425.1cds_from_genomic.fna	1
Pepicladia	Podila_epicladia	1	GCA_015852495.1	eukarya	Fungi	Mortierellomycota	soil_saprotroph	GCA_015852495.1_UCR_MepiKOD1059_1.0_genomic.fna	GCA_015852495.1cds_from_genomic.fna	1
Asp_GCA016097715_1	Apophysomyces_sp	1	GCA_016097715.1	eukarya	Fungi	Mucoromycota	soil_saprotroph	GCA_016097715.1_ASM1609771v1_genomic.fna	GCA_016097715.1cds_from_genomic.fna	1
Asp_GCA016097735_1	Apophysomyces_sp	1	GCA_016097735.1	eukarya	Fungi	Mucoromycota	soil_saprotroph	GCA_016097735.1_ASM1609773v1_genomic.fna	GCA_016097735.1cds_from_genomic.fna	1
Asp_GCA016097755_1	Apophysomyces_sp	1	GCA_016097755.1	eukarya	Fungi	Mucoromycota	soil_saprotroph	GCA_016097755.1_ASM1609775v1_genomic.fna	GCA_016097755.1cds_from_genomic.fna	1
Lgamsii	Linnemannia_gamsii	1	GCA_016097855.1	eukarya	Fungi	Mortierellomycota	soil_saprotroph	GCA_016097855.1_UCR_MgamAD045_1.0_genomic.fna	GCA_016097855.1cds_from_genomic.fna	1
Lexigua	Linnemannia_exigua	1	GCA_016097895.1	eukarya	Fungi	Mortierellomycota	soil_saprotroph	GCA_016097895.1_UCR_MexiNRRL28262_1.0_genomic.fna	GCA_016097895.1cds_from_genomic.fna	1
Dglobulifera	Dissophora_globulifera	1	GCA_016097935.1	eukarya	Fungi	Mortierellomycota	soil_saprotroph	GCA_016097935.1_UCR_MglobuREB-010B_1.0_genomic.fna	GCA_016097935.1cds_from_genomic.fna	1
Phumilis	Podila_humilis	1	GCA_016097945.1	eukarya	Fungi	Mortierellomycota	soil_saprotroph	GCA_016097945.1_UCR_MhumKOD1050_1.0_genomic.fna	GCA_016097945.1cds_from_genomic.fna	1
Pminutissima	Podila_minutissima	1	GCA_016098005.1	eukarya	Fungi	Mortierellomycota	soil_saprotroph	GCA_016098005.1_UCR_MminAD069_1.0_genomic.fna	GCA_016098005.1cds_from_genomic.fna	1
Gmultidivaricata	Gamsiella_multidivaricata	1	GCA_016098015.1	eukarya	Fungi	Mortierellomycota	soil_saprotroph	GCA_016098015.1_UCR_MmultNRRL6456_1.0_genomic.fna	GCA_016098015.1cds_from_genomic.fna	1
Msp_GCA016098025_1	Mortierella_sp	1	GCA_016098025.1	eukarya	Fungi	Mortierellomycota	soil_saprotroph	GCA_016098025.1_UCR_MspAD032_1.0_genomic.fna	GCA_016098025.1cds_from_genomic.fna	1
Msp_GCA016098035_1	Mortierella_sp	1	GCA_016098035.1	eukarya	Fungi	Mortierellomycota	soil_saprotroph	GCA_016098035.1_UCR_MspGBA30_1.0_genomic.fna	GCA_016098035.1cds_from_genomic.fna	1
Msp_GCA016098045_1	Mortierella_sp	1	GCA_016098045.1	eukarya	Fungi	Mortierellomycota	soil_saprotroph	GCA_016098045.1_UCR_MspGBA43_1.0_genomic.fna	GCA_016098045.1cds_from_genomic.fna	1
Msp_GCA016098085_1	Mortierella_sp	1	GCA_016098085.1	eukarya	Fungi	Mortierellomycota	soil_saprotroph	GCA_016098085.1_UCR_MspNVP41_1.0_genomic.fna	GCA_016098085.1cds_from_genomic.fna	1
Awolfii	Actinomortierella_wolfii	1	GCA_016098105.1	eukarya	Fungi	Mortierellomycota	soil_saprotroph	GCA_016098105.1_UCR_MwolfiiNRRL6351_1.0_genomic.fna	GCA_016098105.1cds_from_genomic.fna	1
Aambigua	Actinomortierella_ambigua	1	GCA_016098155.1	eukarya	Fungi	Mortierellomycota	soil_saprotroph	GCA_016098155.1_UCR_MambBC1055_1.0_genomic.fna	GCA_016098155.1cds_from_genomic.fna	1
Mpolycephala	Mortierella_polycephala	1	GCA_016098165.1	eukarya	Fungi	Mortierellomycota	soil_saprotroph	GCA_016098165.1_UCR_MpolyKOD948_1.0_genomic.fna	GCA_016098165.1cds_from_genomic.fna	1
Droeselum	Dictyocoela_roeselum	1	GCA_016255985.1	eukarya	Fungi	Microsporidia	animal_parasite	GCA_016255985.1_ASM1625598v1_genomic.fna	GCA_016255985.1cds_from_genomic.fna	1
Dmuelleri	Dictyocoela_muelleri	1	GCA_016256075.1	eukarya	Fungi	Microsporidia	animal_parasite	GCA_016256075.1_ASM1625607v1_genomic.fna	GCA_016256075.1cds_from_genomic.fna	1
Gpyriformis	Geosiphon_pyriformis	1	GCA_016748015.1	eukarya	Fungi	Glomeromycota	lichenized	GCA_016748015.1_ASM1674801v1_genomic.fna	GCA_016748015.1cds_from_genomic.fna	1
Uvinacea	Umbelopsis_vinacea	1	GCA_016758895.1	eukarya	Fungi	Mucoromycota	soil_saprotroph	GCA_016758895.1_ASM1675889v1_genomic.fna	GCA_016758895.1cds_from_genomic.fna	1
Uisabellina	Umbelopsis_isabellina	1	GCA_016758905.1	eukarya	Fungi	Mucoromycota	soil_saprotroph	GCA_016758905.1_ASM1675890v1_genomic.fna	GCA_016758905.1cds_from_genomic.fna	1
Telegans	Thamnidium_elegans	1	GCA_016758935.1	eukarya	Fungi	Mucoromycota	soil_saprotroph	GCA_016758935.1_ASM1675893v1_genomic.fna	GCA_016758935.1cds_from_genomic.fna	1
Mplumbeus	Mucor_plumbeus	1	GCA_016758945.1	eukarya	Fungi	Mucoromycota	soil_saprotroph	GCA_016758945.1_ASM1675894v1_genomic.fna	GCA_016758945.1cds_from_genomic.fna	1
Mcircinatus	Mucor_circinatus	1	GCA_016758965.1	eukarya	Fungi	Mucoromycota	soil_saprotroph	GCA_016758965.1_ASM1675896v1_genomic.fna	GCA_016758965.1cds_from_genomic.fna	1
Msaturninus	Mucor_saturninus	1	GCA_016758985.1	eukarya	Fungi	Mucoromycota	soil_saprotroph	GCA_016758985.1_ASM1675898v1_genomic.fna	GCA_016758985.1cds_from_genomic.fna	1
Rsolani	Rhizoctonia_solani	1	GCA_016906535.1	eukarya	Fungi	Basidiomycota	plant_pathogen	GCA_016906535.1_ASM1690653v1_genomic.fna	GCA_016906535.1cds_from_genomic.fna	1
Nsp_GCA016946835_1	Neocallimastix_sp	1	GCA_016946835.1	eukarya	Fungi	Neocallimastigomycota	animal_endosymbiont	GCA_016946835.1_ASM1694683v1_genomic.fna	GCA_016946835.1cds_from_genomic.fna	1
Obornovanus	Olpidium_bornovanus	1	GCA_017911155.1	eukarya	Fungi	Olpidiomycota	algal_parasite	GCA_017911155.1_Olpbor1_genomic.fna	GCA_017911155.1cds_from_genomic.fna	1
Bgigantensis	Bacidia_gigantensis	1	GCA_019456465.1	eukarya	Fungi	Ascomycota	lichenized	GCA_019456465.1_ASM1945646v1_genomic.fna	GCA_019456465.1cds_from_genomic.fna	1
Lhyalina	Linnemannia_hyalina	1	GCA_019671135.1	eukarya	Fungi	Mortierellomycota	soil_saprotroph	GCA_019671135.1_ASM1967113v1_genomic.fna	GCA_019671135.1cds_from_genomic.fna	1
Aglauca	Absidia_glauca	1	GCA_900079185.1	eukarya	Fungi	Mucoromycota	soil_saprotroph	GCA_900079185.1_AG_v1_genomic.fna	GCA_900079185.1cds_from_genomic.fna	1
Bgraminis	Blumeria_graminis	1	GCA_905067625.1	eukarya	Fungi	Ascomycota	plant_pathogen	GCA_905067625.1_Bgtriticale_THUN12_genome_v1_2_genomic.fna	GCA_905067625.1cds_from_genomic.fna	1