sample	species	genetic_code	accession	domain	kingdom	phylum	lifestyle	genome	cds	proteome	include
Yarrowia_lipolytica_CLIB122	Yarrowia_lipolytica_CLIB122	1	GCA_000002525.1	eukarya	Fungi	Ascomycota	unspecified_saprotroph	GCA_000002525.1*.fna	GCA_000002525.1*.fna	GCA_000002525.1*.faa	True
Schizosaccharomyces_pombe	Schizosaccharomyces_pombe	1	GCA_000002945.2	eukarya	Fungi	Ascomycota	nectar_tap_saprotroph	GCA_000002945.2*.fna	GCA_000002945.2*.fna	GCA_000002945.2*.faa	True
Postia_placenta_Mad_698_R	Postia_placenta_Mad_698_R	1	GCA_000006255.1	eukarya	Fungi	Basidiomycota	wood_saprotroph	GCA_000006255.1*.fna	GCA_000006255.1*.fna	GCA_000006255.1*.faa	True
Saccharomyces_cerevisiae_S288C	Saccharomyces_cerevisiae_S288C	1	GCA_000146045.2	eukarya	Fungi	Ascomycota	nectar_tap_saprotroph	GCA_000146045.2*.fna	GCA_000146045.2*.fna	GCA_000146045.2*.faa	True
Encephalitozoon_intestinalis_ATCC_50506	Encephalitozoon_intestinalis_ATCC_50506	1	GCA_000146465.1	eukarya	Fungi	Microsporidia	animal_parasite	GCA_000146465.1*.fna	GCA_000146465.1*.fna	GCA_000146465.1*.faa	True
Sclerotinia_sclerotiorum_1980_UF_70	Sclerotinia_sclerotiorum_1980_UF_70	1	GCA_000146945.2	eukarya	Fungi	Ascomycota	plant_pathogen	GCA_000146945.2*.fna	GCA_000146945.2*.fna	GCA_000146945.2*.faa	True
Aspergillus_nidulans_FGSC_A4	Aspergillus_nidulans_FGSC_A4	1	GCA_000149205.2	eukarya	Fungi	Ascomycota	unspecified_saprotroph	GCA_000149205.2*.fna	GCA_000149205.2*.fna	GCA_000149205.2*.faa	True
Cryptococcus_neoformans_var_grubii_H99	Cryptococcus_neoformans_var_grubii_H99	1	GCA_000149245.3	eukarya	Fungi	Basidiomycota	unspecified_saprotroph	GCA_000149245.3*.fna	GCA_000149245.3*.fna	GCA_000149245.3*.faa	True
Rhizopus_delemar_RA_99_880	Rhizopus_delemar_RA_99_880	1	GCA_000149305.1	eukarya	Fungi	Mucoromycota	soil_saprotroph	GCA_000149305.1*.fna	GCA_000149305.1*.fna	GCA_000149305.1*.faa	True
Coccidioides_immitis_RS	Coccidioides_immitis_RS	1	GCA_000149335.2	eukarya	Fungi	Ascomycota	soil_saprotroph	GCA_000149335.2*.fna	GCA_000149335.2*.fna	GCA_000149335.2*.faa	True
Schizosaccharomyces_japonicus_yFS275	Schizosaccharomyces_japonicus_yFS275	1	GCA_000149845.2	eukarya	Fungi	Ascomycota	nectar_tap_saprotroph	GCA_000149845.2*.fna	GCA_000149845.2*.fna	GCA_000149845.2*.faa	True
Puccinia_graminis_f_sp_tritici_CRL_75_36_700_3	Puccinia_graminis_f_sp_tritici_CRL_75_36_700_3	1	GCA_000149925.1	eukarya	Fungi	Basidiomycota	plant_pathogen	GCA_000149925.1*.fna	GCA_000149925.1*.fna	GCA_000149925.1*.faa	True
Verticillium_dahliae_VdLs_17	Verticillium_dahliae_VdLs_17	1	GCA_000150675.2	eukarya	Fungi	Ascomycota	plant_pathogen	GCA_000150675.2*.fna	GCA_000150675.2*.fna	GCA_000150675.2*.faa	True
Allomyces_macrogynus_ATCC_38327	Allomyces_macrogynus_ATCC_38327	1	GCA_000151295.1	eukarya	Fungi	Blastocladiomycota	soil_saprotroph	GCA_000151295.1*.fna	GCA_000151295.1*.fna	GCA_000151295.1*.faa	True
Tuber_melanosporum	Tuber_melanosporum	1	GCA_000151645.1	eukarya	Fungi	Ascomycota	ectomycorrhizal	GCA_000151645.1*.fna	GCA_000151645.1*.fna	GCA_000151645.1*.faa	True
Trichoderma_reesei_QM6a	Trichoderma_reesei_QM6a	1	GCA_000167675.2	eukarya	Fungi	Ascomycota	mycoparasite	GCA_000167675.2*.fna	GCA_000167675.2*.fna	GCA_000167675.2*.faa	True
Malassezia_globosa_CBS_7966	Malassezia_globosa_CBS_7966	1	GCA_000181695.1	eukarya	Fungi	Basidiomycota	soil_saprotroph	GCA_000181695.1*.fna	GCA_000181695.1*.fna	GCA_000181695.1*.faa	True
Spizellomyces_punctatus_DAOM_BR117	Spizellomyces_punctatus_DAOM_BR117	1	GCA_000182565.2	eukarya	Fungi	Chytridiomycota	pollen_saprotroph	GCA_000182565.2*.fna	GCA_000182565.2*.fna	GCA_000182565.2*.faa	True
Coprinopsis_cinerea_okayama7_130	Coprinopsis_cinerea_okayama7_130	1	GCA_000182895.1	eukarya	Fungi	Basidiomycota	soil_saprotroph	GCA_000182895.1*.fna	GCA_000182895.1*.fna	GCA_000182895.1*.faa	True
Neurospora_crassa_OR74A	Neurospora_crassa_OR74A	1	GCA_000182925.2	eukarya	Fungi	Ascomycota	unspecified_saprotroph	GCA_000182925.2*.fna	GCA_000182925.2*.fna	GCA_000182925.2*.faa	True
Candida_albicans_SC5314	Candida_albicans_SC5314	12	GCA_000182965.3	eukarya	Fungi	Ascomycota	nectar_tap_saprotroph	GCA_000182965.3*.fna	GCA_000182965.3*.fna	GCA_000182965.3*.faa	True
Vavraia_culicis_subsp_floridensis	Vavraia_culicis_subsp_floridensis	1	GCA_000192795.1	eukarya	Fungi	Microsporidia	animal_parasite	GCA_000192795.1*.fna	GCA_000192795.1*.fna	GCA_000192795.1*.faa	True
Batrachochytrium_dendrobatidis_JAM81	Batrachochytrium_dendrobatidis_JAM81	1	GCA_000203795.1	eukarya	Fungi	Chytridiomycota	animal_parasite	GCA_000203795.1*.fna	GCA_000203795.1*.fna	GCA_000203795.1*.faa	True
Melampsora_larici_populina_98AG31	Melampsora_larici_populina_98AG31	1	GCA_000204055.1	eukarya	Fungi	Basidiomycota	plant_pathogen	GCA_000204055.1*.fna	GCA_000204055.1*.fna	GCA_000204055.1*.faa	True
Enterocytozoon_bieneusi_H348	Enterocytozoon_bieneusi_H348	1	GCA_000209485.1	eukarya	Fungi	Microsporidia	animal_parasite	GCA_000209485.1*.fna	GCA_000209485.1*.fna	GCA_000209485.1*.faa	True
Serpula_lacrymans_var_lacrymans_S7_9	Serpula_lacrymans_var_lacrymans_S7_9	1	GCA_000218685.1	eukarya	Fungi	Basidiomycota	wood_saprotroph	GCA_000218685.1*.fna	GCA_000218685.1*.fna	GCA_000218685.1*.faa	True
Zymoseptoria_tritici_IPO323	Zymoseptoria_tritici_IPO323	1	GCA_000219625.1	eukarya	Fungi	Ascomycota	plant_pathogen	GCA_000219625.1*.fna	GCA_000219625.1*.fna	GCA_000219625.1*.faa	True
Arthrobotrys_oligospora_ATCC_24927	Arthrobotrys_oligospora_ATCC_24927	1	GCA_000225545.1	eukarya	Fungi	Ascomycota	animal_parasite	GCA_000225545.1*.fna	GCA_000225545.1*.fna	GCA_000225545.1*.faa	True
Edhazardia_aedis_USNM_41457	Edhazardia_aedis_USNM_41457	1	GCA_000230595.3	eukarya	Fungi	Microsporidia	animal_parasite	GCA_000230595.3*.fna	GCA_000230595.3*.fna	GCA_000230595.3*.faa	True
Exophiala_dermatitidis_NIH_UT8656	Exophiala_dermatitidis_NIH_UT8656	1	GCA_000230625.1	eukarya	Fungi	Ascomycota	animal_parasite	GCA_000230625.1*.fna	GCA_000230625.1*.fna	GCA_000230625.1*.faa	True
Vittaforma_corneae_ATCC_50505	Vittaforma_corneae_ATCC_50505	1	GCA_000231115.1	eukarya	Fungi	Microsporidia	animal_parasite	GCA_000231115.1*.fna	GCA_000231115.1*.fna	GCA_000231115.1*.faa	True
Nematocida_parisii_ERTm1	Nematocida_parisii_ERTm1	1	GCA_000250985.1	eukarya	Fungi	Microsporidia	animal_parasite	GCA_000250985.1*.fna	GCA_000250985.1*.fna	GCA_000250985.1*.faa	True
Encephalitozoon_hellem_ATCC_50504	Encephalitozoon_hellem_ATCC_50504	1	GCA_000277815.3	eukarya	Fungi	Microsporidia	animal_parasite	GCA_000277815.3*.fna	GCA_000277815.3*.fna	GCA_000277815.3*.faa	True
Encephalitozoon_romaleae_SJ_2008	Encephalitozoon_romaleae_SJ_2008	1	GCA_000280035.2	eukarya	Fungi	Microsporidia	animal_parasite	GCA_000280035.2*.fna	GCA_000280035.2*.fna	GCA_000280035.2*.faa	True
Dacryopinax_primogenitus	Dacryopinax_primogenitus	1	GCA_000292625.1	eukarya	Fungi	Basidiomycota	wood_saprotroph	GCA_000292625.1*.fna	GCA_000292625.1*.fna	GCA_000292625.1*.faa	True
Trachipleistophora_hominis	Trachipleistophora_hominis	1	GCA_000316135.1	eukarya	Fungi	Microsporidia	animal_parasite	GCA_000316135.1*.fna	GCA_000316135.1*.fna	GCA_000316135.1*.faa	True
Ustilago_maydis_521	Ustilago_maydis_521	1	GCA_000328475.2	eukarya	Fungi	Basidiomycota	plant_pathogen	GCA_000328475.2*.fna	GCA_000328475.2*.fna	GCA_000328475.2*.faa	True
Nosema_bombycis_CQ1	Nosema_bombycis_CQ1	1	GCA_000383075.1	eukarya	Fungi	Microsporidia	animal_parasite	GCA_000383075.1*.fna	GCA_000383075.1*.fna	GCA_000383075.1*.faa	True
Anncaliia_algerae_PRA339	Anncaliia_algerae_PRA339	1	GCA_000385875.2	eukarya	Fungi	Microsporidia	animal_parasite	GCA_000385875.2*.fna	GCA_000385875.2*.fna	GCA_000385875.2*.faa	True
Wallemia_ichthyophaga_EXF_994	Wallemia_ichthyophaga_EXF_994	1	GCA_000400465.1	eukarya	Fungi	Basidiomycota	unspecified_saprotroph	GCA_000400465.1*.fna	GCA_000400465.1*.fna	GCA_000400465.1*.faa	True
Rhizophagus_irregularis_DAOM_181602_DAOM_197198	Rhizophagus_irregularis_DAOM_181602_DAOM_197198	1	GCA_000439145.3	eukarya	Fungi	Glomeromycota	arbuscular_mycorrhizal	GCA_000439145.3*.fna	GCA_000439145.3*.fna	GCA_000439145.3*.faa	True
Rozella_allomycis_CSF55	Rozella_allomycis_CSF55	1	GCA_000442015.1	eukarya	Fungi	Rozellomycota	mycoparasite	GCA_000442015.1*.fna	GCA_000442015.1*.fna	GCA_000442015.1*.faa	True
Nosema_apis_BRL_01	Nosema_apis_BRL_01	1	GCA_000447185.1	eukarya	Fungi	Microsporidia	animal_parasite	GCA_000447185.1*.fna	GCA_000447185.1*.fna	GCA_000447185.1*.faa	True
Mixia_osmundae_IAM_14324	Mixia_osmundae_IAM_14324	1	GCA_000708205.1	eukarya	Fungi	Basidiomycota	plant_pathogen	GCA_000708205.1*.fna	GCA_000708205.1*.fna	GCA_000708205.1*.faa	True
Tilletiaria_anomala_UBC_951	Tilletiaria_anomala_UBC_951	1	GCA_000711695.1	eukarya	Fungi	Basidiomycota	wood_saprotroph	GCA_000711695.1*.fna	GCA_000711695.1*.fna	GCA_000711695.1*.faa	True
Nematocida_sp_1_ERTm6	Nematocida_sp_1_ERTm6	1	GCA_000738915.1	eukarya	Fungi	Microsporidia	animal_parasite	GCA_000738915.1*.fna	GCA_000738915.1*.fna	GCA_000738915.1*.faa	True
Podila_verticillata_NRRL_6337	Podila_verticillata_NRRL_6337	1	GCA_000739165.1	eukarya	Fungi	Mortierellomycota	soil_saprotroph	GCA_000739165.1*.fna	GCA_000739165.1*.fna	GCA_000739165.1*.faa	True
Mitosporidium_daphniae	Mitosporidium_daphniae	1	GCA_000760515.2	eukarya	Fungi	Microsporidia	animal_parasite	GCA_000760515.2*.fna	GCA_000760515.2*.fna	GCA_000760515.2*.faa	True
Ordospora_colligata_OC4	Ordospora_colligata_OC4	1	GCA_000803265.1	eukarya	Fungi	Microsporidia	animal_parasite	GCA_000803265.1*.fna	GCA_000803265.1*.fna	GCA_000803265.1*.faa	True
Amanita_muscaria_Koide_BX008	Amanita_muscaria_Koide_BX008	1	GCA_000827485.1	eukarya	Fungi	Basidiomycota	ectomycorrhizal	GCA_000827485.1*.fna	GCA_000827485.1*.fna	GCA_000827485.1*.faa	True
Parasitella_parasitica	Parasitella_parasitica	1	GCA_000938895.1	eukarya	Fungi	Mucoromycota	mycoparasite	GCA_000938895.1*.fna	GCA_000938895.1*.fna	GCA_000938895.1*.faa	True
Mucor_ambiguus	Mucor_ambiguus	1	GCA_000950595.1	eukarya	Fungi	Mucoromycota	soil_saprotroph	GCA_000950595.1*.fna	GCA_000950595.1*.fna	GCA_000950595.1*.faa	True
Nosema_ceranae	Nosema_ceranae	1	GCA_000988165.1	eukarya	Fungi	Microsporidia	animal_parasite	GCA_000988165.1*.fna	GCA_000988165.1*.fna	GCA_000988165.1*.faa	True
Pseudoloma_neurophilia	Pseudoloma_neurophilia	1	GCA_001432165.1	eukarya	Fungi	Microsporidia	animal_parasite	GCA_001432165.1*.fna	GCA_001432165.1*.fna	GCA_001432165.1*.faa	True
Pneumocystis_carinii_B80	Pneumocystis_carinii_B80	1	GCA_001477545.1	eukarya	Fungi	Ascomycota	animal_parasite	GCA_001477545.1*.fna	GCA_001477545.1*.fna	GCA_001477545.1*.faa	True
Conidiobolus_coronatus_NRRL_28638	Conidiobolus_coronatus_NRRL_28638	1	GCA_001566745.1	eukarya	Fungi	Entomophthoromycota	animal_parasite	GCA_001566745.1*.fna	GCA_001566745.1*.fna	GCA_001566745.1*.faa	True
Gonapodya_prolifera_JEL478	Gonapodya_prolifera_JEL478	1	GCA_001574975.1	eukarya	Fungi	Monoblepharomycota	litter_saprotroph	GCA_001574975.1*.fna	GCA_001574975.1*.fna	GCA_001574975.1*.faa	True
Phycomyces_blakesleeanus_NRRL_1555	Phycomyces_blakesleeanus_NRRL_1555	1	GCA_001638985.2	eukarya	Fungi	Mucoromycota	dung_saprotroph	GCA_001638985.2*.fna	GCA_001638985.2*.fna	GCA_001638985.2*.faa	True
Nematocida_displodere	Nematocida_displodere	1	GCA_001642395.1	eukarya	Fungi	Microsporidia	animal_parasite	GCA_001642395.1*.fna	GCA_001642395.1*.fna	GCA_001642395.1*.faa	True
Nematocida_sp_ERTm5	Nematocida_sp_ERTm5	1	GCA_001642415.1	eukarya	Fungi	Microsporidia	animal_parasite	GCA_001642415.1*.fna	GCA_001642415.1*.fna	GCA_001642415.1*.faa	True
Linnemannia_elongata_AG_77	Linnemannia_elongata_AG_77	1	GCA_001651415.1	eukarya	Fungi	Mortierellomycota	soil_saprotroph	GCA_001651415.1*.fna	GCA_001651415.1*.fna	GCA_001651415.1*.faa	True
Choanephora_cucurbitarum	Choanephora_cucurbitarum	1	GCA_001683725.1	eukarya	Fungi	Mucoromycota	litter_saprotroph	GCA_001683725.1*.fna	GCA_001683725.1*.fna	GCA_001683725.1*.faa	True
Amphiamblys_sp_WSBS2006	Amphiamblys_sp_WSBS2006	1	GCA_001875675.1	eukarya	Fungi	Microsporidia	protistan_parasite	GCA_001875675.1*.fna	GCA_001875675.1*.fna	GCA_001875675.1*.faa	True
Neolecta_irregularis_DAH_3	Neolecta_irregularis_DAH_3	1	GCA_001929475.1	eukarya	Fungi	Ascomycota	plant_pathogen	GCA_001929475.1*.fna	GCA_001929475.1*.fna	GCA_001929475.1*.faa	True
Smittium_mucronatum	Smittium_mucronatum	1	GCA_001953115.1	eukarya	Fungi	Kickxellomycota	animal_endosymbiont	GCA_001953115.1*.fna	GCA_001953115.1*.fna	GCA_001953115.1*.faa	True
Zancudomyces_culisetae	Zancudomyces_culisetae	1	GCA_001969505.1	eukarya	Fungi	Kickxellomycota	animal_endosymbiont	GCA_001969505.1*.fna	GCA_001969505.1*.fna	GCA_001969505.1*.faa	True
Smittium_culicis	Smittium_culicis	1	GCA_001970855.1	eukarya	Fungi	Kickxellomycota	animal_endosymbiont	GCA_001970855.1*.fna	GCA_001970855.1*.fna	GCA_001970855.1*.faa	True
Enterocytozoon_hepatopenaei	Enterocytozoon_hepatopenaei	1	GCA_002081675.1	eukarya	Fungi	Microsporidia	animal_parasite	GCA_002081675.1*.fna	GCA_002081675.1*.fna	GCA_002081675.1*.faa	True
Hepatospora_eriocheir	Hepatospora_eriocheir	1	GCA_002087885.1	eukarya	Fungi	Microsporidia	animal_parasite	GCA_002087885.1*.fna	GCA_002087885.1*.fna	GCA_002087885.1*.faa	True
Enterospora_canceri	Enterospora_canceri	1	GCA_002087915.1	eukarya	Fungi	Microsporidia	animal_parasite	GCA_002087915.1*.fna	GCA_002087915.1*.fna	GCA_002087915.1*.faa	True
Catenaria_anguillulae_PL171	Catenaria_anguillulae_PL171	1	GCA_002102555.1	eukarya	Fungi	Blastocladiomycota	animal_parasite	GCA_002102555.1*.fna	GCA_002102555.1*.fna	GCA_002102555.1*.faa	True
Anaeromyces_robustus	Anaeromyces_robustus	1	GCA_002104895.1	eukarya	Fungi	Neocallimastigomycota	animal_endosymbiont	GCA_002104895.1*.fna	GCA_002104895.1*.fna	GCA_002104895.1*.faa	True
Basidiobolus_meristosporus_CBS_931_73	Basidiobolus_meristosporus_CBS_931_73	1	GCA_002104905.1	eukarya	Fungi	Basidiobolomycota	unspecified_saprotroph	GCA_002104905.1*.fna	GCA_002104905.1*.fna	GCA_002104905.1*.faa	True
Hesseltinella_vesiculosa	Hesseltinella_vesiculosa	1	GCA_002104935.1	eukarya	Fungi	Mucoromycota	soil_saprotroph	GCA_002104935.1*.fna	GCA_002104935.1*.fna	GCA_002104935.1*.faa	True
Piromyces_finnis	Piromyces_finnis	1	GCA_002104945.1	eukarya	Fungi	Neocallimastigomycota	animal_endosymbiont	GCA_002104945.1*.fna	GCA_002104945.1*.fna	GCA_002104945.1*.faa	True
Neocallimastix_californiae	Neocallimastix_californiae	1	GCA_002104975.1	eukarya	Fungi	Neocallimastigomycota	animal_endosymbiont	GCA_002104975.1*.fna	GCA_002104975.1*.fna	GCA_002104975.1*.faa	True
Rhizoclosmatium_globosum	Rhizoclosmatium_globosum	1	GCA_002104985.1	eukarya	Fungi	Chytridiomycota	litter_saprotroph	GCA_002104985.1*.fna	GCA_002104985.1*.fna	GCA_002104985.1*.faa	True
Linderina_pennispora	Linderina_pennispora	1	GCA_002104995.1	eukarya	Fungi	Kickxellomycota	soil_saprotroph	GCA_002104995.1*.fna	GCA_002104995.1*.fna	GCA_002104995.1*.faa	True
Syncephalastrum_racemosum	Syncephalastrum_racemosum	1	GCA_002105135.1	eukarya	Fungi	Mucoromycota	soil_saprotroph	GCA_002105135.1*.fna	GCA_002105135.1*.fna	GCA_002105135.1*.faa	True
Lobosporangium_transversale	Lobosporangium_transversale	1	GCA_002105155.1	eukarya	Fungi	Mortierellomycota	soil_saprotroph	GCA_002105155.1*.fna	GCA_002105155.1*.fna	GCA_002105155.1*.faa	True
Absidia_repens	Absidia_repens	1	GCA_002105175.1	eukarya	Fungi	Mucoromycota	soil_saprotroph	GCA_002105175.1*.fna	GCA_002105175.1*.fna	GCA_002105175.1*.faa	True
Piromyces_sp_E2	Piromyces_sp_E2	1	GCA_002157105.1	eukarya	Fungi	Neocallimastigomycota	animal_endosymbiont	GCA_002157105.1*.fna	GCA_002157105.1*.fna	GCA_002157105.1*.faa	True
Bifiguratus_adelaidae	Bifiguratus_adelaidae	1	GCA_002261195.1	eukarya	Fungi	Mucoromycota	soil_saprotroph	GCA_002261195.1*.fna	GCA_002261195.1*.fna	GCA_002261195.1*.faa	True
Coemansia_reversa_NRRL_1564	Coemansia_reversa_NRRL_1564	1	GCA_002705745.1	eukarya	Fungi	Kickxellomycota	soil_saprotroph	GCA_002705745.1*.fna	GCA_002705745.1*.fna	GCA_002705745.1*.faa	True
Rhizopus_microsporus_ATCC_52813	Rhizopus_microsporus_ATCC_52813	1	GCA_002708625.1	eukarya	Fungi	Mucoromycota	soil_saprotroph	GCA_002708625.1*.fna	GCA_002708625.1*.fna	GCA_002708625.1*.faa	True
Paramicrosporidium_saccamoebae	Paramicrosporidium_saccamoebae	1	GCA_002794465.1	eukarya	Fungi	Rozellomycota	protistan_parasite	GCA_002794465.1*.fna	GCA_002794465.1*.fna	GCA_002794465.1*.faa	True
Smittium_megazygosporum	Smittium_megazygosporum	1	GCA_003086715.1	eukarya	Fungi	Kickxellomycota	animal_endosymbiont	GCA_003086715.1*.fna	GCA_003086715.1*.fna	GCA_003086715.1*.faa	True
Furculomyces_boomerangus	Furculomyces_boomerangus	1	GCA_003086725.1	eukarya	Fungi	Kickxellomycota	animal_endosymbiont	GCA_003086725.1*.fna	GCA_003086725.1*.fna	GCA_003086725.1*.faa	True
Smittium_simulii	Smittium_simulii	1	GCA_003086735.1	eukarya	Fungi	Kickxellomycota	animal_endosymbiont	GCA_003086735.1*.fna	GCA_003086735.1*.fna	GCA_003086735.1*.faa	True
Smittium_angustum	Smittium_angustum	1	GCA_003097675.1	eukarya	Fungi	Kickxellomycota	animal_endosymbiont	GCA_003097675.1*.fna	GCA_003097675.1*.fna	GCA_003097675.1*.faa	True
Rhizopus_azygosporus	Rhizopus_azygosporus	1	GCA_003325435.1	eukarya	Fungi	Mucoromycota	soil_saprotroph	GCA_003325435.1*.fna	GCA_003325435.1*.fna	GCA_003325435.1*.faa	True
Diversispora_epigaea	Diversispora_epigaea	1	GCA_003547095.1	eukarya	Fungi	Glomeromycota	arbuscular_mycorrhizal	GCA_003547095.1*.fna	GCA_003547095.1*.fna	GCA_003547095.1*.faa	True
Rhizophagus_sp_MUCL_43196	Rhizophagus_sp_MUCL_43196	1	GCA_003549995.1	eukarya	Fungi	Glomeromycota	arbuscular_mycorrhizal	GCA_003549995.1*.fna	GCA_003549995.1*.fna	GCA_003549995.1*.faa	True
Glomus_cerebriforme	Glomus_cerebriforme	1	GCA_003550305.1	eukarya	Fungi	Glomeromycota	arbuscular_mycorrhizal	GCA_003550305.1*.fna	GCA_003550305.1*.fna	GCA_003550305.1*.faa	True
Gigaspora_rosea	Gigaspora_rosea	1	GCA_003550325.1	eukarya	Fungi	Glomeromycota	arbuscular_mycorrhizal	GCA_003550325.1*.fna	GCA_003550325.1*.fna	GCA_003550325.1*.faa	True
Piptocephalis_cylindrospora	Piptocephalis_cylindrospora	1	GCA_003614145.1	eukarya	Fungi	Zoopagomycota	mycoparasite	GCA_003614145.1*.fna	GCA_003614145.1*.fna	GCA_003614145.1*.faa	True
Dimargaris_cristalligena	Dimargaris_cristalligena	1	GCA_003614675.1	eukarya	Fungi	Kickxellomycota	mycoparasite	GCA_003614675.1*.fna	GCA_003614675.1*.fna	GCA_003614675.1*.faa	True
Blyttiomyces_helicus	Blyttiomyces_helicus	1	GCA_003614705.1	eukarya	Fungi	Chytridiomycota	algal_parasite	GCA_003614705.1*.fna	GCA_003614705.1*.fna	GCA_003614705.1*.faa	True
Thamnocephalis_sphaerospora	Thamnocephalis_sphaerospora	1	GCA_003614735.1	eukarya	Fungi	Zoopagomycota	mycoparasite	GCA_003614735.1*.fna	GCA_003614735.1*.fna	GCA_003614735.1*.faa	True
Syncephalis_pseudoplumigaleata	Syncephalis_pseudoplumigaleata	1	GCA_003614755.1	eukarya	Fungi	Zoopagomycota	mycoparasite	GCA_003614755.1*.fna	GCA_003614755.1*.fna	GCA_003614755.1*.faa	True
Caulochytrium_protostelioides	Caulochytrium_protostelioides	1	GCA_003615045.1	eukarya	Fungi	Chytridiomycota	mycoparasite	GCA_003615045.1*.fna	GCA_003615045.1*.fna	GCA_003615045.1*.faa	True
Jimgerdemannia_flammicorona	Jimgerdemannia_flammicorona	1	GCA_003990745.1	eukarya	Fungi	Mucoromycota	ectomycorrhizal	GCA_003990745.1*.fna	GCA_003990745.1*.fna	GCA_003990745.1*.faa	True
Endogone_sp_FLAS_F59071	Endogone_sp_FLAS_F59071	1	GCA_003990785.1	eukarya	Fungi	Mucoromycota	soil_saprotroph	GCA_003990785.1*.fna	GCA_003990785.1*.fna	GCA_003990785.1*.faa	True
Tubulinosema_ratisbonensis	Tubulinosema_ratisbonensis	1	GCA_004000155.1	eukarya	Fungi	Microsporidia	animal_parasite	GCA_004000155.1*.fna	GCA_004000155.1*.fna	GCA_004000155.1*.faa	True
Hamiltosporidium_magnivora	Hamiltosporidium_magnivora	1	GCA_004325065.1	eukarya	Fungi	Microsporidia	animal_parasite	GCA_004325065.1*.fna	GCA_004325065.1*.fna	GCA_004325065.1*.faa	True
Hamiltosporidium_tvaerminnensis	Hamiltosporidium_tvaerminnensis	1	GCA_004325075.1	eukarya	Fungi	Microsporidia	animal_parasite	GCA_004325075.1*.fna	GCA_004325075.1*.fna	GCA_004325075.1*.faa	True
Synchytrium_endobioticum	Synchytrium_endobioticum	1	GCA_006535955.1	eukarya	Fungi	Chytridiomycota	plant_pathogen	GCA_006535955.1*.fna	GCA_006535955.1*.fna	GCA_006535955.1*.faa	True
Spizellomyces_sp_palustris	Spizellomyces_sp_palustris	1	GCA_006535965.1	eukarya	Fungi	Chytridiomycota	pollen_saprotroph	GCA_006535965.1*.fna	GCA_006535965.1*.fna	GCA_006535965.1*.faa	True
Chytriomyces_confervae	Chytriomyces_confervae	1	GCA_006535975.1	eukarya	Fungi	Chytridiomycota	unspecified_saprotroph	GCA_006535975.1*.fna	GCA_006535975.1*.fna	GCA_006535975.1*.faa	True
Synchytrium_microbalum	Synchytrium_microbalum	1	GCA_006535985.1	eukarya	Fungi	Chytridiomycota	plant_pathogen	GCA_006535985.1*.fna	GCA_006535985.1*.fna	GCA_006535985.1*.faa	True
Powellomyces_hirtus	Powellomyces_hirtus	1	GCA_006536005.1	eukarya	Fungi	Chytridiomycota	pollen_saprotroph	GCA_006536005.1*.fna	GCA_006536005.1*.fna	GCA_006536005.1*.faa	True
Gigaspora_margarita	Gigaspora_margarita	1	GCA_009809945.1	eukarya	Fungi	Glomeromycota	arbuscular_mycorrhizal	GCA_009809945.1*.fna	GCA_009809945.1*.fna	GCA_009809945.1*.faa	True
Mucor_lusitanicus	Mucor_lusitanicus	1	GCA_010203745.1	eukarya	Fungi	Mucoromycota	soil_saprotroph	GCA_010203745.1*.fna	GCA_010203745.1*.fna	GCA_010203745.1*.faa	True
Drechslerella_brochopaga	Drechslerella_brochopaga	1	GCA_012184305.1	eukarya	Fungi	Ascomycota	animal_parasite	GCA_012184305.1*.fna	GCA_012184305.1*.fna	GCA_012184305.1*.faa	True
Arthrobotrys_entomopaga	Arthrobotrys_entomopaga	1	GCA_012184315.1	eukarya	Fungi	Ascomycota	animal_parasite	GCA_012184315.1*.fna	GCA_012184315.1*.fna	GCA_012184315.1*.faa	True
Thelohania_contejeani	Thelohania_contejeani	1	GCA_014805555.1	eukarya	Fungi	Microsporidia	animal_parasite	GCA_014805555.1*.fna	GCA_014805555.1*.fna	GCA_014805555.1*.faa	True
Cucumispora_dikerogammari	Cucumispora_dikerogammari	1	GCA_014805705.1	eukarya	Fungi	Microsporidia	animal_parasite	GCA_014805705.1*.fna	GCA_014805705.1*.fna	GCA_014805705.1*.faa	True
Apophysomyces_ossiformis	Apophysomyces_ossiformis	1	GCA_014839865.1	eukarya	Fungi	Mucoromycota	soil_saprotroph	GCA_014839865.1*.fna	GCA_014839865.1*.fna	GCA_014839865.1*.faa	True
Entomophthora_muscae	Entomophthora_muscae	1	GCA_014839935.1	eukarya	Fungi	Entomophthoromycota	animal_parasite	GCA_014839935.1*.fna	GCA_014839935.1*.fna	GCA_014839935.1*.faa	True
Ramaria_rubella	Ramaria_rubella	1	GCA_015039355.1	eukarya	Fungi	Basidiomycota	ectomycorrhizal	GCA_015039355.1*.fna	GCA_015039355.1*.fna	GCA_015039355.1*.faa	True
Dissophora_ornata	Dissophora_ornata	1	GCA_015499975.1	eukarya	Fungi	Mortierellomycota	soil_saprotroph	GCA_015499975.1*.fna	GCA_015499975.1*.fna	GCA_015499975.1*.faa	True
Haplosporangium_gracile	Haplosporangium_gracile	1	GCA_015499985.1	eukarya	Fungi	Mortierellomycota	soil_saprotroph	GCA_015499985.1*.fna	GCA_015499985.1*.fna	GCA_015499985.1*.faa	True
Entomortierella_lignicola	Entomortierella_lignicola	1	GCA_015500005.1	eukarya	Fungi	Mortierellomycota	soil_saprotroph	GCA_015500005.1*.fna	GCA_015500005.1*.fna	GCA_015500005.1*.faa	True
Haplosporangium_bisporale	Haplosporangium_bisporale	1	GCA_015500155.1	eukarya	Fungi	Mortierellomycota	soil_saprotroph	GCA_015500155.1*.fna	GCA_015500155.1*.fna	GCA_015500155.1*.faa	True
Mortierella_sp_GBA35	Mortierella_sp_GBA35	1	GCA_015502445.1	eukarya	Fungi	Mortierellomycota	soil_saprotroph	GCA_015502445.1*.fna	GCA_015502445.1*.fna	GCA_015502445.1*.faa	True
Mortierella_sp_AM989	Mortierella_sp_AM989	1	GCA_015502455.1	eukarya	Fungi	Mortierellomycota	soil_saprotroph	GCA_015502455.1*.fna	GCA_015502455.1*.fna	GCA_015502455.1*.faa	True
Mortierella_sp_14UC	Mortierella_sp_14UC	1	GCA_015502465.1	eukarya	Fungi	Mortierellomycota	soil_saprotroph	GCA_015502465.1*.fna	GCA_015502465.1*.fna	GCA_015502465.1*.faa	True
Mortierella_sp_AD031	Mortierella_sp_AD031	1	GCA_015502475.1	eukarya	Fungi	Mortierellomycota	soil_saprotroph	GCA_015502475.1*.fna	GCA_015502475.1*.fna	GCA_015502475.1*.faa	True
Mortierella_sp_GBA39	Mortierella_sp_GBA39	1	GCA_015502485.1	eukarya	Fungi	Mortierellomycota	soil_saprotroph	GCA_015502485.1*.fna	GCA_015502485.1*.fna	GCA_015502485.1*.faa	True
Linnemannia_schmuckeri	Linnemannia_schmuckeri	1	GCA_015502505.1	eukarya	Fungi	Mortierellomycota	soil_saprotroph	GCA_015502505.1*.fna	GCA_015502505.1*.fna	GCA_015502505.1*.faa	True
Mortierella_sp_AD010	Mortierella_sp_AD010	1	GCA_015502575.1	eukarya	Fungi	Mortierellomycota	soil_saprotroph	GCA_015502575.1*.fna	GCA_015502575.1*.fna	GCA_015502575.1*.faa	True
Haplosporangium_sp_Z_11	Haplosporangium_sp_Z_11	1	GCA_015529505.1	eukarya	Fungi	Mortierellomycota	soil_saprotroph	GCA_015529505.1*.fna	GCA_015529505.1*.fna	GCA_015529505.1*.faa	True
Haplosporangium_sp_Z_767	Haplosporangium_sp_Z_767	1	GCA_015529515.1	eukarya	Fungi	Mortierellomycota	soil_saprotroph	GCA_015529515.1*.fna	GCA_015529515.1*.fna	GCA_015529515.1*.faa	True
Haplosporangium_sp_Z_27	Haplosporangium_sp_Z_27	1	GCA_015529795.1	eukarya	Fungi	Mortierellomycota	soil_saprotroph	GCA_015529795.1*.fna	GCA_015529795.1*.fna	GCA_015529795.1*.faa	True
Mortierella_sp_NVP85	Mortierella_sp_NVP85	1	GCA_015679515.1	eukarya	Fungi	Mortierellomycota	soil_saprotroph	GCA_015679515.1*.fna	GCA_015679515.1*.fna	GCA_015679515.1*.faa	True
Podila_horticola	Podila_horticola	1	GCA_015679535.1	eukarya	Fungi	Mortierellomycota	soil_saprotroph	GCA_015679535.1*.fna	GCA_015679535.1*.fna	GCA_015679535.1*.faa	True
Mortierella_sp_AD094	Mortierella_sp_AD094	1	GCA_015679545.1	eukarya	Fungi	Mortierellomycota	soil_saprotroph	GCA_015679545.1*.fna	GCA_015679545.1*.fna	GCA_015679545.1*.faa	True
Entomortierella_beljakovae	Entomortierella_beljakovae	1	GCA_015679585.1	eukarya	Fungi	Mortierellomycota	soil_saprotroph	GCA_015679585.1*.fna	GCA_015679585.1*.fna	GCA_015679585.1*.faa	True
Podila_epigama	Podila_epigama	1	GCA_015679605.1	eukarya	Fungi	Mortierellomycota	soil_saprotroph	GCA_015679605.1*.fna	GCA_015679605.1*.fna	GCA_015679605.1*.faa	True
Mortierella_sp_AD011	Mortierella_sp_AD011	1	GCA_015679695.1	eukarya	Fungi	Mortierellomycota	soil_saprotroph	GCA_015679695.1*.fna	GCA_015679695.1*.fna	GCA_015679695.1*.faa	True
Mortierella_hygrophila	Mortierella_hygrophila	1	GCA_015680625.1	eukarya	Fungi	Mortierellomycota	soil_saprotroph	GCA_015680625.1*.fna	GCA_015680625.1*.fna	GCA_015680625.1*.faa	True
Lunasporangiospora_selenospora	Lunasporangiospora_selenospora	1	GCA_015680635.1	eukarya	Fungi	Mortierellomycota	soil_saprotroph	GCA_015680635.1*.fna	GCA_015680635.1*.fna	GCA_015680635.1*.faa	True
Rhizophagus_clarus	Rhizophagus_clarus	1	GCA_015698045.1	eukarya	Fungi	Glomeromycota	arbuscular_mycorrhizal	GCA_015698045.1*.fna	GCA_015698045.1*.fna	GCA_015698045.1*.faa	True
Nosema_granulosis	Nosema_granulosis	1	GCA_015832245.1	eukarya	Fungi	Microsporidia	animal_parasite	GCA_015832245.1*.fna	GCA_015832245.1*.fna	GCA_015832245.1*.faa	True
Linnemannia_zychae	Linnemannia_zychae	1	GCA_015847235.1	eukarya	Fungi	Mortierellomycota	soil_saprotroph	GCA_015847235.1*.fna	GCA_015847235.1*.fna	GCA_015847235.1*.faa	True
Modicella_reniformis	Modicella_reniformis	1	GCA_015849295.1	eukarya	Fungi	Mortierellomycota	soil_saprotroph	GCA_015849295.1*.fna	GCA_015849295.1*.fna	GCA_015849295.1*.faa	True
Mortierella_antarctica	Mortierella_antarctica	1	GCA_015849325.1	eukarya	Fungi	Mortierellomycota	soil_saprotroph	GCA_015849325.1*.fna	GCA_015849325.1*.fna	GCA_015849325.1*.faa	True
Entomortierella_chlamydospora	Entomortierella_chlamydospora	1	GCA_015849335.1	eukarya	Fungi	Mortierellomycota	soil_saprotroph	GCA_015849335.1*.fna	GCA_015849335.1*.fna	GCA_015849335.1*.faa	True
Podila_clonocystis	Podila_clonocystis	1	GCA_015852385.1	eukarya	Fungi	Mortierellomycota	soil_saprotroph	GCA_015852385.1*.fna	GCA_015852385.1*.fna	GCA_015852385.1*.faa	True
Gryganskiella_cystojenkinii	Gryganskiella_cystojenkinii	1	GCA_015852425.1	eukarya	Fungi	Mortierellomycota	soil_saprotroph	GCA_015852425.1*.fna	GCA_015852425.1*.fna	GCA_015852425.1*.faa	True
Podila_epicladia	Podila_epicladia	1	GCA_015852495.1	eukarya	Fungi	Mortierellomycota	soil_saprotroph	GCA_015852495.1*.fna	GCA_015852495.1*.fna	GCA_015852495.1*.faa	True
Apophysomyces_sp_BC1015	Apophysomyces_sp_BC1015	1	GCA_016097715.1	eukarya	Fungi	Mucoromycota	soil_saprotroph	GCA_016097715.1*.fna	GCA_016097715.1*.fna	GCA_016097715.1*.faa	True
Apophysomyces_sp_BC1021	Apophysomyces_sp_BC1021	1	GCA_016097735.1	eukarya	Fungi	Mucoromycota	soil_saprotroph	GCA_016097735.1*.fna	GCA_016097735.1*.fna	GCA_016097735.1*.faa	True
Apophysomyces_sp_BC1034	Apophysomyces_sp_BC1034	1	GCA_016097755.1	eukarya	Fungi	Mucoromycota	soil_saprotroph	GCA_016097755.1*.fna	GCA_016097755.1*.fna	GCA_016097755.1*.faa	True
Linnemannia_gamsii	Linnemannia_gamsii	1	GCA_016097855.1	eukarya	Fungi	Mortierellomycota	soil_saprotroph	GCA_016097855.1*.fna	GCA_016097855.1*.fna	GCA_016097855.1*.faa	True
Linnemannia_exigua	Linnemannia_exigua	1	GCA_016097895.1	eukarya	Fungi	Mortierellomycota	soil_saprotroph	GCA_016097895.1*.fna	GCA_016097895.1*.fna	GCA_016097895.1*.faa	True
Dissophora_globulifera	Dissophora_globulifera	1	GCA_016097935.1	eukarya	Fungi	Mortierellomycota	soil_saprotroph	GCA_016097935.1*.fna	GCA_016097935.1*.fna	GCA_016097935.1*.faa	True
Podila_humilis	Podila_humilis	1	GCA_016097945.1	eukarya	Fungi	Mortierellomycota	soil_saprotroph	GCA_016097945.1*.fna	GCA_016097945.1*.fna	GCA_016097945.1*.faa	True
Podila_minutissima	Podila_minutissima	1	GCA_016098005.1	eukarya	Fungi	Mortierellomycota	soil_saprotroph	GCA_016098005.1*.fna	GCA_016098005.1*.fna	GCA_016098005.1*.faa	True
Gamsiella_multidivaricata	Gamsiella_multidivaricata	1	GCA_016098015.1	eukarya	Fungi	Mortierellomycota	soil_saprotroph	GCA_016098015.1*.fna	GCA_016098015.1*.fna	GCA_016098015.1*.faa	True
Mortierella_sp_AD032	Mortierella_sp_AD032	1	GCA_016098025.1	eukarya	Fungi	Mortierellomycota	soil_saprotroph	GCA_016098025.1*.fna	GCA_016098025.1*.fna	GCA_016098025.1*.faa	True
Mortierella_sp_GBA30	Mortierella_sp_GBA30	1	GCA_016098035.1	eukarya	Fungi	Mortierellomycota	soil_saprotroph	GCA_016098035.1*.fna	GCA_016098035.1*.fna	GCA_016098035.1*.faa	True
Mortierella_sp_GBA43	Mortierella_sp_GBA43	1	GCA_016098045.1	eukarya	Fungi	Mortierellomycota	soil_saprotroph	GCA_016098045.1*.fna	GCA_016098045.1*.fna	GCA_016098045.1*.faa	True
Mortierella_sp_NVP41	Mortierella_sp_NVP41	1	GCA_016098085.1	eukarya	Fungi	Mortierellomycota	soil_saprotroph	GCA_016098085.1*.fna	GCA_016098085.1*.fna	GCA_016098085.1*.faa	True
Actinomortierella_wolfii	Actinomortierella_wolfii	1	GCA_016098105.1	eukarya	Fungi	Mortierellomycota	soil_saprotroph	GCA_016098105.1*.fna	GCA_016098105.1*.fna	GCA_016098105.1*.faa	True
Actinomortierella_ambigua	Actinomortierella_ambigua	1	GCA_016098155.1	eukarya	Fungi	Mortierellomycota	soil_saprotroph	GCA_016098155.1*.fna	GCA_016098155.1*.fna	GCA_016098155.1*.faa	True
Mortierella_polycephala	Mortierella_polycephala	1	GCA_016098165.1	eukarya	Fungi	Mortierellomycota	soil_saprotroph	GCA_016098165.1*.fna	GCA_016098165.1*.fna	GCA_016098165.1*.faa	True
Dictyocoela_roeselum	Dictyocoela_roeselum	1	GCA_016255985.1	eukarya	Fungi	Microsporidia	animal_parasite	GCA_016255985.1*.fna	GCA_016255985.1*.fna	GCA_016255985.1*.faa	True
Dictyocoela_muelleri	Dictyocoela_muelleri	1	GCA_016256075.1	eukarya	Fungi	Microsporidia	animal_parasite	GCA_016256075.1*.fna	GCA_016256075.1*.fna	GCA_016256075.1*.faa	True
Geosiphon_pyriformis	Geosiphon_pyriformis	1	GCA_016748015.1	eukarya	Fungi	Glomeromycota	lichenized	GCA_016748015.1*.fna	GCA_016748015.1*.fna	GCA_016748015.1*.faa	True
Umbelopsis_vinacea	Umbelopsis_vinacea	1	GCA_016758895.1	eukarya	Fungi	Mucoromycota	soil_saprotroph	GCA_016758895.1*.fna	GCA_016758895.1*.fna	GCA_016758895.1*.faa	True
Umbelopsis_isabellina	Umbelopsis_isabellina	1	GCA_016758905.1	eukarya	Fungi	Mucoromycota	soil_saprotroph	GCA_016758905.1*.fna	GCA_016758905.1*.fna	GCA_016758905.1*.faa	True
Thamnidium_elegans	Thamnidium_elegans	1	GCA_016758935.1	eukarya	Fungi	Mucoromycota	soil_saprotroph	GCA_016758935.1*.fna	GCA_016758935.1*.fna	GCA_016758935.1*.faa	True
Mucor_plumbeus	Mucor_plumbeus	1	GCA_016758945.1	eukarya	Fungi	Mucoromycota	soil_saprotroph	GCA_016758945.1*.fna	GCA_016758945.1*.fna	GCA_016758945.1*.faa	True
Mucor_circinatus	Mucor_circinatus	1	GCA_016758965.1	eukarya	Fungi	Mucoromycota	soil_saprotroph	GCA_016758965.1*.fna	GCA_016758965.1*.fna	GCA_016758965.1*.faa	True
Mucor_saturninus	Mucor_saturninus	1	GCA_016758985.1	eukarya	Fungi	Mucoromycota	soil_saprotroph	GCA_016758985.1*.fna	GCA_016758985.1*.fna	GCA_016758985.1*.faa	True
Rhizoctonia_solani	Rhizoctonia_solani	1	GCA_016906535.1	eukarya	Fungi	Basidiomycota	plant_pathogen	GCA_016906535.1*.fna	GCA_016906535.1*.fna	GCA_016906535.1*.faa	True
Neocallimastix_sp_JGI_2020a	Neocallimastix_sp_JGI_2020a	1	GCA_016946835.1	eukarya	Fungi	Neocallimastigomycota	animal_endosymbiont	GCA_016946835.1*.fna	GCA_016946835.1*.fna	GCA_016946835.1*.faa	True
Olpidium_bornovanus	Olpidium_bornovanus	1	GCA_017911155.1	eukarya	Fungi	Olpidiomycota	algal_parasite	GCA_017911155.1*.fna	GCA_017911155.1*.fna	GCA_017911155.1*.faa	True
Bacidia_gigantensis	Bacidia_gigantensis	1	GCA_019456465.1	eukarya	Fungi	Ascomycota	lichenized	GCA_019456465.1*.fna	GCA_019456465.1*.fna	GCA_019456465.1*.faa	True
Linnemannia_hyalina	Linnemannia_hyalina	1	GCA_019671135.1	eukarya	Fungi	Mortierellomycota	soil_saprotroph	GCA_019671135.1*.fna	GCA_019671135.1*.fna	GCA_019671135.1*.faa	True
Absidia_glauca	Absidia_glauca	1	GCA_900079185.1	eukarya	Fungi	Mucoromycota	soil_saprotroph	GCA_900079185.1*.fna	GCA_900079185.1*.fna	GCA_900079185.1*.faa	True
Blumeria_graminis_f_sp_triticale	Blumeria_graminis_f_sp_triticale	1	GCA_905067625.1	eukarya	Fungi	Ascomycota	plant_pathogen	GCA_905067625.1*.fna	GCA_905067625.1*.fna	GCA_905067625.1*.faa	True