ko	subunit	brite_entry	threshold	threshold_available	score_type	profile_type	definition
K02865	Large subunit	K02865  RP-L10Ae, RPL10A; large subunit ribosomal protein L10Ae	144.83	true	full	all	large subunit ribosomal protein L10Ae
K02866	Large subunit	K02866  RP-L10e, RPL10; large subunit ribosomal protein L10e	86.17	true	full	all	large subunit ribosomal protein L10e
K02868	Large subunit	K02868  RP-L11e, RPL11; large subunit ribosomal protein L11e	226.23	true	full	all	large subunit ribosomal protein L11e
K02870	Large subunit	K02870  RP-L12e, RPL12; large subunit ribosomal protein L12e	135.63	true	full	all	large subunit ribosomal protein L12e
K02872	Large subunit	K02872  RP-L13Ae, RPL13A; large subunit ribosomal protein L13Ae	141.90	true	full	all	large subunit ribosomal protein L13Ae
K02873	Large subunit	K02873  RP-L13e, RPL13; large subunit ribosomal protein L13e	39.97	true	full	trim	large subunit ribosomal protein L13e
K02875	Large subunit	K02875  RP-L14e, RPL14; large subunit ribosomal protein L14e	25.07	true	domain	all	large subunit ribosomal protein L14e
K02877	Large subunit	K02877  RP-L15e, RPL15; large subunit ribosomal protein L15e	122.83	true	full	all	large subunit ribosomal protein L15e
K02880	Large subunit	K02880  RP-L17e, RPL17; large subunit ribosomal protein L17e	164.00	true	domain	all	large subunit ribosomal protein L17e
K02882	Large subunit	K02882  RP-L18Ae, RPL18A; large subunit ribosomal protein L18Ae	62.00	true	full	all	large subunit ribosomal protein L18Ae
K02883	Large subunit	K02883  RP-L18e, RPL18; large subunit ribosomal protein L18e	27.23	true	full	all	large subunit ribosomal protein L18e
K02885	Large subunit	K02885  RP-L19e, RPL19; large subunit ribosomal protein L19e	67.27	true	full	all	large subunit ribosomal protein L19e
K02889	Large subunit	K02889  RP-L21e, RPL21; large subunit ribosomal protein L21e	37.17	true	full	all	large subunit ribosomal protein L21e
K02891	Large subunit	K02891  RP-L22e, RPL22; large subunit ribosomal protein L22e	56.30	true	full	all	large subunit ribosomal protein L22e
K02893	Large subunit	K02893  RP-L23Ae, RPL23A; large subunit ribosomal protein L23Ae	123.10	true	full	all	large subunit ribosomal protein L23Ae
K02894	Large subunit	K02894  RP-L23e, RPL23; large subunit ribosomal protein L23e	189.53	true	full	all	large subunit ribosomal protein L23e
K02896	Large subunit	K02896  RP-L24e, RPL24; large subunit ribosomal protein L24e	33.30	true	full	all	large subunit ribosomal protein L24e
K02898	Large subunit	K02898  RP-L26e, RPL26; large subunit ribosomal protein L26e	164.80	true	full	all	large subunit ribosomal protein L26e
K02900	Large subunit	K02900  RP-L27Ae, RPL27A; large subunit ribosomal protein L27Ae	98.87	true	full	all	large subunit ribosomal protein L27Ae
K02901	Large subunit	K02901  RP-L27e, RPL27; large subunit ribosomal protein L27e	65.13	true	full	all	large subunit ribosomal protein L27e
K02903	Large subunit	K02903  RP-L28e, RPL28; large subunit ribosomal protein L28e	37.73	true	domain	all	large subunit ribosomal protein L28e
K02905	Large subunit	K02905  RP-L29e, RPL29; large subunit ribosomal protein L29e	41.93	true	full	all	large subunit ribosomal protein L29e
K02908	Large subunit	K02908  RP-L30e, RPL30; large subunit ribosomal protein L30e	40.60	true	full	all	large subunit ribosomal protein L30e
K02910	Large subunit	K02910  RP-L31e, RPL31; large subunit ribosomal protein L31e	27.30	true	domain	all	large subunit ribosomal protein L31e
K02912	Large subunit	K02912  RP-L32e, RPL32; large subunit ribosomal protein L32e	58.10	true	full	all	large subunit ribosomal protein L32e
K02915	Large subunit	K02915  RP-L34e, RPL34; large subunit ribosomal protein L34e	28.47	true	full	all	large subunit ribosomal protein L34e
K02917	Large subunit	K02917  RP-L35Ae, RPL35A; large subunit ribosomal protein L35Ae	24.70	true	domain	all	large subunit ribosomal protein L35Ae
K02918	Large subunit	K02918  RP-L35e, RPL35; large subunit ribosomal protein L35e	60.20	true	full	all	large subunit ribosomal protein L35e
K02920	Large subunit	K02920  RP-L36e, RPL36; large subunit ribosomal protein L36e	42.60	true	full	all	large subunit ribosomal protein L36e
K02921	Large subunit	K02921  RP-L37Ae, RPL37A; large subunit ribosomal protein L37Ae	27.77	true	domain	all	large subunit ribosomal protein L37Ae
K02922	Large subunit	K02922  RP-L37e, RPL37; large subunit ribosomal protein L37e	42.50	true	full	all	large subunit ribosomal protein L37e
K02923	Large subunit	K02923  RP-L38e, RPL38; large subunit ribosomal protein L38e	24.03	true	domain	all	large subunit ribosomal protein L38e
K02924	Large subunit	K02924  RP-L39e, RPL39; large subunit ribosomal protein L39e	21.47	true	full	all	large subunit ribosomal protein L39e
K02925	Large subunit	K02925  RP-L3e, RPL3; large subunit ribosomal protein L3e	336.60	true	full	all	large subunit ribosomal protein L3e
K02927	Large subunit	K02927  RP-L40e, RPL40, UBA52; ubiquitin-large subunit ribosomal protein L40e	205.40	true	domain	all	ubiquitin-large subunit ribosomal protein L40e
K02928	Large subunit	K02928  RP-L41e, RPL41; large subunit ribosomal protein L41e	27.17	true	full	all	large subunit ribosomal protein L41e
K02929	Large subunit	K02929  RP-L44e, RPL44; large subunit ribosomal protein L44e	24.93	true	full	all	large subunit ribosomal protein L44e
K02930	Large subunit	K02930  RP-L4e, RPL4; large subunit ribosomal protein L4e	101.00	true	full	all	large subunit ribosomal protein L4e
K02932	Large subunit	K02932  RP-L5e, RPL5; large subunit ribosomal protein L5e	142.67	true	domain	all	large subunit ribosomal protein L5e
K02934	Large subunit	K02934  RP-L6e, RPL6; large subunit ribosomal protein L6e	57.60	true	full	all	large subunit ribosomal protein L6e
K02936	Large subunit	K02936  RP-L7Ae, RPL7A; large subunit ribosomal protein L7Ae	63.57	true	domain	all	large subunit ribosomal protein L7Ae
K02937	Large subunit	K02937  RP-L7e, RPL7; large subunit ribosomal protein L7e	101.80	true	full	all	large subunit ribosomal protein L7e
K02938	Large subunit	K02938  RP-L8e, RPL8; large subunit ribosomal protein L8e	300.93	true	full	all	large subunit ribosomal protein L8e
K02940	Large subunit	K02940  RP-L9e, RPL9; large subunit ribosomal protein L9e	211.37	true	full	all	large subunit ribosomal protein L9e
K02941	Large subunit	K02941  RP-LP0, RPLP0; large subunit ribosomal protein LP0	194.17	true	full	all	large subunit ribosomal protein LP0
K02942	Large subunit	K02942  RP-LP1, RPLP1; large subunit ribosomal protein LP1	79.70	true	full	all	large subunit ribosomal protein LP1
K02943	Large subunit	K02943  RP-LP2, RPLP2; large subunit ribosomal protein LP2	79.67	true	full	all	large subunit ribosomal protein LP2
K02947	Small subunit	K02947  RP-S10e, RPS10; small subunit ribosomal protein S10e	215.73	true	full	all	small subunit ribosomal protein S10e
K02949	Small subunit	K02949  RP-S11e, RPS11; small subunit ribosomal protein S11e	150.83	true	full	all	small subunit ribosomal protein S11e
K02951	Small subunit	K02951  RP-S12e, RPS12; small subunit ribosomal protein S12e	60.53	true	domain	all	small subunit ribosomal protein S12e
K02953	Small subunit	K02953  RP-S13e, RPS13; small subunit ribosomal protein S13e	202.27	true	full	all	small subunit ribosomal protein S13e
K02955	Small subunit	K02955  RP-S14e, RPS14; small subunit ribosomal protein S14e	216.97	true	full	all	small subunit ribosomal protein S14e
K02957	Small subunit	K02957  RP-S15Ae, RPS15A; small subunit ribosomal protein S15Ae	166.33	true	full	all	small subunit ribosomal protein S15Ae
K02958	Small subunit	K02958  RP-S15e, RPS15; small subunit ribosomal protein S15e	184.80	true	full	all	small subunit ribosomal protein S15e
K02960	Small subunit	K02960  RP-S16e, RPS16; small subunit ribosomal protein S16e	158.67	true	full	all	small subunit ribosomal protein S16e
K02962	Small subunit	K02962  RP-S17e, RPS17; small subunit ribosomal protein S17e	25.97	true	domain	all	small subunit ribosomal protein S17e
K02964	Small subunit	K02964  RP-S18e, RPS18; small subunit ribosomal protein S18e	166.27	true	full	all	small subunit ribosomal protein S18e
K02966	Small subunit	K02966  RP-S19e, RPS19; small subunit ribosomal protein S19e	54.50	true	full	all	small subunit ribosomal protein S19e
K02969	Small subunit	K02969  RP-S20e, RPS20; small subunit ribosomal protein S20e	105.53	true	full	all	small subunit ribosomal protein S20e
K02971	Small subunit	K02971  RP-S21e, RPS21; small subunit ribosomal protein S21e	74.73	true	full	all	small subunit ribosomal protein S21e
K02973	Small subunit	K02973  RP-S23e, RPS23; small subunit ribosomal protein S23e	211.80	true	full	all	small subunit ribosomal protein S23e
K02974	Small subunit	K02974  RP-S24e, RPS24; small subunit ribosomal protein S24e	25.33	true	domain	all	small subunit ribosomal protein S24e
K02975	Small subunit	K02975  RP-S25e, RPS25; small subunit ribosomal protein S25e	25.57	true	full	all	small subunit ribosomal protein S25e
K02976	Small subunit	K02976  RP-S26e, RPS26; small subunit ribosomal protein S26e	41.90	true	full	all	small subunit ribosomal protein S26e
K02977	Small subunit	K02977  RP-S27Ae, RPS27A, UBA80; ubiquitin-small subunit ribosomal protein S27Ae	197.83	true	domain	all	ubiquitin-small subunit ribosomal protein S27Ae
K02978	Small subunit	K02978  RP-S27e, RPS27; small subunit ribosomal protein S27e	24.10	true	full	all	small subunit ribosomal protein S27e
K02979	Small subunit	K02979  RP-S28e, RPS28; small subunit ribosomal protein S28e	44.57	true	full	all	small subunit ribosomal protein S28e
K02980	Small subunit	K02980  RP-S29e, RPS29; small subunit ribosomal protein S29e	73.50	true	domain	trim	small subunit ribosomal protein S29e
K02981	Small subunit	K02981  RP-S2e, RPS2; small subunit ribosomal protein S2e	243.00	true	full	all	small subunit ribosomal protein S2e
K02983	Small subunit	K02983  RP-S30e, RPS30; small subunit ribosomal protein S30e	71.80	true	domain	all	small subunit ribosomal protein S30e
K02984	Small subunit	K02984  RP-S3Ae, RPS3A; small subunit ribosomal protein S3Ae	67.87	true	full	all	small subunit ribosomal protein S3Ae
K02985	Small subunit	K02985  RP-S3e, RPS3; small subunit ribosomal protein S3e	168.73	true	full	all	small subunit ribosomal protein S3e
K02987	Small subunit	K02987  RP-S4e, RPS4; small subunit ribosomal protein S4e	89.40	true	full	all	small subunit ribosomal protein S4e
K02989	Small subunit	K02989  RP-S5e, RPS5; small subunit ribosomal protein S5e	248.47	true	full	all	small subunit ribosomal protein S5e
K02991	Small subunit	K02991  RP-S6e, RPS6; small subunit ribosomal protein S6e	36.30	true	full	all	small subunit ribosomal protein S6e
K02993	Small subunit	K02993  RP-S7e, RPS7; small subunit ribosomal protein S7e	74.07	true	full	all	small subunit ribosomal protein S7e
K02995	Small subunit	K02995  RP-S8e, RPS8; small subunit ribosomal protein S8e	42.63	true	full	all	small subunit ribosomal protein S8e
K02997	Small subunit	K02997  RP-S9e, RPS9; small subunit ribosomal protein S9e	185.27	true	full	all	small subunit ribosomal protein S9e
K02998	Small subunit	K02998  RP-SAe, RPSA; small subunit ribosomal protein SAe	221.67	true	full	all	small subunit ribosomal protein SAe
