seq_id,value
"lcl|CH236927.1_cds_EAA57827.1_1 [protein=hypothetical protein] [protein_id=EAA57827.1] [location=complement(join(7633..8567,8623..8941,8989..9067,9109..9140))] [gbkey=CDS]",0.32516703786191536
"lcl|CH236927.1_cds_EAA57828.1_2 [protein=hypothetical protein] [protein_id=EAA57828.1] [location=complement(join(10249..10694,10809..10862,11084..11090))] [gbkey=CDS]",0.425
"lcl|CH236927.1_cds_EAA57829.1_3 [protein=hypothetical protein] [protein_id=EAA57829.1] [location=complement(join(11962..12140,12203..12627,12795..12955,13008..13061))] [gbkey=CDS]",0.3609022556390977
"lcl|CH236927.1_cds_EAA57830.1_4 [protein=hypothetical protein] [protein_id=EAA57830.1] [location=join(13648..13664,13726..13805,13863..13927,13981..14183,14239..14518,14598..14606)] [gbkey=CDS]",0.4413145539906103
"lcl|CH236927.1_cds_EAA57831.1_5 [protein=hypothetical protein] [protein_id=EAA57831.1] [location=complement(join(14724..14978,15116..15189,15514..15712))] [gbkey=CDS]",0.4152046783625731
"lcl|CH236927.1_cds_EAA57832.1_6 [protein=hypothetical protein] [protein_id=EAA57832.1] [location=join(16436..16517,16587..16600,16659..16715,16774..17430)] [gbkey=CDS]",0.4046692607003891
"lcl|CH236927.1_cds_EAA57833.1_7 [protein=hypothetical protein] [protein_id=EAA57833.1] [location=complement(join(17814..18068,18125..18574,18627..18762,18812..18918,18969..19070,19121..19252,19304..20296,20351..20401))] [gbkey=CDS]",0.40559440559440557
"lcl|CH236927.1_cds_EAA57834.1_8 [protein=hypothetical protein] [protein_id=EAA57834.1] [location=join(21642..21832,21883..22261,22307..22741,22796..23155,23206..23241,23291..23390,23496..23526,23629..23681,23733..23776,23933..24074,24129..24364)] [gbkey=CDS]",0.42724458204334365
"lcl|CH236927.1_cds_EAA57835.1_9 [protein=hypothetical protein] [protein_id=EAA57835.1] [location=join(25116..25342,25421..25841)] [gbkey=CDS]",0.391304347826087
"lcl|CH236927.1_cds_EAA57836.1_10 [protein=hypothetical protein] [protein_id=EAA57836.1] [location=complement(join(26399..26436,26571..27545,27604..27933,28087..28156,28203..28509,28636..28820))] [gbkey=CDS]",0.33001658374792703
"lcl|CH236927.1_cds_EAA57837.1_11 [protein=hypothetical protein] [protein_id=EAA57837.1] [location=complement(join(29375..29520,29574..29618,29674..29857))] [gbkey=CDS]",0.4380165289256198
"lcl|CH236927.1_cds_EAA57838.1_12 [protein=hypothetical protein] [protein_id=EAA57838.1] [location=join(30234..30378,30434..30652,30764..30772,30851..31140,31199..31304,31350..31575,31626..32024,32322..32333,32483..32779,32893..33010,33077..33166,33213..33338)] [gbkey=CDS]",0.36818181818181817
"lcl|CH236927.1_cds_EAA57839.1_13 [protein=hypothetical protein] [protein_id=EAA57839.1] [location=complement(join(33732..33872,33930..34074,34117..34213,34272..34649,34720..34807,34860..34970,35141..35143))] [gbkey=CDS]",0.580441640378549
"lcl|CH236927.1_cds_EAA57840.1_14 [protein=hypothetical protein] [protein_id=EAA57840.1] [location=complement(join(36309..36486,36561..36814,36847..36941,37035..37086))] [gbkey=CDS]",0.6021505376344086
"lcl|CH236927.1_cds_EAA57841.1_15 [protein=hypothetical protein] [protein_id=EAA57841.1] [location=complement(join(38470..39132,39187..39562,39614..39633))] [gbkey=CDS]",0.3590504451038576
"lcl|CH236927.1_cds_EAA57842.1_16 [protein=hypothetical protein] [protein_id=EAA57842.1] [location=join(39994..40020,40079..40125,40187..40215,40716..40727,41068..41388,41455..42005)] [gbkey=CDS]",0.48253968253968255
"lcl|CH236927.1_cds_EAA57843.1_17 [protein=hypothetical protein] [protein_id=EAA57843.1] [location=complement(join(42371..42709,42772..42945,43009..43062,43115..43921))] [gbkey=CDS]",0.49443207126948774
"lcl|CH236927.1_cds_EAA57844.1_18 [protein=predicted protein] [protein_id=EAA57844.1] [location=join(47928..47977,48293..48473,48637..48682,48878..48903,49057..49092)] [gbkey=CDS]",0.5
"lcl|CH236927.1_cds_EAA57845.1_19 [protein=hypothetical protein] [protein_id=EAA57845.1] [location=complement(join(50005..50029,50101..50176,50236..50368,50421..50888,50945..51474,51692..51864,51926..52007,52133..52253))] [gbkey=CDS]",0.5243664717348928
"lcl|CH236927.1_cds_EAA57846.1_20 [protein=hypothetical protein] [protein_id=EAA57846.1] [location=join(52850..53118,53186..53975)] [gbkey=CDS]",0.5391566265060241
"lcl|CH236927.1_cds_EAA57847.1_21 [protein=hypothetical protein] [protein_id=EAA57847.1] [location=complement(join(54635..55533,55596..55777,55837..56729,56787..57054,57125..57231,57299..57390,57455..57518))] [gbkey=CDS]",0.43279901356350187
"lcl|CH236927.1_cds_EAA57848.1_22 [protein=conserved hypothetical protein] [protein_id=EAA57848.1] [location=complement(join(58694..58827,58902..59106,59167..59360,59411..59759,59825..59908,59974..60146,60235..60280))] [gbkey=CDS]",0.4444444444444444
"lcl|CH236927.1_cds_EAA57849.1_23 [protein=hypothetical protein] [protein_id=EAA57849.1] [location=complement(join(66272..66294,66366..66724,66949..66964,67024..67105))] [gbkey=CDS]",0.39072847682119205
"lcl|CH236927.1_cds_EAA57850.1_24 [protein=hypothetical protein] [protein_id=EAA57850.1] [location=complement(join(67584..67691,67794..68441,68508..68819))] [gbkey=CDS]",0.5791044776119403
"lcl|CH236927.1_cds_EAA57851.1_25 [protein=hypothetical protein] [protein_id=EAA57851.1] [location=join(69668..69681,69785..69987,70028..70067,70123..70220,70428..70597,70647..70889,70941..71060,71117..71491,71539..71715,71768..71945,72245..72310,72679..72995,73062..75383)] [gbkey=CDS]",0.38869005010737295
"lcl|CH236927.1_cds_EAA57852.1_26 [protein=hypothetical protein] [protein_id=EAA57852.1] [location=complement(join(75692..76297,76384..76395,76504..76578))] [gbkey=CDS]",0.5525114155251142
lcl|CH236927.1_cds_EAA57853.1_27 [protein=hypothetical protein] [protein_id=EAA57853.1] [location=77197..78348] [gbkey=CDS],0.37228260869565216
"lcl|CH236927.1_cds_EAA57854.1_28 [protein=hypothetical protein] [protein_id=EAA57854.1] [location=complement(join(78741..78886,78949..79248,79311..79481,79537..79603,79701..79712,79765..79792,79843..79874,79950..80192,80253..80327))] [gbkey=CDS]",0.43283582089552236
"lcl|CH236927.1_cds_EAA57855.1_29 [protein=hypothetical protein] [protein_id=EAA57855.1] [location=join(80666..80709,80786..81042,81124..81276,81335..81918)] [gbkey=CDS]",0.41194029850746267
"lcl|CH236927.1_cds_EAA57856.1_30 [protein=hypothetical protein] [protein_id=EAA57856.1] [location=complement(join(82096..82104,82163..82197,82290..82641))] [gbkey=CDS]",0.3937007874015748
"lcl|CH236927.1_cds_EAA57857.1_31 [protein=hypothetical protein] [protein_id=EAA57857.1] [location=join(83044..83132,83186..83406,83462..83561,83611..84053,84118..84134)] [gbkey=CDS]",0.37410071942446044
"lcl|CH236927.1_cds_EAA57858.1_32 [protein=hypothetical protein] [protein_id=EAA57858.1] [location=complement(join(84643..84784,84835..84874,84917..84938,85005..85582,85632..85737))] [gbkey=CDS]",0.5
"lcl|CH236927.1_cds_EAA57859.1_33 [protein=hypothetical protein] [protein_id=EAA57859.1] [location=complement(join(86346..87233,87292..87486,87539..87811,87870..87891,87943..88241,88643..88659,88918..89694,89750..90752))] [gbkey=CDS]",0.4168912848158131
"lcl|CH236927.1_cds_EAA57860.1_34 [protein=hypothetical protein] [protein_id=EAA57860.1] [location=join(91167..91185,91368..92284)] [gbkey=CDS]",0.3979933110367893
"lcl|CH236927.1_cds_EAA57861.1_35 [protein=LYS4_EMENI Homoaconitase, mitochondrial precursor (Homoaconitate hydratase)] [protein_id=EAA57861.1] [location=join(92654..92954,93027..95056)] [gbkey=CDS]",0.4879356568364611
"lcl|CH236927.1_cds_EAA57862.1_36 [protein=hypothetical protein] [protein_id=EAA57862.1] [location=complement(join(96435..98018,98089..98349))] [gbkey=CDS]",0.38898163606010017
"lcl|CH236927.1_cds_EAA57863.1_37 [protein=SEPA_EMENI Cytokinesis protein sepA (FH1/2 protein) (Forced expression inhibition of growth A)] [protein_id=EAA57863.1] [location=complement(join(99054..99809,99862..102339,102353..104488))] [gbkey=CDS]",0.4147331786542923
"lcl|CH236927.1_cds_EAA57864.1_38 [protein=hypothetical protein] [protein_id=EAA57864.1] [location=join(105064..105087,105153..105575)] [gbkey=CDS]",0.4028776978417266
"lcl|CH236927.1_cds_EAA57865.1_39 [protein=FDH_EMENI Probable formate dehydrogenase (NAD-dependent formate dehydrogenase) (FDH)] [protein_id=EAA57865.1] [location=complement(join(105991..106933,106993..107168,107223..107237))] [gbkey=CDS]",0.6794520547945205
"lcl|CH236927.1_cds_EAA57866.1_40 [protein=hypothetical protein] [protein_id=EAA57866.1] [location=complement(join(109017..111455,111508..112041))] [gbkey=CDS]",0.4281217208814271
"lcl|CH236927.1_cds_EAA57867.1_41 [protein=hypothetical protein] [protein_id=EAA57867.1] [location=complement(join(112535..113239,113312..113458))] [gbkey=CDS]",0.45787545787545786
"lcl|CH236927.1_cds_EAA57868.1_42 [protein=hypothetical protein] [protein_id=EAA57868.1] [location=complement(join(114062..115021,115202..115242,115311..115368))] [gbkey=CDS]",0.39820359281437123
"lcl|CH236927.1_cds_EAA57869.1_43 [protein=hypothetical protein] [protein_id=EAA57869.1] [location=join(117710..119573,119636..119832,119899..119910)] [gbkey=CDS]",0.40119760479041916
"lcl|CH236927.1_cds_EAA57870.1_44 [protein=hypothetical protein] [protein_id=EAA57870.1] [location=complement(join(120954..121438,121495..122401))] [gbkey=CDS]",0.4431818181818182
"lcl|CH236927.1_cds_EAA57871.1_45 [protein=hypothetical protein] [protein_id=EAA57871.1] [location=join(123145..123261,123332..124357,124407..125045)] [gbkey=CDS]",0.41278065630397237
"lcl|CH236927.1_cds_EAA57872.1_46 [protein=hypothetical protein] [protein_id=EAA57872.1] [location=join(125381..125524,125585..126559)] [gbkey=CDS]",0.4664804469273743
"lcl|CH236927.1_cds_EAA57873.1_47 [protein=hypothetical protein] [protein_id=EAA57873.1] [location=complement(join(127194..130469,130527..131507))] [gbkey=CDS]",0.3933477946493131
"lcl|CH236927.1_cds_EAA57874.1_48 [protein=hypothetical protein] [protein_id=EAA57874.1] [location=join(136807..137085,137134..137289,137342..137974)] [gbkey=CDS]",0.5225225225225225
"lcl|CH236927.1_cds_EAA57875.1_49 [protein=hypothetical protein] [protein_id=EAA57875.1] [location=join(138918..139260,139317..139624)] [gbkey=CDS]",0.43601895734597157
"lcl|CH236927.1_cds_EAA57876.1_50 [protein=hypothetical protein] [protein_id=EAA57876.1] [location=complement(join(139819..140234,140295..140613))] [gbkey=CDS]",0.5084033613445378
"lcl|CH236927.1_cds_EAA57877.1_51 [protein=hypothetical protein] [protein_id=EAA57877.1] [location=join(140941..141033,141134..141514)] [gbkey=CDS]",0.4533333333333333
lcl|CH236927.1_cds_EAA57878.1_52 [protein=hypothetical protein] [protein_id=EAA57878.1] [location=143660..147517] [gbkey=CDS],0.40096230954290296
"lcl|CH236927.1_cds_EAA57879.1_53 [protein=predicted protein] [protein_id=EAA57879.1] [location=complement(join(147845..147955,148172..148177))] [gbkey=CDS]",0.4117647058823529
"lcl|CH236927.1_cds_EAA57880.1_54 [protein=hypothetical protein] [protein_id=EAA57880.1] [location=complement(join(148505..150077,150141..150204,150264..150612,150690..150820,151021..151063))] [gbkey=CDS]",0.4447632711621234
"lcl|CH236927.1_cds_EAA57881.1_55 [protein=hypothetical protein] [protein_id=EAA57881.1] [location=join(151434..151510,151744..152297,152354..153975)] [gbkey=CDS]",0.5947802197802198
lcl|CH236927.1_cds_EAA57883.1_57 [protein=hypothetical protein] [protein_id=EAA57883.1] [location=158364..159020] [gbkey=CDS],0.4975369458128079
"lcl|CH236927.1_cds_EAA57884.1_58 [protein=hypothetical protein] [protein_id=EAA57884.1] [location=complement(join(159598..159664,159711..159808,159894..160154,160234..160332))] [gbkey=CDS]",0.4578313253012048
"lcl|CH236927.1_cds_EAA57885.1_59 [protein=predicted protein] [protein_id=EAA57885.1] [location=complement(join(160698..161986,162106..162157))] [gbkey=CDS]",0.3724137931034483
"lcl|CH236927.1_cds_EAA57886.1_60 [protein=hypothetical protein] [protein_id=EAA57886.1] [location=complement(join(162673..162806,162927..163140,163196..163234))] [gbkey=CDS]",0.43333333333333335
"lcl|CH236927.1_cds_EAA57887.1_61 [protein=hypothetical protein] [protein_id=EAA57887.1] [location=join(163681..163718,163777..163888,163966..164595)] [gbkey=CDS]",0.508
"lcl|CH236927.1_cds_EAA57888.1_62 [protein=hypothetical protein] [protein_id=EAA57888.1] [location=complement(join(164788..165490,165651..165691))] [gbkey=CDS]",0.46808510638297873
"lcl|CH236927.1_cds_EAA57889.1_63 [protein=hypothetical protein] [protein_id=EAA57889.1] [location=complement(join(166032..166975,167040..167136))] [gbkey=CDS]",0.4101796407185629
lcl|CH236927.1_cds_EAA57890.1_64 [protein=hypothetical protein] [protein_id=EAA57890.1] [location=complement(167599..170070)] [gbkey=CDS],0.3816300129366106
"lcl|CH236927.1_cds_EAA57891.1_65 [protein=hypothetical protein] [protein_id=EAA57891.1] [location=complement(join(170575..170659,170728..171656,171716..172158,172210..172247,172297..175620,175689..175893,175946..175998,176064..176191))] [gbkey=CDS]",0.40391459074733094
lcl|CH236927.1_cds_EAA57892.1_66 [protein=hypothetical protein] [protein_id=EAA57892.1] [location=178811..179944] [gbkey=CDS],0.41530054644808745
"lcl|CH236927.1_cds_EAA57893.1_67 [protein=hypothetical protein] [protein_id=EAA57893.1] [location=join(180576..181412,181465..181575,181704..181819,181866..182311,182345..182502,182665..183402)] [gbkey=CDS]",0.4258064516129032
"lcl|CH236927.1_cds_EAA57895.1_69 [protein=hypothetical protein] [protein_id=EAA57895.1] [location=join(185536..185547,185717..185738,185812..186530,186577..186737,186795..186875,186929..187052,187100..187228,187274..187427,187478..187491)] [gbkey=CDS]",0.42857142857142855
"lcl|CH236927.1_cds_EAA57896.1_70 [protein=hypothetical protein] [protein_id=EAA57896.1] [location=complement(join(187794..187985,188038..188319))] [gbkey=CDS]",0.4899328859060403
"lcl|CH236927.1_cds_EAA57897.1_71 [protein=hypothetical protein] [protein_id=EAA57897.1] [location=join(188662..188704,188806..188867,189066..189212,189335..189454)] [gbkey=CDS]",0.6153846153846154
"lcl|CH236927.1_cds_EAA57898.1_72 [protein=hypothetical protein] [protein_id=EAA57898.1] [location=complement(join(189941..190074,190132..190208,190331..190422,190522..190632))] [gbkey=CDS]",0.3893129770992366
lcl|CH236927.1_cds_EAA57899.1_73 [protein=hypothetical protein] [protein_id=EAA57899.1] [location=complement(191051..192715)] [gbkey=CDS],0.3048327137546468
"lcl|CH236927.1_cds_EAA57900.1_74 [protein=hypothetical protein] [protein_id=EAA57900.1] [location=join(195824..196017,196075..197260)] [gbkey=CDS]",0.39111111111111113
"lcl|CH236927.1_cds_EAA57901.1_75 [protein=hypothetical protein] [protein_id=EAA57901.1] [location=complement(join(197929..198816,198872..199042))] [gbkey=CDS]",0.43641618497109824
lcl|CH236927.1_cds_EAA57902.1_76 [protein=hypothetical protein] [protein_id=EAA57902.1] [location=199604..201463] [gbkey=CDS],0.41946308724832215
"lcl|CH236927.1_cds_EAA57903.1_77 [protein=hypothetical protein] [protein_id=EAA57903.1] [location=complement(join(202261..202547,202604..203320,203557..203758,203852..203881))] [gbkey=CDS]",0.6992481203007519
"lcl|CH236927.1_cds_EAA57904.1_78 [protein=hypothetical protein] [protein_id=EAA57904.1] [location=join(204199..205033,205113..205204)] [gbkey=CDS]",0.4152823920265781
"lcl|CH236927.1_cds_EAA57905.1_79 [protein=hypothetical protein] [protein_id=EAA57905.1] [location=join(208952..209744,209873..210112,210144..210175)] [gbkey=CDS]",0.4
"lcl|CH236927.1_cds_EAA57906.1_80 [protein=conserved hypothetical protein] [protein_id=EAA57906.1] [location=complement(join(211345..211379,212067..212401,212464..212537,213166..213186))] [gbkey=CDS]",0.5306122448979592
"lcl|CH236927.1_cds_EAA57907.1_81 [protein=hypothetical protein] [protein_id=EAA57907.1] [location=join(213221..213379,213507..213992,214049..214345,214402..215172)] [gbkey=CDS]",0.4553734061930783
"lcl|CH236927.1_cds_EAA57908.1_82 [protein=hypothetical protein] [protein_id=EAA57908.1] [location=complement(join(215683..216165,216226..216453,216523..217115,217238..217388))] [gbkey=CDS]",0.42643923240938164
"lcl|CH236927.1_cds_EAA57909.1_83 [protein=hypothetical protein] [protein_id=EAA57909.1] [location=join(217849..218200,218267..219006)] [gbkey=CDS]",0.41786743515850144
"lcl|CH236927.1_cds_EAA57910.1_84 [protein=hypothetical protein] [protein_id=EAA57910.1] [location=complement(join(219148..219268,219580..219629,219662..219670,219716..220310,220397..221148))] [gbkey=CDS]",0.38276553106212424
"lcl|CH236927.1_cds_EAA57911.1_85 [protein=hypothetical protein] [protein_id=EAA57911.1] [location=join(223193..224669,224771..224823)] [gbkey=CDS]",0.46804123711340206
"lcl|CH236927.1_cds_EAA57912.1_86 [protein=hypothetical protein] [protein_id=EAA57912.1] [location=complement(join(225009..226102,226151..227360))] [gbkey=CDS]",0.4508748317631225
"lcl|CH236927.1_cds_EAA57913.1_87 [protein=hypothetical protein] [protein_id=EAA57913.1] [location=join(227676..227814,227904..228521,228723..228841)] [gbkey=CDS]",0.42857142857142855
"lcl|CH236927.1_cds_EAA57914.1_88 [protein=hypothetical protein] [protein_id=EAA57914.1] [location=complement(join(229189..229281,229343..230416,230470..231017,231077..231128,231190..231333,231439..231570))] [gbkey=CDS]",0.41122913505311076
"lcl|CH236927.1_cds_EAA57915.1_89 [protein=hypothetical protein] [protein_id=EAA57915.1] [location=join(231944..231971,232020..233713)] [gbkey=CDS]",0.3953900709219858
"lcl|CH236927.1_cds_EAA58105.1_90 [protein=hypothetical protein] [protein_id=EAA58105.1] [location=complement(join(234093..234227,234281..234652,234723..234752))] [gbkey=CDS]",0.5847953216374269
"lcl|CH236927.1_cds_EAA58106.1_91 [protein=hypothetical protein] [protein_id=EAA58106.1] [location=join(237091..237197,237256..239251)] [gbkey=CDS]",0.43446244477172313
lcl|CH236927.1_cds_EAA58107.1_92 [protein=hypothetical protein] [protein_id=EAA58107.1] [location=247298..248728] [gbkey=CDS],0.4344086021505376
"lcl|CH236927.1_cds_EAA58108.1_93 [protein=hypothetical protein] [protein_id=EAA58108.1] [location=complement(join(250866..251282,251348..252325))] [gbkey=CDS]",0.436241610738255
"lcl|CH236927.1_cds_EAA58109.1_94 [protein=hypothetical protein] [protein_id=EAA58109.1] [location=join(253635..253651,253792..254249,254288..254513,254560..254626)] [gbkey=CDS]",0.4268292682926829
lcl|CH236927.1_cds_EAA58110.1_95 [protein=hypothetical protein] [protein_id=EAA58110.1] [location=256815..261368] [gbkey=CDS],0.5804676753782668
"lcl|CH236927.1_cds_EAA58111.1_96 [protein=hypothetical protein] [protein_id=EAA58111.1] [location=complement(join(261826..261914,262308..262476,262659..263204,263273..263461,263752..263969,264047..264137))] [gbkey=CDS]",0.43601895734597157
"lcl|CH236927.1_cds_EAA58112.1_97 [protein=hypothetical protein] [protein_id=EAA58112.1] [location=complement(join(264507..264593,264747..265084,265137..265354,265399..265574,265866..266618))] [gbkey=CDS]",0.41188118811881186
"lcl|CH236927.1_cds_EAA58113.1_98 [protein=hypothetical protein] [protein_id=EAA58113.1] [location=complement(join(268364..268660,268708..268875))] [gbkey=CDS]",0.4
"lcl|CH236927.1_cds_EAA58114.1_99 [protein=hypothetical protein] [protein_id=EAA58114.1] [location=join(269160..269360,269410..272053,272215..272240)] [gbkey=CDS]",0.46375266524520253
"lcl|CH236927.1_cds_EAA58115.1_100 [protein=hypothetical protein] [protein_id=EAA58115.1] [location=complement(join(272448..272509,272591..272858,273064..273675))] [gbkey=CDS]",0.5409836065573771
"lcl|CH236927.1_cds_EAA58116.1_101 [protein=hypothetical protein] [protein_id=EAA58116.1] [location=complement(join(274628..274968,275023..275578,275629..275907,275955..277213,277276..277390))] [gbkey=CDS]",0.4289185905224787
lcl|CH236927.1_cds_EAA58117.1_102 [protein=hypothetical protein] [protein_id=EAA58117.1] [location=284525..285070] [gbkey=CDS],0.49142857142857144
"lcl|CH236927.1_cds_EAA58118.1_103 [protein=hypothetical protein] [protein_id=EAA58118.1] [location=join(286397..286626,286695..289668)] [gbkey=CDS]",0.44313725490196076
lcl|CH236927.1_cds_EAA58119.1_104 [protein=hypothetical protein] [protein_id=EAA58119.1] [location=complement(290627..295339)] [gbkey=CDS],0.41153342070773263
"lcl|CH236927.1_cds_EAA58120.1_105 [protein=hypothetical protein] [protein_id=EAA58120.1] [location=join(296098..296164,296248..296558,296609..296779,296841..298165,298219..298301,298351..298654,298706..298885,298936..299380)] [gbkey=CDS]",0.4279615795090715
"lcl|CH236927.1_cds_EAA58121.1_106 [protein=hypothetical protein] [protein_id=EAA58121.1] [location=join(301242..301356,301413..301657)] [gbkey=CDS]",0.5
"lcl|CH236927.1_cds_EAA58122.1_107 [protein=hypothetical protein] [protein_id=EAA58122.1] [location=complement(join(302359..302643,302704..302754))] [gbkey=CDS]",0.5192307692307693
"lcl|CH236927.1_cds_EAA58123.1_108 [protein=hypothetical protein] [protein_id=EAA58123.1] [location=join(303177..303295,303355..304459)] [gbkey=CDS]",0.47715736040609136
"lcl|CH236927.1_cds_EAA58124.1_109 [protein=hypothetical protein] [protein_id=EAA58124.1] [location=complement(join(304704..305340,305407..305679,305769..305928,305983..306033,306095..306099,306199..306713,306769..307691,308062..308083))] [gbkey=CDS]",0.5029868578255675
"lcl|CH236927.1_cds_EAA58125.1_110 [protein=hypothetical protein] [protein_id=EAA58125.1] [location=join(308616..308758,308815..308933,309043..311063)] [gbkey=CDS]",0.39836289222373805
"lcl|CH236927.1_cds_EAA58126.1_111 [protein=hypothetical protein] [protein_id=EAA58126.1] [location=join(311334..312513,312578..312756)] [gbkey=CDS]",0.43792325056433407
"lcl|CH236927.1_cds_EAA58127.1_112 [protein=hypothetical protein] [protein_id=EAA58127.1] [location=complement(join(313199..314785,314839..315372,315423..316700,316756..317112,317158..319614))] [gbkey=CDS]",0.43316831683168316
"lcl|CH236927.1_cds_EAA58128.1_113 [protein=hypothetical protein] [protein_id=EAA58128.1] [location=join(319845..320055,320111..320733)] [gbkey=CDS]",0.39114391143911437
"lcl|CH236927.1_cds_EAA58129.1_114 [protein=hypothetical protein] [protein_id=EAA58129.1] [location=complement(join(320916..321998,322048..323063,323121..323171,323223..323244))] [gbkey=CDS]",0.3942857142857143
"lcl|CH236927.1_cds_EAA58130.1_115 [protein=hypothetical protein] [protein_id=EAA58130.1] [location=complement(join(323850..324164,324217..324702,324766..325824,325880..325921))] [gbkey=CDS]",0.47603305785123967
"lcl|CH236927.1_cds_EAA58131.1_116 [protein=hypothetical protein] [protein_id=EAA58131.1] [location=join(326217..326497,326563..326648,326706..326870,326918..326994,327059..327634)] [gbkey=CDS]",0.4609375
"lcl|CH236927.1_cds_EAA58132.1_117 [protein=hypothetical protein] [protein_id=EAA58132.1] [location=complement(join(327773..327812,327887..328605,328662..329129,329197..329330,329391..329398,329477..329544,329958..330004,330132..330174))] [gbkey=CDS]",0.36065573770491804
"lcl|CH236927.1_cds_EAA58133.1_118 [protein=hypothetical protein] [protein_id=EAA58133.1] [location=complement(join(330782..331518,331573..331729,331796..331954))] [gbkey=CDS]",0.40869565217391307
"lcl|CH236927.1_cds_EAA58134.1_119 [protein=hypothetical protein] [protein_id=EAA58134.1] [location=join(334070..334409,334463..334850,335266..335357,335441..336627)] [gbkey=CDS]",0.42
"lcl|CH236927.1_cds_EAA58135.1_120 [protein=hypothetical protein] [protein_id=EAA58135.1] [location=join(336926..337166,337242..337721,337770..337927,337981..338026,338079..338457,338530..338643,338845..339427,339483..339731)] [gbkey=CDS]",0.4700139470013947
"lcl|CH236927.1_cds_EAA58136.1_121 [protein=hypothetical protein] [protein_id=EAA58136.1] [location=complement(join(340172..340547,340608..340645))] [gbkey=CDS]",0.4263565891472868
"lcl|CH236927.1_cds_EAA58137.1_122 [protein=hypothetical protein] [protein_id=EAA58137.1] [location=join(341100..341198,341430..342253,342310..343013,343111..343886)] [gbkey=CDS]",0.4072632944228275
lcl|CH236927.1_cds_EAA58138.1_123 [protein=hypothetical protein] [protein_id=EAA58138.1] [location=complement(344531..346393)] [gbkey=CDS],0.43261231281198004
"lcl|CH236927.1_cds_EAA58139.1_124 [protein=hypothetical protein] [protein_id=EAA58139.1] [location=join(347591..347644,347709..347898,347960..348312,348435..348437,348730..348818,348944..348971)] [gbkey=CDS]",0.4801762114537445
"lcl|CH236927.1_cds_EAA58140.1_125 [protein=hypothetical protein] [protein_id=EAA58140.1] [location=join(350486..352450,352596..352612,352658..352827,352873..353002,353051..353855)] [gbkey=CDS]",0.3987792472024415
"lcl|CH236927.1_cds_EAA58141.1_126 [protein=hypothetical protein] [protein_id=EAA58141.1] [location=join(354146..354207,354308..355214)] [gbkey=CDS]",0.4983922829581994
"lcl|CH236927.1_cds_EAA58142.1_127 [protein=hypothetical protein] [protein_id=EAA58142.1] [location=join(355605..356246,356417..356450,356844..356902)] [gbkey=CDS]",0.4978902953586498
"lcl|CH236927.1_cds_EAA58143.1_128 [protein=hypothetical protein] [protein_id=EAA58143.1] [location=join(357461..359291,359339..361305)] [gbkey=CDS]",0.38743882544861336
"lcl|CH236927.1_cds_EAA58144.1_129 [protein=hypothetical protein] [protein_id=EAA58144.1] [location=join(361916..367088,367140..367680,367754..367883)] [gbkey=CDS]",0.3633980073413739
"lcl|CH236927.1_cds_EAA58145.1_130 [protein=hypothetical protein] [protein_id=EAA58145.1] [location=complement(join(368164..368190,368238..368314,368399..369275,369351..369469,369576..369618))] [gbkey=CDS]",0.40384615384615385
lcl|CH236927.1_cds_EAA58146.1_131 [protein=hypothetical protein] [protein_id=EAA58146.1] [location=371378..374860] [gbkey=CDS],0.3968253968253968
"lcl|CH236927.1_cds_EAA58147.1_132 [protein=hypothetical protein] [protein_id=EAA58147.1] [location=complement(join(375579..375967,376007..376325,376387..376649,376700..378068,378124..378279))] [gbkey=CDS]",0.489873417721519
"lcl|CH236927.1_cds_EAA58148.1_133 [protein=hypothetical protein] [protein_id=EAA58148.1] [location=join(379103..379189,379234..379284,379446..379646,379794..380100,380531..380808,380897..381389,381457..381826,381885..381946,382015..382140,382177..382229)] [gbkey=CDS]",0.44290123456790126
"lcl|CH236927.1_cds_EAA58149.1_134 [protein=hypothetical protein] [protein_id=EAA58149.1] [location=complement(join(385060..386193,386253..386285))] [gbkey=CDS]",0.4602739726027397
"lcl|CH236927.1_cds_EAA58150.1_135 [protein=hypothetical protein] [protein_id=EAA58150.1] [location=complement(join(386540..387193,387264..387491,387558..387827))] [gbkey=CDS]",0.5231607629427792
"lcl|CH236927.1_cds_EAA58151.1_136 [protein=hypothetical protein] [protein_id=EAA58151.1] [location=join(388561..388862,388926..389110,389150..389838)] [gbkey=CDS]",0.4304812834224599
"lcl|CH236927.1_cds_EAA58152.1_137 [protein=hypothetical protein] [protein_id=EAA58152.1] [location=join(391271..392695,392743..393048)] [gbkey=CDS]",0.48028673835125446
"lcl|CH236927.1_cds_EAA58153.1_138 [protein=hypothetical protein] [protein_id=EAA58153.1] [location=complement(join(393704..393726,393818..393834,393950..394613,394832..394867,394952..396346,396485..396676,396720..396807))] [gbkey=CDS]",0.4622279129321383
lcl|CH236927.1_cds_EAA58154.1_139 [protein=hypothetical protein] [protein_id=EAA58154.1] [location=complement(399665..402811)] [gbkey=CDS],0.44598612487611494
"lcl|CH236927.1_cds_EAA58155.1_140 [protein=hypothetical protein] [protein_id=EAA58155.1] [location=complement(join(404410..404632,404739..404884,405056..405382,405428..405589))] [gbkey=CDS]",0.44485294117647056
"lcl|CH236927.1_cds_EAA58156.1_141 [protein=hypothetical protein] [protein_id=EAA58156.1] [location=complement(join(406119..407554,407643..407895,407956..408177))] [gbkey=CDS]",0.4573268921095008
"lcl|CH236927.1_cds_EAA58157.1_142 [protein=hypothetical protein] [protein_id=EAA58157.1] [location=join(408441..408728,408791..409354,409405..409620)] [gbkey=CDS]",0.48955223880597015
"lcl|CH236927.1_cds_EAA58158.1_143 [protein=hypothetical protein] [protein_id=EAA58158.1] [location=join(410596..410612,410854..411031,411101..411238,411334..411597,411708..411767)] [gbkey=CDS]",0.6066350710900474
"lcl|CH236927.1_cds_EAA58159.1_144 [protein=hypothetical protein] [protein_id=EAA58159.1] [location=join(412440..412670,412758..412816,412878..413199)] [gbkey=CDS]",0.7989949748743719
"lcl|CH236927.1_cds_EAA58160.1_145 [protein=hypothetical protein] [protein_id=EAA58160.1] [location=join(413617..413625,413704..414099,414162..414248,414306..414335)] [gbkey=CDS]",0.7485029940119761
"lcl|CH236927.1_cds_EAA58161.1_146 [protein=hypothetical protein] [protein_id=EAA58161.1] [location=join(415239..415299,415470..415553,415666..415727)] [gbkey=CDS]",0.7272727272727273
"lcl|CH236927.1_cds_EAA58162.1_147 [protein=hypothetical protein] [protein_id=EAA58162.1] [location=complement(join(416835..417029,417098..417118))] [gbkey=CDS]",0.5882352941176471
"lcl|CH236927.1_cds_EAA58163.1_148 [protein=predicted protein] [protein_id=EAA58163.1] [location=join(417961..418579,418697..419394)] [gbkey=CDS]",0.4611764705882353
"lcl|CH236927.1_cds_EAA58164.1_149 [protein=LAC1_EMENI Laccase precursor (Benzenediol:oxygen oxidoreductase) (Urishiol oxidase) (Laccase I)] [protein_id=EAA58164.1] [location=join(419743..419937,419992..420047,420119..420289,420365..420535,420589..420714,420780..421890)] [gbkey=CDS]",0.4482758620689655
"lcl|CH236927.1_cds_EAA58165.1_150 [protein=hypothetical protein] [protein_id=EAA58165.1] [location=complement(join(422066..423533,423590..423771,423848..424126))] [gbkey=CDS]",0.4782608695652174
"lcl|CH236927.1_cds_EAA58166.1_151 [protein=hypothetical protein] [protein_id=EAA58166.1] [location=complement(join(424441..425972,426239..426738,426794..427481,427532..427984,428058..428142))] [gbkey=CDS]",0.5033112582781457
"lcl|CH236927.1_cds_EAA58167.1_152 [protein=hypothetical protein] [protein_id=EAA58167.1] [location=join(429354..430771,430826..431255)] [gbkey=CDS]",0.43166666666666664
"lcl|CH236927.1_cds_EAA58168.1_153 [protein=hypothetical protein] [protein_id=EAA58168.1] [location=join(431931..432212,432284..433061,433114..433298,433351..433781,433987..434038,434116..434175)] [gbkey=CDS]",0.6603119584055459
"lcl|CH236927.1_cds_EAA58169.1_154 [protein=hypothetical protein] [protein_id=EAA58169.1] [location=complement(join(434549..434772,434847..434980,435041..435849,435909..436001))] [gbkey=CDS]",0.4730392156862745
"lcl|CH236927.1_cds_EAA58170.1_155 [protein=hypothetical protein] [protein_id=EAA58170.1] [location=join(437506..437695,437742..437877,437976..438073,438166..438303,438737..438771,438979..439164)] [gbkey=CDS]",0.35080645161290325
"lcl|CH236927.1_cds_EAA58171.1_156 [protein=hypothetical protein] [protein_id=EAA58171.1] [location=join(442948..443178,443242..443507,443555..445622,445675..446310)] [gbkey=CDS]",0.490547263681592
"lcl|CH236927.1_cds_EAA58172.1_157 [protein=hypothetical protein] [protein_id=EAA58172.1] [location=complement(join(447213..448184,448282..448491))] [gbkey=CDS]",0.5748663101604278
"lcl|CH236927.1_cds_EAA58173.1_158 [protein=hypothetical protein] [protein_id=EAA58173.1] [location=complement(join(449405..449577,449653..450227,450280..451613,451667..451760,451811..451998))] [gbkey=CDS]",0.5052631578947369
"lcl|CH236927.1_cds_EAA58174.1_159 [protein=hypothetical protein] [protein_id=EAA58174.1] [location=join(452707..453475,453525..453685)] [gbkey=CDS]",0.4098360655737705
lcl|CH236927.1_cds_EAA58175.1_160 [protein=predicted protein] [protein_id=EAA58175.1] [location=complement(454200..455132)] [gbkey=CDS],0.43666666666666665
"lcl|CH236927.1_cds_EAA58176.1_161 [protein=hypothetical protein] [protein_id=EAA58176.1] [location=join(455470..456307,456354..456838)] [gbkey=CDS]",0.43427230046948356
"lcl|CH236927.1_cds_EAA58177.1_162 [protein=hypothetical protein] [protein_id=EAA58177.1] [location=complement(join(460497..461117,461321..461437,461582..461767))] [gbkey=CDS]",0.37583892617449666
"lcl|CH236927.1_cds_EAA58178.1_163 [protein=hypothetical protein] [protein_id=EAA58178.1] [location=join(462189..462226,462342..462467,462550..462572,462622..463282,463345..464629)] [gbkey=CDS]",0.4585152838427948
"lcl|CH236927.1_cds_EAA58179.1_164 [protein=hypothetical protein] [protein_id=EAA58179.1] [location=complement(join(464845..465045,465095..466228,466324..466371))] [gbkey=CDS]",0.6599099099099099
"lcl|CH236927.1_cds_EAA58180.1_165 [protein=hypothetical protein] [protein_id=EAA58180.1] [location=join(467470..469499,469556..470122,470182..470914)] [gbkey=CDS]",0.6007428040854225
"lcl|CH236927.1_cds_EAA58181.1_166 [protein=hypothetical protein] [protein_id=EAA58181.1] [location=join(471478..471951,471999..472153,472195..474637)] [gbkey=CDS]",0.5230296827021494
"lcl|CH236927.1_cds_EAA58182.1_167 [protein=MASY_EMENI Malate synthase, glyoxysomal] [protein_id=EAA58182.1] [location=complement(join(474950..475228,475283..475636,475685..475885,475932..476349,476437..476771))] [gbkey=CDS]",0.6944444444444444
"lcl|CH236927.1_cds_EAA58183.1_168 [protein=hypothetical protein] [protein_id=EAA58183.1] [location=complement(join(477834..477864,477915..478604,478652..478704,478753..478991,479046..479469))] [gbkey=CDS]",0.47921225382932164
"lcl|CH236927.1_cds_EAA58184.1_169 [protein=conserved hypothetical protein] [protein_id=EAA58184.1] [location=join(479974..480032,480100..480639,480693..480876,480927..480983)] [gbkey=CDS]",0.5485074626865671
"lcl|CH236927.1_cds_EAA58185.1_170 [protein=hypothetical protein] [protein_id=EAA58185.1] [location=complement(join(481094..481829,481913..482058,482121..482783))] [gbkey=CDS]",0.5255905511811023
"lcl|CH236927.1_cds_EAA58186.1_171 [protein=hypothetical protein] [protein_id=EAA58186.1] [location=join(484192..484277,484330..484534)] [gbkey=CDS]",0.6304347826086957
"lcl|CH236927.1_cds_EAA58187.1_172 [protein=hypothetical protein] [protein_id=EAA58187.1] [location=join(485384..485499,485557..485587,485633..485770,485806..486130,486207..487207)] [gbkey=CDS]",0.5618860510805501
"lcl|CH236927.1_cds_EAA58188.1_173 [protein=hypothetical protein] [protein_id=EAA58188.1] [location=complement(join(490323..490842,490898..491001,491071..491226,491279..491320))] [gbkey=CDS]",0.5617977528089888
lcl|CH236927.1_cds_EAA58189.1_174 [protein=predicted protein] [protein_id=EAA58189.1] [location=complement(493091..493585)] [gbkey=CDS],0.639751552795031
"lcl|CH236927.1_cds_EAA58190.1_175 [protein=hypothetical protein] [protein_id=EAA58190.1] [location=complement(join(496615..496632,496699..496896,497180..497451,497515..497590,497853..497948))] [gbkey=CDS]",0.463768115942029
"lcl|CH236927.1_cds_EAA58191.1_176 [protein=hypothetical protein] [protein_id=EAA58191.1] [location=complement(join(498519..499201,499404..499456,499812..500251,500300..501130,501304..501518,501660..501695,501877..502084,502135..504093))] [gbkey=CDS]",0.5286219081272084
"lcl|CH236927.1_cds_EAA58192.1_177 [protein=hypothetical protein] [protein_id=EAA58192.1] [location=join(504739..504818,504893..505729,505759..506980)] [gbkey=CDS]",0.5058997050147492
"lcl|CH236927.1_cds_EAA58193.1_178 [protein=hypothetical protein] [protein_id=EAA58193.1] [location=join(509261..509479,509536..509862,509927..510733)] [gbkey=CDS]",0.45813953488372094
"lcl|CH236927.1_cds_EAA58194.1_179 [protein=predicted protein] [protein_id=EAA58194.1] [location=join(512889..512895,512955..513077,513130..513256,513379..513445)] [gbkey=CDS]",0.4563106796116505
lcl|CH236927.1_cds_EAA58195.1_180 [protein=predicted protein] [protein_id=EAA58195.1] [location=complement(514327..515088)] [gbkey=CDS],0.5
"lcl|CH236927.1_cds_EAA58196.1_181 [protein=predicted protein] [protein_id=EAA58196.1] [location=complement(join(515579..517518,517609..517699))] [gbkey=CDS]",0.4876923076923077
"lcl|CH236927.1_cds_EAA58197.1_182 [protein=hypothetical protein] [protein_id=EAA58197.1] [location=complement(join(518157..518793,518888..519099,519155..519225,519298..519331))] [gbkey=CDS]",0.46405228758169936
"lcl|CH236927.1_cds_EAA58198.1_183 [protein=hypothetical protein] [protein_id=EAA58198.1] [location=complement(join(519978..520613,520663..520714,520765..521513,521599..521766))] [gbkey=CDS]",0.6858846918489065
"lcl|CH236927.1_cds_EAA58199.1_184 [protein=hypothetical protein] [protein_id=EAA58199.1] [location=complement(join(528061..528219,528261..528602,528644..528853,528943..529269))] [gbkey=CDS]",0.5602409638554217
"lcl|CH236927.1_cds_EAA58200.1_185 [protein=predicted protein] [protein_id=EAA58200.1] [location=join(530559..530846,531040..531186)] [gbkey=CDS]",0.6071428571428571
"lcl|CH236927.1_cds_EAA57615.1_186 [protein=predicted protein] [protein_id=EAA57615.1] [location=complement(join(534899..535206,535283..535403))] [gbkey=CDS]",0.5611510791366906
"lcl|CH236927.1_cds_EAA57616.1_187 [protein=hypothetical protein] [protein_id=EAA57616.1] [location=join(539133..539629,539697..539929,539982..541650,541796..541892)] [gbkey=CDS]",0.4629861982434128
"lcl|CH236927.1_cds_EAA57617.1_188 [protein=predicted protein] [protein_id=EAA57617.1] [location=complement(join(542633..542724,542784..542858,542991..543214,543281..543303))] [gbkey=CDS]",0.4351145038167939
"lcl|CH236927.1_cds_EAA57618.1_189 [protein=hypothetical protein] [protein_id=EAA57618.1] [location=join(543780..546265,546313..547348)] [gbkey=CDS]",0.4105726872246696
"lcl|CH236927.1_cds_EAA57619.1_190 [protein=hypothetical protein] [protein_id=EAA57619.1] [location=join(547972..548011,548075..548174,548241..548587,548638..549074)] [gbkey=CDS]",0.636963696369637
"lcl|CH236927.1_cds_EAA57620.1_191 [protein=hypothetical protein] [protein_id=EAA57620.1] [location=complement(join(550310..550477,550629..550654,550761..550807,550886..551232,551391..551408))] [gbkey=CDS]",0.43523316062176165
"lcl|CH236927.1_cds_EAA57621.1_192 [protein=hypothetical protein] [protein_id=EAA57621.1] [location=join(551850..552358,552427..553885,553958..554332,554553..554579)] [gbkey=CDS]",0.468586387434555
"lcl|CH236927.1_cds_EAA57622.1_193 [protein=hypothetical protein] [protein_id=EAA57622.1] [location=complement(join(554847..555121,555450..555482,555540..555741))] [gbkey=CDS]",0.7333333333333333
"lcl|CH236927.1_cds_EAA57623.1_194 [protein=hypothetical protein] [protein_id=EAA57623.1] [location=join(561243..561318,561375..561458,561512..562821)] [gbkey=CDS]",0.49676025917926564
"lcl|CH236927.1_cds_EAA57624.1_195 [protein=hypothetical protein] [protein_id=EAA57624.1] [location=complement(join(564962..565204,565256..565270,565585..565796,565845..566106,566152..566768,566817..567282,567330..567361,567414..567441))] [gbkey=CDS]",0.46787479406919275
"lcl|CH236927.1_cds_EAA57625.1_196 [protein=hypothetical protein] [protein_id=EAA57625.1] [location=join(567826..567920,567965..568728,568774..569159)] [gbkey=CDS]",0.40601503759398494
"lcl|CH236927.1_cds_EAA57626.1_197 [protein=hypothetical protein] [protein_id=EAA57626.1] [location=complement(join(569871..569911,570229..570580,570641..571212,571293..571671,571724..571891))] [gbkey=CDS]",0.44398340248962653
"lcl|CH236927.1_cds_EAA57627.1_198 [protein=hypothetical protein] [protein_id=EAA57627.1] [location=complement(join(572593..573395,573449..574062,574117..574748))] [gbkey=CDS]",0.3956723338485317
"lcl|CH236927.1_cds_EAA57628.1_199 [protein=hypothetical protein] [protein_id=EAA57628.1] [location=complement(join(576064..576299,576350..578602,578652..579807))] [gbkey=CDS]",0.44107744107744107
"lcl|CH236927.1_cds_EAA57629.1_200 [protein=hypothetical protein] [protein_id=EAA57629.1] [location=join(582102..582355,582412..583309)] [gbkey=CDS]",0.4550408719346049
"lcl|CH236927.1_cds_EAA57630.1_201 [protein=hypothetical protein] [protein_id=EAA57630.1] [location=join(583744..583763,583798..584020,584078..584598,584651..584890,584940..585071,585120..585353,585412..585484,585545..585843,586084..586111)] [gbkey=CDS]",0.5219683655536028
"lcl|CH236927.1_cds_EAA57631.1_202 [protein=hypothetical protein] [protein_id=EAA57631.1] [location=join(588714..588828,588886..589352,589412..590047)] [gbkey=CDS]",0.5820512820512821
"lcl|CH236927.1_cds_EAA57632.1_203 [protein=hypothetical protein] [protein_id=EAA57632.1] [location=join(591204..591271,591330..591347,591529..591752,591813..592345)] [gbkey=CDS]",0.5311355311355311
"lcl|CH236927.1_cds_EAA57633.1_204 [protein=hypothetical protein] [protein_id=EAA57633.1] [location=join(593544..593565,593599..593838,593896..594611)] [gbkey=CDS]",0.3885350318471338
"lcl|CH236927.1_cds_EAA58509.1_205 [protein=hypothetical protein] [protein_id=EAA58509.1] [location=join(595012..595086,595162..595338,595517..595635,595701..595797,595846..596047,596192..596338,596380..596594,596650..596830,596984..597064,597264..597341,597392..597590,597662..597783,597833..597886,597993..598018)] [gbkey=CDS]",0.29391304347826086
"lcl|CH236927.1_cds_EAA58510.1_206 [protein=predicted protein] [protein_id=EAA58510.1] [location=complement(join(598290..598454,598506..598669,598714..598828,599026..599112))] [gbkey=CDS]",0.46511627906976744
lcl|CH236927.1_cds_EAA58511.1_207 [protein=hypothetical protein] [protein_id=EAA58511.1] [location=complement(599942..600163)] [gbkey=CDS],0.7391304347826086
"lcl|CH236927.1_cds_EAA58512.1_208 [protein=hypothetical protein] [protein_id=EAA58512.1] [location=join(602032..604574,604627..604986,605221..605289,605470..605756,605826..606192,606263..606542)] [gbkey=CDS]",0.47322834645669293
"lcl|CH236927.1_cds_EAA58513.1_209 [protein=hypothetical protein] [protein_id=EAA58513.1] [location=complement(join(607763..607863,607941..608406,608451..608720,608768..608925,608973..611345,611522..611590,612515..612553,612754..612790))] [gbkey=CDS]",0.45342706502636204
"lcl|CH236927.1_cds_EAA58514.1_210 [protein=hypothetical protein] [protein_id=EAA58514.1] [location=complement(join(613742..613768,613816..615321))] [gbkey=CDS]",0.4381338742393509
"lcl|CH236927.1_cds_EAA58515.1_211 [protein=hypothetical protein] [protein_id=EAA58515.1] [location=complement(join(616920..616961,617016..617392,617447..618260))] [gbkey=CDS]",0.6608040201005025
"lcl|CH236927.1_cds_EAA58516.1_212 [protein=hypothetical protein] [protein_id=EAA58516.1] [location=join(621843..621911,621970..623109)] [gbkey=CDS]",0.47848101265822784
lcl|CH236927.1_cds_EAA58518.1_214 [protein=hypothetical protein] [protein_id=EAA58518.1] [location=complement(627985..630417)] [gbkey=CDS],0.7052096569250318
"lcl|CH236927.1_cds_EAA58519.1_215 [protein=hypothetical protein] [protein_id=EAA58519.1] [location=complement(join(634186..634282,634336..634406,634455..634754,634829..634844,635057..635076))] [gbkey=CDS]",0.48148148148148145
"lcl|CH236927.1_cds_EAA58520.1_216 [protein=hypothetical protein] [protein_id=EAA58520.1] [location=join(637138..637252,637295..637342,637555..637574,637640..637978,638106..638705,638761..639610,639661..641023,641069..641234,641279..641505,641554..641785)] [gbkey=CDS]",0.43488555643251775
"lcl|CH236927.1_cds_EAA58521.1_217 [protein=hypothetical protein] [protein_id=EAA58521.1] [location=join(643008..643199,643255..643929,643986..644606)] [gbkey=CDS]",0.5168776371308017
"lcl|CH236927.1_cds_EAA58522.1_218 [protein=predicted protein] [protein_id=EAA58522.1] [location=join(645982..646376,646694..646907)] [gbkey=CDS]",0.4090909090909091
"lcl|CH236927.1_cds_EAA58523.1_219 [protein=hypothetical protein] [protein_id=EAA58523.1] [location=join(647427..647520,647674..648161,648214..649677)] [gbkey=CDS]",0.4894894894894895
lcl|CH236927.1_cds_EAA58524.1_220 [protein=hypothetical protein] [protein_id=EAA58524.1] [location=complement(650288..652372)] [gbkey=CDS],0.3929098966026588
"lcl|CH236927.1_cds_EAA58525.1_221 [protein=hypothetical protein] [protein_id=EAA58525.1] [location=join(652629..652683,652767..652912,652967..654697)] [gbkey=CDS]",0.3939393939393939
"lcl|CH236927.1_cds_EAA58526.1_222 [protein=hypothetical protein] [protein_id=EAA58526.1] [location=complement(join(655112..656194,656253..656476,656540..656589,656669..656778))] [gbkey=CDS]",0.5326315789473685
"lcl|CH236927.1_cds_EAA58527.1_223 [protein=hypothetical protein] [protein_id=EAA58527.1] [location=join(657138..658886,658933..659117,659170..661469,661520..661889,661942..662997,663061..663400)] [gbkey=CDS]",0.4491701244813278
"lcl|CH236927.1_cds_EAA58528.1_224 [protein=hypothetical protein] [protein_id=EAA58528.1] [location=complement(join(663660..663810,663861..664180))] [gbkey=CDS]",0.3931034482758621
"lcl|CH236927.1_cds_EAA58529.1_225 [protein=hypothetical protein] [protein_id=EAA58529.1] [location=join(664772..665030,665249..665286,665370..666418,666521..666546,666610..666626)] [gbkey=CDS]",0.43555555555555553
"lcl|CH236927.1_cds_EAA58530.1_226 [protein=hypothetical protein] [protein_id=EAA58530.1] [location=complement(join(673549..673566,673766..674314,674367..674827,674875..675135,675189..675853,675979..676016,676065..676456,676504..676552))] [gbkey=CDS]",0.4878048780487805
"lcl|CH236927.1_cds_EAA58531.1_227 [protein=hypothetical protein] [protein_id=EAA58531.1] [location=join(677818..677895,677951..678214,678275..678727)] [gbkey=CDS]",0.4578313253012048
"lcl|CH236927.1_cds_EAA58532.1_228 [protein=hypothetical protein] [protein_id=EAA58532.1] [location=complement(join(678926..681940,682292..682305,682403..682487))] [gbkey=CDS]",0.45337301587301587
"lcl|CH236927.1_cds_EAA58533.1_229 [protein=hypothetical protein] [protein_id=EAA58533.1] [location=complement(join(683337..684022,684072..685746,685820..686125))] [gbkey=CDS]",0.39482961222091656
lcl|CH236927.1_cds_EAA58534.1_230 [protein=hypothetical protein] [protein_id=EAA58534.1] [location=686726..687850] [gbkey=CDS],0.4157303370786517
"lcl|CH236927.1_cds_EAA58535.1_231 [protein=hypothetical protein] [protein_id=EAA58535.1] [location=join(691113..691178,691276..691393,691457..691755,691806..692399)] [gbkey=CDS]",0.7223796033994334
"lcl|CH236927.1_cds_EAA58536.1_232 [protein=hypothetical protein] [protein_id=EAA58536.1] [location=complement(join(693112..693270,693331..695225,695288..696251))] [gbkey=CDS]",0.5030800821355236
"lcl|CH236927.1_cds_EAA58537.1_233 [protein=predicted protein] [protein_id=EAA58537.1] [location=join(698708..698875,698939..699310,699391..699594)] [gbkey=CDS]",0.4978902953586498
"lcl|CH236927.1_cds_EAA58538.1_234 [protein=hypothetical protein] [protein_id=EAA58538.1] [location=complement(join(700119..700856,700937..702970,703390..703420,703652..704134,704182..704290,704338..706884,707103..707155,707573..708213,708263..708849,708898..708970,709143..709169))] [gbkey=CDS]",0.41803624104509063
lcl|CH236927.1_cds_EAA58539.1_235 [protein=hypothetical protein] [protein_id=EAA58539.1] [location=710203..711828] [gbkey=CDS],0.475
"lcl|CH236927.1_cds_EAA58540.1_236 [protein=hypothetical protein] [protein_id=EAA58540.1] [location=complement(join(712151..712466,712551..713018,713114..713393,713505..713576,713709..713789,714099..714148,714243..714323,714639..715291,715347..715679,715755..715780,715935..716264,716310..716739))] [gbkey=CDS]",0.4543610547667343
"lcl|CH236927.1_cds_EAA58541.1_237 [protein=hypothetical protein] [protein_id=EAA58541.1] [location=join(718168..718469,718561..719275)] [gbkey=CDS]",0.50625
"lcl|CH236927.1_cds_EAA58542.1_238 [protein=predicted protein] [protein_id=EAA58542.1] [location=complement(join(719802..721572,721640..722592))] [gbkey=CDS]",0.5113122171945701
"lcl|CH236927.1_cds_EAA58543.1_239 [protein=hypothetical protein] [protein_id=EAA58543.1] [location=complement(join(723821..723952,724009..724803))] [gbkey=CDS]",0.476027397260274
"lcl|CH236927.1_cds_EAA58544.1_240 [protein=PSA2_NEUCR Probable proteasome subunit alpha type 2] [protein_id=EAA58544.1] [location=join(725193..725236,725288..725307,725356..725406,725461..726063,726122..726240)] [gbkey=CDS]",0.5735294117647058
"lcl|CH236927.1_cds_EAA58545.1_241 [protein=hypothetical protein] [protein_id=EAA58545.1] [location=join(728039..728706,728744..728762)] [gbkey=CDS]",0.419811320754717
"lcl|CH236927.1_cds_EAA58546.1_242 [protein=hypothetical protein] [protein_id=EAA58546.1] [location=complement(join(729173..729349,729397..730016,730063..730115,730162..730369,730417..730459))] [gbkey=CDS]",0.37359550561797755
"lcl|CH236927.1_cds_EAA58547.1_243 [protein=hypothetical protein] [protein_id=EAA58547.1] [location=join(730856..732185,732488..732504)] [gbkey=CDS]",0.4206896551724138
"lcl|CH236927.1_cds_EAA58548.1_244 [protein=UAPC_EMENI PURINE PERMEASE] [protein_id=EAA58548.1] [location=complement(join(732538..734021,734068..734326))] [gbkey=CDS]",0.5062836624775583
"lcl|CH236927.1_cds_EAA58549.1_245 [protein=hypothetical protein] [protein_id=EAA58549.1] [location=join(735682..735919,735972..737101)] [gbkey=CDS]",0.7018779342723005
"lcl|CH236927.1_cds_EAA58550.1_246 [protein=conserved hypothetical protein] [protein_id=EAA58550.1] [location=complement(join(739569..739597,739650..739742,739858..740131,740505..740507))] [gbkey=CDS]",0.6201550387596899
"lcl|CH236927.1_cds_EAA58551.1_247 [protein=hypothetical protein] [protein_id=EAA58551.1] [location=complement(join(740989..743780,743840..744059))] [gbkey=CDS]",0.4293193717277487
"lcl|CH236927.1_cds_EAA58552.1_248 [protein=hypothetical protein] [protein_id=EAA58552.1] [location=complement(join(748323..748411,748464..748994,749043..749238,749314..749468,749516..750796,751186..751447,751540..751671))] [gbkey=CDS]",0.4265402843601896
"lcl|CH236927.1_cds_EAA58553.1_249 [protein=hypothetical protein] [protein_id=EAA58553.1] [location=join(752108..752248,752300..752434)] [gbkey=CDS]",0.47126436781609193
"lcl|CH236927.1_cds_EAA58554.1_250 [protein=hypothetical protein] [protein_id=EAA58554.1] [location=join(753821..753934,753987..754101,754159..754337,754384..754680)] [gbkey=CDS]",0.4955357142857143
"lcl|CH236927.1_cds_EAA58555.1_251 [protein=hypothetical protein] [protein_id=EAA58555.1] [location=complement(join(754926..755331,755405..755547))] [gbkey=CDS]",0.480225988700565
"lcl|CH236927.1_cds_EAA58556.1_252 [protein=hypothetical protein] [protein_id=EAA58556.1] [location=join(755966..756248,756303..758851,758946..759539,759618..760231,760443..760611,760768..760794)] [gbkey=CDS]",0.4606413994169096
"lcl|CH236927.1_cds_EAA58557.1_253 [protein=hypothetical protein] [protein_id=EAA58557.1] [location=complement(join(761287..761399,761486..761820,761885..762567))] [gbkey=CDS]",0.46703296703296704
"lcl|CH236927.1_cds_EAA58558.1_254 [protein=predicted protein] [protein_id=EAA58558.1] [location=join(766267..766342,766543..766737,766944..767052,767121..767285,767315..767322,767398..767444)] [gbkey=CDS]",0.4114583333333333
"lcl|CH236927.1_cds_EAA58559.1_255 [protein=hypothetical protein] [protein_id=EAA58559.1] [location=complement(join(767782..768473,768568..769146,769196..769226))] [gbkey=CDS]",0.4714285714285714
"lcl|CH236927.1_cds_EAA58560.1_256 [protein=hypothetical protein] [protein_id=EAA58560.1] [location=complement(join(772106..773049,773100..773937,773985..774059,774113..774238,774294..774404))] [gbkey=CDS]",0.4784546805349183
"lcl|CH236927.1_cds_EAA58561.1_257 [protein=hypothetical protein] [protein_id=EAA58561.1] [location=join(774733..775527,775578..776473,776692..776782,776921..777520)] [gbkey=CDS]",0.4804177545691906
"lcl|CH236927.1_cds_EAA58562.1_258 [protein=hypothetical protein] [protein_id=EAA58562.1] [location=complement(join(777735..777815,777863..778150))] [gbkey=CDS]",0.452991452991453
"lcl|CH236927.1_cds_EAA58563.1_259 [protein=hypothetical protein] [protein_id=EAA58563.1] [location=join(778529..778936,778983..779611,779685..780135)] [gbkey=CDS]",0.4335378323108384
"lcl|CH236927.1_cds_EAA58564.1_260 [protein=hypothetical protein] [protein_id=EAA58564.1] [location=complement(join(780406..781170,781212..781342,781397..781400))] [gbkey=CDS]",0.5381818181818182
"lcl|CH236927.1_cds_EAA58565.1_261 [protein=hypothetical protein] [protein_id=EAA58565.1] [location=join(782009..782119,782157..782514,782571..783568,783639..783773,783848..783972,784026..785187)] [gbkey=CDS]",0.48116254036598494
"lcl|CH236927.1_cds_EAA58566.1_262 [protein=hypothetical protein] [protein_id=EAA58566.1] [location=join(786051..786506,786577..786894)] [gbkey=CDS]",0.6062992125984252
"lcl|CH236927.1_cds_EAA58567.1_263 [protein=hypothetical protein] [protein_id=EAA58567.1] [location=complement(join(788780..788992,789040..789070,789176..789571,789633..789673,789888..790037))] [gbkey=CDS]",0.5190839694656488
"lcl|CH236927.1_cds_EAA58568.1_264 [protein=hypothetical protein] [protein_id=EAA58568.1] [location=join(790827..790929,790994..791031,791099..792301)] [gbkey=CDS]",0.4431279620853081
"lcl|CH236927.1_cds_EAA58569.1_265 [protein=hypothetical protein] [protein_id=EAA58569.1] [location=complement(join(792638..793509,793587..794070,794136..794555))] [gbkey=CDS]",0.47017543859649125
"lcl|CH236927.1_cds_EAA58570.1_266 [protein=hypothetical protein] [protein_id=EAA58570.1] [location=join(795782..796147,796221..796594,796641..797307,797356..798039)] [gbkey=CDS]",0.5292353823088456
lcl|CH236927.1_cds_EAA58571.1_267 [protein=hypothetical protein] [protein_id=EAA58571.1] [location=798803..800071] [gbkey=CDS],0.6330049261083743
"lcl|CH236927.1_cds_EAA58572.1_268 [protein=hypothetical protein] [protein_id=EAA58572.1] [location=join(802502..802624,802685..802818,802894..803284)] [gbkey=CDS]",0.4077669902912621
"lcl|CH236927.1_cds_EAA58573.1_269 [protein=hypothetical protein] [protein_id=EAA58573.1] [location=complement(join(803664..805200,805276..805315,805352..805383,805416..805629,805696..805804))] [gbkey=CDS]",0.4603960396039604
lcl|CH236927.1_cds_EAA58574.1_270 [protein=hypothetical protein] [protein_id=EAA58574.1] [location=complement(807324..807857)] [gbkey=CDS],0.5705882352941176
"lcl|CH236927.1_cds_EAA58575.1_271 [protein=hypothetical protein] [protein_id=EAA58575.1] [location=complement(join(808237..808374,808426..809371,809417..809477,809530..809559,809610..809700,809759..809880,810020..810209,810333..810611))] [gbkey=CDS]",0.445578231292517
"lcl|CH236927.1_cds_EAA58576.1_272 [protein=hypothetical protein] [protein_id=EAA58576.1] [location=complement(join(811630..811971,812012..812079,812131..812138,812192..812338,812401..812564,812639..812667,812800..812924,812977..814649))] [gbkey=CDS]",0.4221411192214112
"lcl|CH236927.1_cds_EAA58577.1_273 [protein=hypothetical protein] [protein_id=EAA58577.1] [location=join(815331..815395,815559..815999,816049..816237,816293..816437,816538..816565,816605..817053,817137..817217)] [gbkey=CDS]",0.42376681614349776
lcl|CH236927.1_cds_EAA58578.1_274 [protein=hypothetical protein] [protein_id=EAA58578.1] [location=complement(817380..818084)] [gbkey=CDS],0.48672566371681414
"lcl|CH236927.1_cds_EAA58579.1_275 [protein=hypothetical protein] [protein_id=EAA58579.1] [location=complement(join(818801..818845,818923..819893,819959..820154))] [gbkey=CDS]",0.5182291666666666
"lcl|CH236927.1_cds_EAA58580.1_276 [protein=hypothetical protein] [protein_id=EAA58580.1] [location=join(820429..820568,820624..821296,821415..821465,821534..821720,821781..821955,822217..822691)] [gbkey=CDS]",0.49264705882352944
"lcl|CH236927.1_cds_EAA58581.1_277 [protein=hypothetical protein] [protein_id=EAA58581.1] [location=complement(join(824313..824447,824498..824793,825031..825422,825485..825897))] [gbkey=CDS]",0.4151898734177215
"lcl|CH236927.1_cds_EAA58582.1_278 [protein=hypothetical protein] [protein_id=EAA58582.1] [location=complement(join(828812..828900,828934..830338))] [gbkey=CDS]",0.4886128364389234
"lcl|CH236927.1_cds_EAA58583.1_279 [protein=hypothetical protein] [protein_id=EAA58583.1] [location=complement(join(831219..831387,831448..831583,831643..831907,831967..832310,832353..832750,832850..833625))] [gbkey=CDS]",0.42750373692077726
"lcl|CH236927.1_cds_EAA58584.1_280 [protein=hypothetical protein] [protein_id=EAA58584.1] [location=join(833923..834277,834337..835721)] [gbkey=CDS]",0.3836589698046181
"lcl|CH236927.1_cds_EAA58585.1_281 [protein=hypothetical protein] [protein_id=EAA58585.1] [location=complement(join(835859..835970,836030..836382,836445..836714))] [gbkey=CDS]",0.5108225108225108
"lcl|CH236927.1_cds_EAA58586.1_282 [protein=hypothetical protein] [protein_id=EAA58586.1] [location=join(837876..839005,839060..839702,839750..839967,840049..840200,840328..840405,840489..840520)] [gbkey=CDS]",0.4383561643835616
"lcl|CH236927.1_cds_EAA58587.1_283 [protein=hypothetical protein] [protein_id=EAA58587.1] [location=complement(join(840883..841068,841117..841545,841595..841902,841955..842093))] [gbkey=CDS]",0.46407185628742514
"lcl|CH236927.1_cds_EAA58588.1_284 [protein=hypothetical protein] [protein_id=EAA58588.1] [location=join(843814..844073,844146..844173,844226..844464,844516..844802,844845..844880,845002..845639,845707..845795,845849..846071,846126..846326)] [gbkey=CDS]",0.4230769230769231
"lcl|CH236927.1_cds_EAA58589.1_285 [protein=hypothetical protein] [protein_id=EAA58589.1] [location=complement(join(846870..846885,847009..847033,847423..847875,847976..848279,848332..848447,848509..848823,848887..848971,849039..849257))] [gbkey=CDS]",0.4651639344262295
lcl|CH236927.1_cds_EAA58590.1_286 [protein=hypothetical protein] [protein_id=EAA58590.1] [location=850507..851625] [gbkey=CDS],0.5512465373961218
lcl|CH236927.1_cds_EAA58591.1_287 [protein=hypothetical protein] [protein_id=EAA58591.1] [location=complement(852521..853867)] [gbkey=CDS],0.4513888888888889
"lcl|CH236927.1_cds_EAA58592.1_288 [protein=hypothetical protein] [protein_id=EAA58592.1] [location=complement(join(854444..855514,855791..855838))] [gbkey=CDS]",0.4475920679886686
"lcl|CH236927.1_cds_EAA58593.1_289 [protein=hypothetical protein] [protein_id=EAA58593.1] [location=complement(join(858904..859578,859632..859777,859833..859941))] [gbkey=CDS]",0.4560810810810811
"lcl|CH236927.1_cds_EAA58594.1_290 [protein=hypothetical protein] [protein_id=EAA58594.1] [location=join(861404..861966,862166..862184,862450..862452)] [gbkey=CDS]",0.5585106382978723
"lcl|CH236927.1_cds_EAA58595.1_291 [protein=predicted protein] [protein_id=EAA58595.1] [location=complement(join(865295..866237,866290..866638,866712..866958))] [gbkey=CDS]",0.47540983606557374
"lcl|CH236927.1_cds_EAA58596.1_292 [protein=hypothetical protein] [protein_id=EAA58596.1] [location=complement(join(869228..869351,869402..869863,869915..870132,870187..870332,870373..870514,870570..870698,870871..871086))] [gbkey=CDS]",0.5231788079470199
"lcl|CH236927.1_cds_EAA58597.1_293 [protein=hypothetical protein] [protein_id=EAA58597.1] [location=join(873321..873608,873682..876855,876924..878006)] [gbkey=CDS]",0.4621160409556314
"lcl|CH236927.1_cds_EAA58598.1_294 [protein=hypothetical protein] [protein_id=EAA58598.1] [location=join(878871..878969,879022..879088,879143..879465)] [gbkey=CDS]",0.46357615894039733
"lcl|CH236927.1_cds_EAA58599.1_295 [protein=hypothetical protein] [protein_id=EAA58599.1] [location=join(880667..880709,880887..881009,881133..881319,881382..881486,881660..881828)] [gbkey=CDS]",0.505
"lcl|CH236927.1_cds_EAA58600.1_296 [protein=hypothetical protein] [protein_id=EAA58600.1] [location=complement(join(883777..884906,884965..885250))] [gbkey=CDS]",0.4563758389261745
"lcl|CH236927.1_cds_EAA58601.1_297 [protein=hypothetical protein] [protein_id=EAA58601.1] [location=join(886762..886985,887034..887553,887602..888323,888473..888497)] [gbkey=CDS]",0.4734607218683652
"lcl|CH236927.1_cds_EAA58602.1_298 [protein=hypothetical protein] [protein_id=EAA58602.1] [location=complement(join(889008..890138,890191..890400))] [gbkey=CDS]",0.5409836065573771
"lcl|CH236927.1_cds_EAA58603.1_299 [protein=hypothetical protein] [protein_id=EAA58603.1] [location=join(892186..893056,893249..893790)] [gbkey=CDS]",0.5088105726872246
"lcl|CH236927.1_cds_EAA58604.1_300 [protein=hypothetical protein] [protein_id=EAA58604.1] [location=complement(join(896905..897536,897612..897664,897912..897970))] [gbkey=CDS]",0.5271966527196653
"lcl|CH236927.1_cds_EAA58605.1_301 [protein=hypothetical protein] [protein_id=EAA58605.1] [location=join(900679..901851,901924..901949,902001..902085,902137..902476,902617..902706,902737..902783)] [gbkey=CDS]",0.5488454706927176
"lcl|CH236927.1_cds_EAA58606.1_302 [protein=hypothetical protein] [protein_id=EAA58606.1] [location=complement(join(904212..904236,904307..904319,904401..904455,904508..904627,904676..905299,905369..905864,905917..906521))] [gbkey=CDS]",0.45806451612903226
lcl|CH236927.1_cds_EAA58607.1_303 [protein=hypothetical protein] [protein_id=EAA58607.1] [location=907536..908591] [gbkey=CDS],0.42729970326409494
"lcl|CH236927.1_cds_EAA58608.1_304 [protein=hypothetical protein] [protein_id=EAA58608.1] [location=complement(join(911189..911880,911933..912198,912258..913034,913084..913178))] [gbkey=CDS]",0.40625
"lcl|CH236927.1_cds_EAA58609.1_305 [protein=hypothetical protein] [protein_id=EAA58609.1] [location=join(914979..915314,915366..915423,915474..915757,915834..922862)] [gbkey=CDS]",0.4399028733306354
"lcl|CH236927.1_cds_EAA58610.1_306 [protein=hypothetical protein] [protein_id=EAA58610.1] [location=complement(join(923002..923063,923119..924230,924292..924341))] [gbkey=CDS]",0.4722222222222222
lcl|CH236927.1_cds_EAA58611.1_307 [protein=hypothetical protein] [protein_id=EAA58611.1] [location=924939..926066] [gbkey=CDS],0.39335180055401664
"lcl|CH236927.1_cds_EAA58612.1_308 [protein=predicted protein] [protein_id=EAA58612.1] [location=complement(join(930000..930097,930149..930236,930285..930373,930424..930553,930598..930663,930816..930824))] [gbkey=CDS]",0.4810126582278481
lcl|CH236927.1_cds_EAA58613.1_309 [protein=hypothetical protein] [protein_id=EAA58613.1] [location=931874..932440] [gbkey=CDS],0.5483870967741935
"lcl|CH236927.1_cds_EAA58614.1_310 [protein=hypothetical protein] [protein_id=EAA58614.1] [location=complement(join(932712..933103,933167..933444,933489..933559))] [gbkey=CDS]",0.5063291139240507
"lcl|CH236927.1_cds_EAA58615.1_311 [protein=predicted protein] [protein_id=EAA58615.1] [location=join(935623..935772,935832..935992,936035..936044)] [gbkey=CDS]",0.54
"lcl|CH236927.1_cds_EAA58616.1_312 [protein=hypothetical protein] [protein_id=EAA58616.1] [location=complement(join(936384..936814,936870..937416,937492..937873,938053..938312))] [gbkey=CDS]",0.4786821705426357
"lcl|CH236927.1_cds_EAA58617.1_313 [protein=hypothetical protein] [protein_id=EAA58617.1] [location=complement(join(939140..940110,940295..940346,940382..940414,940500..940581,940777..940888,941042..941548,941616..942042))] [gbkey=CDS]",0.43142857142857144
"lcl|CH236927.1_cds_EAA58618.1_314 [protein=hypothetical protein] [protein_id=EAA58618.1] [location=complement(join(942476..942562,942744..943515,943577..944391,944784..945782))] [gbkey=CDS]",0.45654692931633833
"lcl|CH236927.1_cds_EAA58619.1_315 [protein=predicted protein] [protein_id=EAA58619.1] [location=join(946450..946913,946968..947217)] [gbkey=CDS]",0.527027027027027
"lcl|CH236927.1_cds_EAA58201.1_316 [protein=hypothetical protein] [protein_id=EAA58201.1] [location=complement(join(952038..953059,953518..953594,953858..953978,954018..954099))] [gbkey=CDS]",0.39568345323741005
"lcl|CH236927.1_cds_EAA58202.1_317 [protein=hypothetical protein] [protein_id=EAA58202.1] [location=join(955223..955853,955980..957554,957846..957956,958200..958255)] [gbkey=CDS]",0.4187582562747688
"lcl|CH236927.1_cds_EAA58203.1_318 [protein=hypothetical protein] [protein_id=EAA58203.1] [location=complement(join(958830..958993,959044..959136,959200..959259,959314..959447,959508..959605,959655..959812,959878..960258,960305..960561,960621..960997,961052..961189))] [gbkey=CDS]",0.597623089983022
"lcl|CH236927.1_cds_EAA58204.1_319 [protein=hypothetical protein] [protein_id=EAA58204.1] [location=complement(join(970417..970863,970921..971583,971644..972183))] [gbkey=CDS]",0.5761078998073218
"lcl|CH236927.1_cds_EAA58205.1_320 [protein=predicted protein] [protein_id=EAA58205.1] [location=join(973722..973777,974024..975029)] [gbkey=CDS]",0.46449704142011833
"lcl|CH236927.1_cds_EAA58206.1_321 [protein=hypothetical protein] [protein_id=EAA58206.1] [location=join(976472..977933,978048..978071,978629..979411,980155..980164,980471..980519,980680..981110,981158..981347)] [gbkey=CDS]",0.5561385099685204
"lcl|CH236927.1_cds_EAA58207.1_322 [protein=hypothetical protein] [protein_id=EAA58207.1] [location=complement(join(982431..982577,982627..982742,982804..982966,983039..983400,983457..983649))] [gbkey=CDS]",0.6417445482866043
"lcl|CH236927.1_cds_EAA58208.1_323 [protein=hypothetical protein] [protein_id=EAA58208.1] [location=complement(join(984354..984755,984857..985273,985353..985500,985553..985689))] [gbkey=CDS]",0.4702549575070821
"lcl|CH236927.1_cds_EAA58209.1_324 [protein=hypothetical protein] [protein_id=EAA58209.1] [location=join(986570..986839,987015..987446,987485..987859,987986..988140,988200..988465,988524..988587,988663..989061,989292..990132)] [gbkey=CDS]",0.5229050279329609
"lcl|CH236927.1_cds_EAA58210.1_325 [protein=hypothetical protein] [protein_id=EAA58210.1] [location=join(991516..991955,992017..992416)] [gbkey=CDS]",0.5458015267175572
"lcl|CH236927.1_cds_EAA58211.1_326 [protein=hypothetical protein] [protein_id=EAA58211.1] [location=join(993240..994159,994368..994506)] [gbkey=CDS]",0.47941176470588237
"lcl|CH236927.1_cds_EAA58212.1_327 [protein=hypothetical protein] [protein_id=EAA58212.1] [location=join(996650..996825,996891..996933,997072..997159,997211..997421,997564..997635,997785..997922,997984..998071)] [gbkey=CDS]",0.48091603053435117
lcl|CH236927.1_cds_EAA58213.1_328 [protein=hypothetical protein] [protein_id=EAA58213.1] [location=complement(998426..999394)] [gbkey=CDS],0.41118421052631576
lcl|CH236927.1_cds_EAA58214.1_329 [protein=hypothetical protein] [protein_id=EAA58214.1] [location=complement(1000606..1001952)] [gbkey=CDS],0.5034802784222738
"lcl|CH236927.1_cds_EAA58215.1_330 [protein=predicted protein] [protein_id=EAA58215.1] [location=complement(join(1003600..1003941,1003987..1005426))] [gbkey=CDS]",0.4631578947368421
"lcl|CH236927.1_cds_EAA58216.1_331 [protein=hypothetical protein] [protein_id=EAA58216.1] [location=join(1005683..1006501,1006550..1006792)] [gbkey=CDS]",0.4836795252225519
lcl|CH236927.1_cds_EAA58217.1_332 [protein=hypothetical protein] [protein_id=EAA58217.1] [location=1007089..1007904] [gbkey=CDS],0.49019607843137253
"lcl|CH236927.1_cds_EAA58218.1_333 [protein=hypothetical protein] [protein_id=EAA58218.1] [location=join(1008323..1008656,1008710..1009158,1009214..1009321)] [gbkey=CDS]",0.5087108013937283
"lcl|CH236927.1_cds_EAA58219.1_334 [protein=hypothetical protein] [protein_id=EAA58219.1] [location=join(1010416..1010497,1010597..1013456,1013515..1014211)] [gbkey=CDS]",0.49786142001710865
"lcl|CH236927.1_cds_EAA58220.1_335 [protein=hypothetical protein] [protein_id=EAA58220.1] [location=join(1016700..1017238,1017289..1017792,1017899..1017906,1018093..1018133)] [gbkey=CDS]",0.5393586005830904
"lcl|CH236927.1_cds_EAA58221.1_336 [protein=predicted protein] [protein_id=EAA58221.1] [location=complement(join(1018234..1018777,1018843..1019093,1019419..1019559,1019658..1019777))] [gbkey=CDS]",0.37388724035608306
lcl|CH236927.1_cds_EAA58222.1_337 [protein=hypothetical protein] [protein_id=EAA58222.1] [location=complement(1020123..1021217)] [gbkey=CDS],0.43440233236151604
"lcl|CH236927.1_cds_EAA58223.1_338 [protein=hypothetical protein] [protein_id=EAA58223.1] [location=join(1028246..1028359,1028474..1028548,1028603..1029626,1029681..1030114)] [gbkey=CDS]",0.4896421845574388
"lcl|CH236927.1_cds_EAA58224.1_339 [protein=hypothetical protein] [protein_id=EAA58224.1] [location=join(1032157..1032392,1032502..1032991)] [gbkey=CDS]",0.45652173913043476
"lcl|CH236927.1_cds_EAA58225.1_340 [protein=hypothetical protein] [protein_id=EAA58225.1] [location=complement(join(1033151..1033225,1033606..1034850))] [gbkey=CDS]",0.4219114219114219
"lcl|CH236927.1_cds_EAA58226.1_341 [protein=hypothetical protein] [protein_id=EAA58226.1] [location=join(1035357..1035651,1035716..1035789)] [gbkey=CDS]",0.4369747899159664
"lcl|CH236927.1_cds_EAA58227.1_342 [protein=hypothetical protein] [protein_id=EAA58227.1] [location=complement(join(1036294..1037594,1037648..1039758,1039935..1040011))] [gbkey=CDS]",0.43071491615180935
"lcl|CH236927.1_cds_EAA58228.1_343 [protein=hypothetical protein] [protein_id=EAA58228.1] [location=complement(join(1043586..1044336,1044390..1045094,1045139..1045815))] [gbkey=CDS]",0.5072886297376094
"lcl|CH236927.1_cds_EAA58229.1_344 [protein=hypothetical protein] [protein_id=EAA58229.1] [location=complement(join(1047215..1047777,1047816..1047932,1048002..1048441,1048527..1048774))] [gbkey=CDS]",0.43648960739030024
"lcl|CH236927.1_cds_EAA58230.1_345 [protein=hypothetical protein] [protein_id=EAA58230.1] [location=complement(join(1050783..1050884,1050952..1051596,1051658..1052464,1052540..1052596))] [gbkey=CDS]",0.562624254473161
"lcl|CH236927.1_cds_EAA58231.1_346 [protein=hypothetical protein] [protein_id=EAA58231.1] [location=complement(join(1053096..1053123,1053418..1053440,1053543..1053553,1053783..1054557,1054624..1055659,1055717..1055958))] [gbkey=CDS]",0.48059701492537316
"lcl|CH236927.1_cds_EAA58232.1_347 [protein=predicted protein] [protein_id=EAA58232.1] [location=join(1061044..1061228,1061261..1061422,1061454..1061635,1061696..1061796)] [gbkey=CDS]",0.62
"lcl|CH236927.1_cds_EAA58233.1_348 [protein=hypothetical protein] [protein_id=EAA58233.1] [location=complement(join(1062758..1063653,1063724..1063972,1064065..1064587))] [gbkey=CDS]",0.49521988527724664
"lcl|CH236927.1_cds_EAA58234.1_349 [protein=hypothetical protein] [protein_id=EAA58234.1] [location=complement(join(1066313..1067003,1067059..1067255,1067312..1069675))] [gbkey=CDS]",0.47449470644850816
"lcl|CH236927.1_cds_EAA58235.1_350 [protein=hypothetical protein] [protein_id=EAA58235.1] [location=complement(join(1071369..1071506,1071579..1072002,1072076..1072248))] [gbkey=CDS]",0.4117647058823529
"lcl|CH236927.1_cds_EAA58236.1_351 [protein=hypothetical protein] [protein_id=EAA58236.1] [location=complement(join(1074477..1075355,1075407..1075447,1075494..1076079))] [gbkey=CDS]",0.43478260869565216
"lcl|CH236927.1_cds_EAA58237.1_352 [protein=TBB2_EMENI TUBULIN BETA-2 CHAIN] [protein_id=EAA58237.1] [location=join(1077718..1077729,1077781..1077804,1077865..1077890,1077941..1077982,1078032..1078877,1078965..1079364)] [gbkey=CDS]",0.5165876777251185
"lcl|CH236927.1_cds_EAA58238.1_353 [protein=predicted protein] [protein_id=EAA58238.1] [location=join(1079853..1080638,1081023..1081109)] [gbkey=CDS]",0.42857142857142855
"lcl|CH236927.1_cds_EAA58239.1_354 [protein=hypothetical protein] [protein_id=EAA58239.1] [location=join(1082063..1082334,1082766..1082951,1083174..1083564,1083641..1083807,1083858..1083919,1083964..1083969,1084335..1084415,1084687..1084774,1084837..1084908,1084965..1085211,1085246..1085374,1085425..1085703)] [gbkey=CDS]",0.4385692068429238
"lcl|CH236927.1_cds_EAA58240.1_355 [protein=hypothetical protein] [protein_id=EAA58240.1] [location=join(1086454..1086825,1086891..1087067)] [gbkey=CDS]",0.4069767441860465
"lcl|CH236927.1_cds_EAA58241.1_356 [protein=hypothetical protein] [protein_id=EAA58241.1] [location=complement(join(1087197..1087921,1087971..1088502))] [gbkey=CDS]",0.5369458128078818
lcl|CH236927.1_cds_EAA58242.1_357 [protein=hypothetical protein] [protein_id=EAA58242.1] [location=1089031..1089633] [gbkey=CDS],0.5282051282051282
"lcl|CH236927.1_cds_EAA58243.1_358 [protein=hypothetical protein] [protein_id=EAA58243.1] [location=join(1090167..1090217,1090265..1090432,1090486..1091712)] [gbkey=CDS]",0.5692640692640693
"lcl|CH236927.1_cds_EAA58244.1_359 [protein=hypothetical protein] [protein_id=EAA58244.1] [location=join(1091976..1092255,1092311..1092474,1092526..1092565,1092622..1092782,1092832..1093362,1093412..1093651)] [gbkey=CDS]",0.3622222222222222
"lcl|CH236927.1_cds_EAA58245.1_360 [protein=hypothetical protein] [protein_id=EAA58245.1] [location=join(1093825..1093830,1093882..1095921)] [gbkey=CDS]",0.4337899543378995
"lcl|CH236927.1_cds_EAA58246.1_361 [protein=hypothetical protein] [protein_id=EAA58246.1] [location=complement(join(1096000..1097689,1097750..1097933,1097966..1098131,1098185..1098199))] [gbkey=CDS]",0.49691358024691357
"lcl|CH236927.1_cds_EAA58247.1_362 [protein=hypothetical protein] [protein_id=EAA58247.1] [location=join(1098567..1098732,1098803..1100328)] [gbkey=CDS]",0.4632352941176471
lcl|CH236927.1_cds_EAA58248.1_363 [protein=hypothetical protein] [protein_id=EAA58248.1] [location=complement(1100704..1101612)] [gbkey=CDS],0.5272108843537415
"lcl|CH236927.1_cds_EAA58249.1_364 [protein=hypothetical protein] [protein_id=EAA58249.1] [location=complement(join(1102670..1103493,1103922..1105086))] [gbkey=CDS]",0.4230171073094868
"lcl|CH236927.1_cds_EAA58250.1_365 [protein=hypothetical protein] [protein_id=EAA58250.1] [location=complement(join(1105748..1106271,1106328..1106477,1106549..1106672,1106907..1107304,1107458..1107501,1107898..1107995,1108045..1108052,1108176..1108218,1108296..1108385,1108639..1108917))] [gbkey=CDS]",0.4630281690140845
"lcl|CH236927.1_cds_EAA58251.1_366 [protein=predicted protein] [protein_id=EAA58251.1] [location=complement(join(1112122..1112423,1112474..1112499,1112629..1112849))] [gbkey=CDS]",0.5423728813559322
"lcl|CH236927.1_cds_EAA58252.1_367 [protein=hypothetical protein] [protein_id=EAA58252.1] [location=complement(join(1113648..1113997,1114049..1114943))] [gbkey=CDS]",0.4900497512437811
"lcl|CH236927.1_cds_EAA58253.1_368 [protein=hypothetical protein] [protein_id=EAA58253.1] [location=join(1115306..1115308,1115373..1115825)] [gbkey=CDS]",0.4246575342465753
"lcl|CH236927.1_cds_EAA58254.1_369 [protein=hypothetical protein] [protein_id=EAA58254.1] [location=complement(join(1115982..1116155,1116206..1117499,1117563..1117709,1117772..1118177,1118284..1118290,1118641..1119330))] [gbkey=CDS]",0.4098173515981735
"lcl|CH236927.1_cds_EAA58255.1_370 [protein=hypothetical protein] [protein_id=EAA58255.1] [location=join(1120387..1120528,1120603..1120724,1120791..1120889)] [gbkey=CDS]",0.6302521008403361
lcl|CH236927.1_cds_EAA58256.1_371 [protein=hypothetical protein] [protein_id=EAA58256.1] [location=complement(1121100..1122572)] [gbkey=CDS],0.4252136752136752
"lcl|CH236927.1_cds_EAA58257.1_372 [protein=hypothetical protein] [protein_id=EAA58257.1] [location=join(1123652..1123721,1123958..1124864,1124895..1125810)] [gbkey=CDS]",0.41956882255389716
lcl|CH236927.1_cds_EAA58258.1_373 [protein=hypothetical protein] [protein_id=EAA58258.1] [location=1130654..1131847] [gbkey=CDS],0.5514511873350924
"lcl|CH236927.1_cds_EAA58259.1_374 [protein=hypothetical protein] [protein_id=EAA58259.1] [location=complement(join(1132310..1132362,1132436..1132450,1132574..1132604))] [gbkey=CDS]",0.45161290322580644
"lcl|CH236927.1_cds_EAA58260.1_375 [protein=hypothetical protein] [protein_id=EAA58260.1] [location=join(1134795..1134972,1135047..1135585,1135802..1135855)] [gbkey=CDS]",0.4669421487603306
lcl|CH236927.1_cds_EAA58261.1_376 [protein=hypothetical protein] [protein_id=EAA58261.1] [location=1136232..1136534] [gbkey=CDS],0.4787234042553192
"lcl|CH236927.1_cds_EAA58262.1_377 [protein=hypothetical protein] [protein_id=EAA58262.1] [location=join(1137357..1137714,1137767..1139421)] [gbkey=CDS]",0.42725880551301687
"lcl|CH236927.1_cds_EAA58263.1_378 [protein=hypothetical protein] [protein_id=EAA58263.1] [location=join(1139824..1140450,1140500..1141492)] [gbkey=CDS]",0.4867924528301887
"lcl|CH236927.1_cds_EAA58264.1_379 [protein=hypothetical protein] [protein_id=EAA58264.1] [location=join(1142033..1142347,1142410..1142967)] [gbkey=CDS]",0.5142857142857142
"lcl|CH236927.1_cds_EAA58265.1_380 [protein=hypothetical protein] [protein_id=EAA58265.1] [location=complement(join(1143086..1143163,1143214..1143868,1143982..1144052))] [gbkey=CDS]",0.4961832061068702
"lcl|CH236927.1_cds_EAA58266.1_381 [protein=hypothetical protein] [protein_id=EAA58266.1] [location=join(1145313..1145321,1145688..1146291,1146337..1146549,1146595..1147382,1147430..1147705)] [gbkey=CDS]",0.4335548172757475
lcl|CH236927.1_cds_EAA58267.1_382 [protein=hypothetical protein] [protein_id=EAA58267.1] [location=1148678..1150504] [gbkey=CDS],0.4562607204116638
"lcl|CH236927.1_cds_EAA58268.1_383 [protein=hypothetical protein] [protein_id=EAA58268.1] [location=complement(join(1151334..1151886,1151957..1152319,1152423..1152610,1152674..1152808))] [gbkey=CDS]",0.527363184079602
"lcl|CH236927.1_cds_EAA58269.1_384 [protein=hypothetical protein] [protein_id=EAA58269.1] [location=complement(join(1153813..1154723,1154781..1155393))] [gbkey=CDS]",0.5195876288659794
"lcl|CH236927.1_cds_EAA58270.1_385 [protein=hypothetical protein] [protein_id=EAA58270.1] [location=join(1156409..1156682,1156877..1156996,1157063..1157152,1157224..1158000,1158073..1158440)] [gbkey=CDS]",0.4377431906614786
"lcl|CH236927.1_cds_EAA58271.1_386 [protein=predicted protein] [protein_id=EAA58271.1] [location=complement(join(1160271..1160606,1160658..1160927))] [gbkey=CDS]",0.5494505494505495
"lcl|CH236927.1_cds_EAA58272.1_387 [protein=predicted protein] [protein_id=EAA58272.1] [location=complement(join(1162427..1162477,1162657..1163222,1163289..1163619))] [gbkey=CDS]",0.44299674267100975
"lcl|CH236927.1_cds_EAA58273.1_388 [protein=hypothetical protein] [protein_id=EAA58273.1] [location=complement(join(1164091..1164707,1164775..1165594))] [gbkey=CDS]",0.4146868250539957
"lcl|CH236927.1_cds_EAA58274.1_389 [protein=hypothetical protein] [protein_id=EAA58274.1] [location=complement(join(1166338..1166877,1166924..1170871,1170916..1171088,1171136..1171577))] [gbkey=CDS]",0.5186522262334536
"lcl|CH236927.1_cds_EAA58275.1_390 [protein=hypothetical protein] [protein_id=EAA58275.1] [location=join(1177190..1177261,1177356..1178098,1178325..1178815,1179005..1179015)] [gbkey=CDS]",0.4507042253521127
"lcl|CH236927.1_cds_EAA58276.1_391 [protein=predicted protein] [protein_id=EAA58276.1] [location=complement(join(1179357..1179808,1179863..1180067,1180122..1180328))] [gbkey=CDS]",0.37681159420289856
"lcl|CH236927.1_cds_EAA58277.1_392 [protein=hypothetical protein] [protein_id=EAA58277.1] [location=join(1180861..1182723,1182945..1182961,1183093..1183147,1183308..1183394)] [gbkey=CDS]",0.47480916030534354
"lcl|CH236927.1_cds_EAA58278.1_393 [protein=hypothetical protein] [protein_id=EAA58278.1] [location=complement(join(1184273..1185221,1185283..1185554))] [gbkey=CDS]",0.41581632653061223
"lcl|CH236927.1_cds_EAA58279.1_394 [protein=hypothetical protein] [protein_id=EAA58279.1] [location=complement(join(1186485..1188429,1188480..1190608))] [gbkey=CDS]",0.41516516516516516
"lcl|CH236927.1_cds_EAA58280.1_395 [protein=hypothetical protein] [protein_id=EAA58280.1] [location=complement(join(1196182..1196489,1196556..1196820))] [gbkey=CDS]",0.46195652173913043
"lcl|CH236927.1_cds_EAA58281.1_396 [protein=hypothetical protein] [protein_id=EAA58281.1] [location=complement(join(1197426..1197444,1197481..1197506,1197754..1198235,1198287..1198764))] [gbkey=CDS]",0.521875
"lcl|CH236927.1_cds_EAA58282.1_397 [protein=hypothetical protein] [protein_id=EAA58282.1] [location=join(1199333..1199461,1199581..1199582,1199624..1199809,1199874..1200145,1200240..1200852,1200908..1201103)] [gbkey=CDS]",0.5133928571428571
"lcl|CH236927.1_cds_EAA58283.1_398 [protein=hypothetical protein] [protein_id=EAA58283.1] [location=join(1202048..1202529,1202762..1203486,1203533..1204260)] [gbkey=CDS]",0.37891268533772654
"lcl|CH236927.1_cds_EAA58284.1_399 [protein=hypothetical protein] [protein_id=EAA58284.1] [location=join(1205133..1205832,1205897..1206132)] [gbkey=CDS]",0.37623762376237624
"lcl|CH236927.1_cds_EAA58285.1_400 [protein=hypothetical protein] [protein_id=EAA58285.1] [location=join(1207057..1207165,1207249..1209422)] [gbkey=CDS]",0.37534246575342467
"lcl|CH236927.1_cds_EAA58286.1_401 [protein=predicted protein] [protein_id=EAA58286.1] [location=join(1209951..1210061,1210143..1212269)] [gbkey=CDS]",0.4117647058823529
"lcl|CH236927.1_cds_EAA58287.1_402 [protein=conserved hypothetical protein] [protein_id=EAA58287.1] [location=complement(join(1213293..1213630,1213687..1213911,1213961..1214238,1214294..1214613))] [gbkey=CDS]",0.5626666666666666
"lcl|CH236927.1_cds_EAA58288.1_403 [protein=hypothetical protein] [protein_id=EAA58288.1] [location=complement(join(1217041..1217856,1217909..1218195,1218245..1218292,1218339..1219330,1219379..1220225,1220302..1220452))] [gbkey=CDS]",0.45084409136047665
"lcl|CH236927.1_cds_EAA58289.1_404 [protein=hypothetical protein] [protein_id=EAA58289.1] [location=complement(join(1221101..1222879,1222945..1223025))] [gbkey=CDS]",0.373134328358209
"lcl|CH236927.1_cds_EAA58290.1_405 [protein=hypothetical protein] [protein_id=EAA58290.1] [location=join(1223414..1223704,1223768..1224550)] [gbkey=CDS]",0.5478260869565217
"lcl|CH236927.1_cds_EAA58291.1_406 [protein=hypothetical protein] [protein_id=EAA58291.1] [location=complement(join(1225307..1225735,1225792..1227063))] [gbkey=CDS]",0.41007194244604317
"lcl|CH236927.1_cds_EAA58292.1_407 [protein=hypothetical protein] [protein_id=EAA58292.1] [location=join(1228965..1229079,1229162..1230895,1230954..1231201)] [gbkey=CDS]",0.40995607613469986
"lcl|CH236927.1_cds_EAA58293.1_408 [protein=hypothetical protein] [protein_id=EAA58293.1] [location=join(1231563..1231572,1231625..1231641,1231711..1232915,1232975..1233485)] [gbkey=CDS]",0.450530035335689
"lcl|CH236927.1_cds_EAA58294.1_409 [protein=hypothetical protein] [protein_id=EAA58294.1] [location=complement(join(1235153..1235993,1236041..1236459,1236764..1237489))] [gbkey=CDS]",0.4140625
"lcl|CH236927.1_cds_EAA58295.1_410 [protein=hypothetical protein] [protein_id=EAA58295.1] [location=join(1238001..1238029,1238061..1238142,1238205..1238481,1238525..1239156,1239204..1239403,1239501..1239607,1239654..1240717)] [gbkey=CDS]",0.4036222509702458
"lcl|CH236927.1_cds_EAA58296.1_411 [protein=hypothetical protein] [protein_id=EAA58296.1] [location=complement(join(1242073..1242434,1242485..1244574,1244636..1244991))] [gbkey=CDS]",0.46153846153846156
"lcl|CH236927.1_cds_EAA58297.1_412 [protein=hypothetical protein] [protein_id=EAA58297.1] [location=join(1245255..1245260,1245315..1245515,1245642..1245662,1245718..1246176)] [gbkey=CDS]",0.4252336448598131
lcl|CH236927.1_cds_EAA58298.1_413 [protein=hypothetical protein] [protein_id=EAA58298.1] [location=1247937..1249646] [gbkey=CDS],0.4296160877513711
"lcl|CH236927.1_cds_EAA58299.1_414 [protein=TPIS_EMENI TRIOSEPHOSPHATE ISOMERASE (TIM)] [protein_id=EAA58299.1] [location=join(1250124..1250161,1250283..1250562,1250618..1250692,1250790..1250902,1250965..1251179,1251240..1251268)] [gbkey=CDS]",0.6954732510288066
"lcl|CH236927.1_cds_EAA58300.1_415 [protein=hypothetical protein] [protein_id=EAA58300.1] [location=complement(join(1251557..1252513,1252580..1252809,1252865..1252961))] [gbkey=CDS]",0.4116222760290557
"lcl|CH236927.1_cds_EAA58301.1_416 [protein=hypothetical protein] [protein_id=EAA58301.1] [location=join(1253315..1253508,1253582..1254128)] [gbkey=CDS]",0.5481171548117155
"lcl|CH236927.1_cds_EAA58302.1_417 [protein=hypothetical protein] [protein_id=EAA58302.1] [location=complement(join(1254953..1255587,1255634..1255730,1255782..1255909,1255968..1256229))] [gbkey=CDS]",0.5027173913043478
"lcl|CH236927.1_cds_EAA58303.1_418 [protein=hypothetical protein] [protein_id=EAA58303.1] [location=join(1256512..1256550,1256612..1256694,1256757..1257048)] [gbkey=CDS]",0.5413533834586466
"lcl|CH236927.1_cds_EAA58304.1_419 [protein=hypothetical protein] [protein_id=EAA58304.1] [location=complement(join(1257552..1257554,1257641..1258414,1258515..1258559))] [gbkey=CDS]",0.3371212121212121
"lcl|CH236927.1_cds_EAA58305.1_420 [protein=hypothetical protein] [protein_id=EAA58305.1] [location=complement(join(1259076..1259539,1259621..1260084,1260148..1260589,1260641..1260685,1260740..1260752))] [gbkey=CDS]",0.44612068965517243
"lcl|CH236927.1_cds_EAA58306.1_421 [protein=hypothetical protein] [protein_id=EAA58306.1] [location=join(1261160..1261190,1261242..1261633,1261868..1262128,1262219..1262239,1262301..1263226,1263276..1264776)] [gbkey=CDS]",0.4175715695952616
"lcl|CH236927.1_cds_EAA57591.1_422 [protein=hypothetical protein] [protein_id=EAA57591.1] [location=join(1270329..1270951,1271002..1271098,1271246..1271743)] [gbkey=CDS]",0.398989898989899
"lcl|CH236927.1_cds_EAA57592.1_423 [protein=hypothetical protein] [protein_id=EAA57592.1] [location=join(1272888..1272954,1273017..1273147,1273208..1274182)] [gbkey=CDS]",0.4959349593495935
"lcl|CH236927.1_cds_EAA57593.1_424 [protein=hypothetical protein] [protein_id=EAA57593.1] [location=complement(join(1274549..1274700,1274867..1275077,1275127..1275309,1275357..1275503))] [gbkey=CDS]",0.43805309734513276
"lcl|CH236927.1_cds_EAA57594.1_425 [protein=hypothetical protein] [protein_id=EAA57594.1] [location=join(1275734..1275878,1275925..1276031,1276081..1276209,1276258..1276751,1276797..1276891,1276940..1278210,1278289..1278372)] [gbkey=CDS]",0.38533333333333336
"lcl|CH236927.1_cds_EAA57595.1_426 [protein=hypothetical protein] [protein_id=EAA57595.1] [location=complement(join(1278538..1278729,1278782..1279074,1279126..1279141))] [gbkey=CDS]",0.4409937888198758
"lcl|CH236927.1_cds_EAA57596.1_427 [protein=hypothetical protein] [protein_id=EAA57596.1] [location=join(1279363..1280245,1280312..1281321)] [gbkey=CDS]",0.4240924092409241
"lcl|CH236927.1_cds_EAA57597.1_428 [protein=hypothetical protein] [protein_id=EAA57597.1] [location=complement(join(1281631..1282269,1282344..1282346))] [gbkey=CDS]",0.3932038834951456
"lcl|CH236927.1_cds_EAA57598.1_429 [protein=hypothetical protein] [protein_id=EAA57598.1] [location=join(1282766..1282801,1282852..1282866,1282917..1283138,1283187..1284671)] [gbkey=CDS]",0.4868651488616462
"lcl|CH236927.1_cds_EAA57599.1_430 [protein=predicted protein] [protein_id=EAA57599.1] [location=complement(join(1287557..1287669,1287721..1287928,1288140..1288262,1288429..1288438,1288497..1288507,1288620,1289194..1289217,1289288..1289506,1289540..1289614,1290274..1290365))] [gbkey=CDS]",0.4731182795698925
"lcl|CH236927.1_cds_EAA57672.1_431 [protein=predicted protein] [protein_id=EAA57672.1] [location=join(1296472..1296835,1296886..1297418)] [gbkey=CDS]",0.5
"lcl|CH236927.1_cds_EAA57673.1_432 [protein=hypothetical protein] [protein_id=EAA57673.1] [location=join(1297787..1298124,1298173..1298331,1298379..1298449,1298512..1298687)] [gbkey=CDS]",0.5495867768595041
"lcl|CH236927.1_cds_EAA57674.1_433 [protein=hypothetical protein] [protein_id=EAA57674.1] [location=complement(join(1299878..1300334,1300419..1300552,1300800..1300841,1301374..1301641,1301690..1301760,1301814..1301978,1302875..1302904,1302955..1303164))] [gbkey=CDS]",0.5146067415730337
"lcl|CH236927.1_cds_EAA57675.1_434 [protein=hypothetical protein] [protein_id=EAA57675.1] [location=complement(join(1303888..1304526,1304580..1304627))] [gbkey=CDS]",0.4681818181818182
"lcl|CH236927.1_cds_EAA57676.1_435 [protein=hypothetical protein] [protein_id=EAA57676.1] [location=join(1305232..1305262,1305431..1305756,1305818..1305991,1306052..1306153)] [gbkey=CDS]",0.5882352941176471
"lcl|CH236927.1_cds_EAA57677.1_436 [protein=hypothetical protein] [protein_id=EAA57677.1] [location=join(1307097..1307153,1307215..1307232,1307303..1307844,1307896..1308301)] [gbkey=CDS]",0.5674846625766872
"lcl|CH236927.1_cds_EAA57678.1_437 [protein=hypothetical protein] [protein_id=EAA57678.1] [location=join(1309825..1309879,1309925..1309963,1310011..1310072,1310123..1310250,1310295..1310871,1310920..1311405,1311473..1311721)] [gbkey=CDS]",0.5987903225806451
"lcl|CH236927.1_cds_EAA57679.1_438 [protein=hypothetical protein] [protein_id=EAA57679.1] [location=join(1314331..1314468,1314521..1314563,1314631..1314802,1314865..1315001,1315127..1315851)] [gbkey=CDS]",0.5295629820051414
"lcl|CH236927.1_cds_EAA57680.1_439 [protein=hypothetical protein] [protein_id=EAA57680.1] [location=complement(join(1318127..1318794,1318842..1319027,1319064..1319299,1319344..1319753,1320222..1320572,1320622..1321766,1322338..1324228,1324284..1324772,1325051..1325515,1325571..1325677,1325734..1326096,1326151..1326572,1326631..1326764))] [gbkey=CDS]",0.481498401096391
"lcl|CH236927.1_cds_EAA57681.1_440 [protein=predicted protein] [protein_id=EAA57681.1] [location=join(1327328..1327502,1327581..1327665,1327789..1327844,1328088..1328203,1328464..1328641,1328983..1329019,1329259..1329348,1329413..1329509)] [gbkey=CDS]",0.46616541353383456
"lcl|CH236927.1_cds_EAA57682.1_441 [protein=hypothetical protein] [protein_id=EAA57682.1] [location=complement(join(1330022..1330341,1330389..1330686))] [gbkey=CDS]",0.4228855721393035
"lcl|CH236927.1_cds_EAA57683.1_442 [protein=hypothetical protein] [protein_id=EAA57683.1] [location=complement(join(1332440..1332576,1332665..1333292,1333338..1333419,1333479..1334112,1334164..1334218))] [gbkey=CDS]",0.44742268041237115
"lcl|CH236927.1_cds_EAA57684.1_443 [protein=hypothetical protein] [protein_id=EAA57684.1] [location=join(1335597..1335660,1335845..1336011,1336273..1336763,1337251..1337605,1337878..1338471)] [gbkey=CDS]",0.45627376425855515
"lcl|CH236927.1_cds_EAA57685.1_444 [protein=hypothetical protein] [protein_id=EAA57685.1] [location=join(1340809..1341106,1341184..1341530,1341585..1342037,1342097..1342342)] [gbkey=CDS]",0.44954128440366975
"lcl|CH236927.1_cds_EAA57686.1_445 [protein=hypothetical protein] [protein_id=EAA57686.1] [location=complement(join(1342497..1343108,1343165..1343626))] [gbkey=CDS]",0.49554896142433236
"lcl|CH236927.1_cds_EAA57687.1_446 [protein=UAPA_EMENI URIC ACID-XANTHINE PERMEASE (UAPA TRANSPORTER)] [protein_id=EAA57687.1] [location=join(1345782..1345784,1345832..1346322,1346383..1346929,1346994..1347625,1347684..1347810)] [gbkey=CDS]",0.519163763066202
"lcl|CH236927.1_cds_EAA57688.1_447 [protein=hypothetical protein] [protein_id=EAA57688.1] [location=complement(join(1348057..1348394,1348454..1348821,1348883..1349155,1349196..1349464,1349522..1350019))] [gbkey=CDS]",0.5123674911660777
"lcl|CH236927.1_cds_EAA57689.1_448 [protein=hypothetical protein] [protein_id=EAA57689.1] [location=complement(join(1350365..1350524,1350579..1351046,1351083..1351542,1351605..1351890,1351984..1352009,1352072..1352255))] [gbkey=CDS]",0.4930139720558882
"lcl|CH236927.1_cds_EAA57690.1_449 [protein=hypothetical protein] [protein_id=EAA57690.1] [location=join(1352686..1352728,1353185..1353399,1353472..1353625,1353695..1353924)] [gbkey=CDS]",0.48058252427184467
lcl|CH236927.1_cds_EAA57691.1_450 [protein=hypothetical protein] [protein_id=EAA57691.1] [location=complement(1354545..1355195)] [gbkey=CDS],0.4375
"lcl|CH236927.1_cds_EAA57692.1_451 [protein=hypothetical protein] [protein_id=EAA57692.1] [location=join(1356608..1357018,1357075..1357200,1357246..1357777,1358580..1358728,1359926..1360073,1360126..1360187,1360236..1360315,1360446..1360513,1360843..1360946,1360996..1361118,1361273..1361320)] [gbkey=CDS]",0.445364238410596
"lcl|CH236927.1_cds_EAA57693.1_452 [protein=hypothetical protein] [protein_id=EAA57693.1] [location=join(1364027..1364790,1364839..1364932,1365074..1365368,1365436..1365650,1365789..1365816,1366294..1366785,1366869..1367221)] [gbkey=CDS]",0.47619047619047616
"lcl|CH236927.1_cds_EAA57694.1_453 [protein=hypothetical protein] [protein_id=EAA57694.1] [location=join(1367519..1367554,1367610..1367830,1367885..1368050,1368106..1368178,1368901..1369497,1369554..1369984)] [gbkey=CDS]",0.5121951219512195
"lcl|CH236927.1_cds_EAA57695.1_454 [protein=hypothetical protein] [protein_id=EAA57695.1] [location=complement(join(1370146..1370172,1370414..1370494,1370527..1370581,1370622..1371197,1371291..1371796))] [gbkey=CDS]",0.4332493702770781
lcl|CH236927.1_cds_EAA57696.1_455 [protein=predicted protein] [protein_id=EAA57696.1] [location=complement(1372879..1374096)] [gbkey=CDS],0.4789473684210526
"lcl|CH236927.1_cds_EAA57697.1_456 [protein=hypothetical protein] [protein_id=EAA57697.1] [location=complement(join(1377306..1377770,1377851..1377980,1378031..1378349,1378421..1378526,1378579..1378986,1379021..1379146))] [gbkey=CDS]",0.5071868583162218
"lcl|CH236927.1_cds_EAA57698.1_457 [protein=hypothetical protein] [protein_id=EAA57698.1] [location=join(1380053..1381031,1381100..1381137)] [gbkey=CDS]",0.48338368580060426
"lcl|CH236927.1_cds_EAA57699.1_458 [protein=predicted protein] [protein_id=EAA57699.1] [location=join(1381761..1382411,1382515..1383213)] [gbkey=CDS]",0.4423963133640553
"lcl|CH236927.1_cds_EAA57700.1_459 [protein=hypothetical protein] [protein_id=EAA57700.1] [location=complement(join(1383524..1384292,1384349..1384472,1384525..1384663,1384741..1385013))] [gbkey=CDS]",0.5227817745803357
"lcl|CH236927.1_cds_EAA57701.1_460 [protein=hypothetical protein] [protein_id=EAA57701.1] [location=join(1385615..1385776,1385831..1386227,1386581..1386611,1386661..1387024)] [gbkey=CDS]",0.5066666666666667
"lcl|CH236927.1_cds_EAA57702.1_461 [protein=predicted protein] [protein_id=EAA57702.1] [location=join(1387339..1387415,1387756..1388461)] [gbkey=CDS]",0.43089430894308944
"lcl|CH236927.1_cds_EAA57703.1_462 [protein=hypothetical protein] [protein_id=EAA57703.1] [location=join(1390609..1391411,1391467..1391767)] [gbkey=CDS]",0.5404624277456648
"lcl|CH236927.1_cds_EAA57704.1_463 [protein=hypothetical protein] [protein_id=EAA57704.1] [location=join(1394336..1394467,1394521..1394801,1394855..1395201,1395364..1395884,1396141..1396232,1396285..1396402,1396592..1396782,1396829..1396988)] [gbkey=CDS]",0.4631217838765009
"lcl|CH236927.1_cds_EAA57705.1_464 [protein=hypothetical protein] [protein_id=EAA57705.1] [location=complement(join(1397225..1397289,1397455..1397700,1397766..1398840))] [gbkey=CDS]",0.4439461883408072
"lcl|CH236927.1_cds_EAA57706.1_465 [protein=predicted protein] [protein_id=EAA57706.1] [location=complement(join(1400109..1400209,1400287..1400414,1400474..1400638,1400744..1400940))] [gbkey=CDS]",0.4603174603174603
"lcl|CH236927.1_cds_EAA57707.1_466 [protein=hypothetical protein] [protein_id=EAA57707.1] [location=join(1404564..1404861,1404982..1405105,1405191..1405675,1405741..1406053,1406371..1406383,1406568..1406592,1406629..1406793,1406874..1406935)] [gbkey=CDS]",0.4652631578947368
"lcl|CH236927.1_cds_EAA57708.1_467 [protein=hypothetical protein] [protein_id=EAA57708.1] [location=complement(join(1407149..1407387,1407457..1407582,1407652..1408597))] [gbkey=CDS]",0.4075829383886256
lcl|CH236927.1_cds_EAA57709.1_468 [protein=predicted protein] [protein_id=EAA57709.1] [location=complement(1409986..1410486)] [gbkey=CDS],0.5403726708074534
"lcl|CH236927.1_cds_EAA57710.1_469 [protein=hypothetical protein] [protein_id=EAA57710.1] [location=join(1414229..1414551,1414807..1414904,1414978..1416137)] [gbkey=CDS]",0.386317907444668
lcl|CH236927.1_cds_EAA57711.1_470 [protein=hypothetical protein] [protein_id=EAA57711.1] [location=1416810..1417724] [gbkey=CDS],0.35738831615120276
"lcl|CH236927.1_cds_EAA57712.1_471 [protein=predicted protein] [protein_id=EAA57712.1] [location=complement(join(1419730..1419849,1420212..1420649))] [gbkey=CDS]",0.5166666666666667
"lcl|CH236927.1_cds_EAA57600.1_472 [protein=predicted protein] [protein_id=EAA57600.1] [location=join(1427844..1428098,1428178..1428228,1428350..1428422,1428506..1428744)] [gbkey=CDS]",0.4090909090909091
"lcl|CH236927.1_cds_EAA57601.1_473 [protein=hypothetical protein] [protein_id=EAA57601.1] [location=join(1430858..1430983,1431051..1431119,1431167..1431319,1431497..1431568,1432007..1432234,1432290..1432515,1432572..1432885,1432943..1433104,1433145..1433260,1433443..1433545,1433640..1433664,1433756..1433841,1433958..1434119,1434455..1435258,1435329..1436381)] [gbkey=CDS]",0.45054945054945056
"lcl|CH236927.1_cds_EAA57602.1_474 [protein=hypothetical protein] [protein_id=EAA57602.1] [location=complement(join(1438272..1438858,1438945..1439044,1439097..1439228,1439277..1439582,1439642..1439880,1439938..1440592,1440715..1441921,1442074..1443706,1443798..1443933,1443984..1444625))] [gbkey=CDS]",0.39622641509433965
lcl|CH236927.1_cds_EAA57603.1_475 [protein=hypothetical protein] [protein_id=EAA57603.1] [location=complement(1447845..1448384)] [gbkey=CDS],0.47674418604651164
"lcl|CH236927.1_cds_EAA57604.1_476 [protein=hypothetical protein] [protein_id=EAA57604.1] [location=complement(join(1450567..1451018,1451120..1451299,1451534..1451585))] [gbkey=CDS]",0.41037735849056606
"lcl|CH236927.1_cds_EAA57605.1_477 [protein=hypothetical protein] [protein_id=EAA57605.1] [location=join(1453036..1453252,1453327..1454136,1454199..1454335)] [gbkey=CDS]",0.478494623655914
lcl|CH236927.1_cds_EAA57606.1_478 [protein=predicted protein] [protein_id=EAA57606.1] [location=complement(1456110..1456763)] [gbkey=CDS],0.3942307692307692
"lcl|CH236927.1_cds_EAA57607.1_479 [protein=hypothetical protein] [protein_id=EAA57607.1] [location=complement(join(1457966..1457980,1458172..1458452,1458504..1459002))] [gbkey=CDS]",0.4980237154150198
lcl|CH236927.1_cds_EAA57608.1_480 [protein=hypothetical protein] [protein_id=EAA57608.1] [location=complement(1459751..1460821)] [gbkey=CDS],0.40588235294117647
"lcl|CH236927.1_cds_EAA57609.1_481 [protein=hypothetical protein] [protein_id=EAA57609.1] [location=complement(join(1461787..1461816,1461929..1462051))] [gbkey=CDS]",0.4375
"lcl|CH236927.1_cds_EAA57610.1_482 [protein=hypothetical protein] [protein_id=EAA57610.1] [location=complement(join(1462283..1463295,1463577..1464405,1464440..1464584,1464667..1464778,1464965..1465019,1465098..1465112))] [gbkey=CDS]",0.43857142857142856
lcl|CH236927.1_cds_EAA57611.1_483 [protein=hypothetical protein] [protein_id=EAA57611.1] [location=1465349..1466221] [gbkey=CDS],0.5145985401459854
"lcl|CH236927.1_cds_EAA57612.1_484 [protein=predicted protein] [protein_id=EAA57612.1] [location=complement(join(1473441..1473548,1473706..1473743,1473793..1473814,1473865..1474050))] [gbkey=CDS]",0.35185185185185186
"lcl|CH236927.1_cds_EAA57613.1_485 [protein=predicted protein] [protein_id=EAA57613.1] [location=join(1474834..1475034,1475074..1475156,1475281..1475336,1475576..1475934)] [gbkey=CDS]",0.591743119266055
"lcl|CH236927.1_cds_EAA57614.1_486 [protein=hypothetical protein] [protein_id=EAA57614.1] [location=complement(join(1479259..1479926,1479963..1480641))] [gbkey=CDS]",0.6145124716553289
